time,eur_per_mwh_es,eur_per_mwh_pt
2025-06-01T00:00:00,60.0,60.0
2025-06-01T01:00:00,36.07,36.07
2025-06-01T02:00:00,35.01,35.01
2025-06-01T03:00:00,34.95,34.95
2025-06-01T04:00:00,34.43,34.43
2025-06-01T05:00:00,35.0,35.0
2025-06-01T06:00:00,35.01,35.01
2025-06-01T07:00:00,32.22,32.22
2025-06-01T08:00:00,2.4,2.4
2025-06-01T09:00:00,18.43,-0.01
2025-06-01T10:00:00,15.01,-0.6
2025-06-01T11:00:00,7.0,-2.11
2025-06-01T12:00:00,6.55,-5.48
2025-06-01T13:00:00,6.55,-6.0
2025-06-01T14:00:00,5.99,-6.0
2025-06-01T15:00:00,5.79,-6.01
2025-06-01T16:00:00,5.76,-6.0
2025-06-01T17:00:00,5.99,-0.62
2025-06-01T18:00:00,6.55,2.94
2025-06-01T19:00:00,22.82,22.82
2025-06-01T20:00:00,35.01,35.01
2025-06-01T21:00:00,40.55,40.55
2025-06-01T22:00:00,53.96,53.96
2025-06-01T23:00:00,40.41,40.41
2025-06-02T00:00:00,30.24,30.24
2025-06-02T01:00:00,27.25,27.25
2025-06-02T02:00:00,26.66,26.66
2025-06-02T03:00:00,19.1,19.1
2025-06-02T04:00:00,20.01,20.01
2025-06-02T05:00:00,18.89,18.89
2025-06-02T06:00:00,35.01,35.01
2025-06-02T07:00:00,45.59,45.59
2025-06-02T08:00:00,52.96,52.96
2025-06-02T09:00:00,42.66,40.01
2025-06-02T10:00:00,25.01,17.55
2025-06-02T11:00:00,18.89,2.95
2025-06-02T12:00:00,18.68,0.85
2025-06-02T13:00:00,15.01,0.46
2025-06-02T14:00:00,7.0,0.0
2025-06-02T15:00:00,15.01,0.0
2025-06-02T16:00:00,6.55,0.0
2025-06-02T17:00:00,6.55,1.72
2025-06-02T18:00:00,14.9,14.9
2025-06-02T19:00:00,40.3,40.3
2025-06-02T20:00:00,88.05,88.05
2025-06-02T21:00:00,100.0,100.0
2025-06-02T22:00:00,98.21,98.21
2025-06-02T23:00:00,66.5,66.5
2025-06-03T00:00:00,80.0,80.0
2025-06-03T01:00:00,69.76,69.76
2025-06-03T02:00:00,69.76,69.76
2025-06-03T03:00:00,69.76,69.76
2025-06-03T04:00:00,69.76,69.76
2025-06-03T05:00:00,80.95,80.95
2025-06-03T06:00:00,95.94,95.94
2025-06-03T07:00:00,107.61,107.61
2025-06-03T08:00:00,82.0,82.0
2025-06-03T09:00:00,52.0,52.0
2025-06-03T10:00:00,31.45,31.45
2025-06-03T11:00:00,17.78,5.0
2025-06-03T12:00:00,15.4,1.03
2025-06-03T13:00:00,6.55,0.0
2025-06-03T14:00:00,5.99,0.0
2025-06-03T15:00:00,5.99,0.0
2025-06-03T16:00:00,5.79,0.0
2025-06-03T17:00:00,5.79,3.17
2025-06-03T18:00:00,17.71,17.71
2025-06-03T19:00:00,38.57,38.57
2025-06-03T20:00:00,53.1,53.1
2025-06-03T21:00:00,108.27,108.27
2025-06-03T22:00:00,108.78,108.78
2025-06-03T23:00:00,96.05,96.05
2025-06-04T00:00:00,89.6,89.6
2025-06-04T01:00:00,80.71,80.71
2025-06-04T02:00:00,75.14,75.14
2025-06-04T03:00:00,75.0,75.0
2025-06-04T04:00:00,74.52,74.52
2025-06-04T05:00:00,82.13,82.13
2025-06-04T06:00:00,98.22,98.22
2025-06-04T07:00:00,105.0,105.0
2025-06-04T08:00:00,78.1,78.1
2025-06-04T09:00:00,59.85,48.37
2025-06-04T10:00:00,53.6,32.35
2025-06-04T11:00:00,35.1,4.83
2025-06-04T12:00:00,34.68,3.6
2025-06-04T13:00:00,28.0,3.52
2025-06-04T14:00:00,15.01,1.72
2025-06-04T15:00:00,26.35,0.09
2025-06-04T16:00:00,11.45,0.0
2025-06-04T17:00:00,18.99,6.2
2025-06-04T18:00:00,28.04,28.04
2025-06-04T19:00:00,60.0,60.0
2025-06-04T20:00:00,108.38,108.38
2025-06-04T21:00:00,127.01,127.01
2025-06-04T22:00:00,123.46,123.46
2025-06-04T23:00:00,99.38,99.38
2025-06-05T00:00:00,110.73,110.73
2025-06-05T01:00:00,96.0,96.0
2025-06-05T02:00:00,94.25,94.25
2025-06-05T03:00:00,92.28,92.28
2025-06-05T04:00:00,92.28,92.28
2025-06-05T05:00:00,93.86,93.86
2025-06-05T06:00:00,101.27,101.27
2025-06-05T07:00:00,111.24,111.24
2025-06-05T08:00:00,82.13,82.13
2025-06-05T09:00:00,39.1,17.01
2025-06-05T10:00:00,34.68,0.0
2025-06-05T11:00:00,29.34,0.0
2025-06-05T12:00:00,25.15,-0.01
2025-06-05T13:00:00,25.15,-0.01
2025-06-05T14:00:00,5.79,-0.01
2025-06-05T15:00:00,5.79,-0.01
2025-06-05T16:00:00,5.0,-0.01
2025-06-05T17:00:00,5.79,0.0
2025-06-05T18:00:00,25.15,3.17
2025-06-05T19:00:00,52.85,33.94
2025-06-05T20:00:00,99.77,99.77
2025-06-05T21:00:00,140.34,140.34
2025-06-05T22:00:00,142.03,142.03
2025-06-05T23:00:00,118.24,118.24
2025-06-06T00:00:00,130.05,130.05
2025-06-06T01:00:00,127.93,127.93
2025-06-06T02:00:00,118.24,118.24
2025-06-06T03:00:00,112.75,112.75
2025-06-06T04:00:00,112.24,112.24
2025-06-06T05:00:00,113.77,113.77
2025-06-06T06:00:00,123.26,123.26
2025-06-06T07:00:00,126.83,126.83
2025-06-06T08:00:00,123.26,123.26
2025-06-06T09:00:00,57.03,57.03
2025-06-06T10:00:00,16.98,7.26
2025-06-06T11:00:00,15.73,1.72
2025-06-06T12:00:00,5.79,0.66
2025-06-06T13:00:00,5.76,0.0
2025-06-06T14:00:00,4.31,0.0
2025-06-06T15:00:00,4.31,0.0
2025-06-06T16:00:00,4.31,0.0
2025-06-06T17:00:00,4.31,1.2
2025-06-06T18:00:00,14.34,14.34
2025-06-06T19:00:00,44.69,44.69
2025-06-06T20:00:00,105.0,105.0
2025-06-06T21:00:00,135.01,135.01
2025-06-06T22:00:00,140.34,140.34
2025-06-06T23:00:00,121.35,121.35
2025-06-07T00:00:00,112.84,112.84
2025-06-07T01:00:00,103.77,103.77
2025-06-07T02:00:00,101.57,101.57
2025-06-07T03:00:00,100.59,100.59
2025-06-07T04:00:00,100.59,100.59
2025-06-07T05:00:00,101.57,101.57
2025-06-07T06:00:00,104.0,104.0
2025-06-07T07:00:00,93.8,93.8
2025-06-07T08:00:00,22.2,22.2
2025-06-07T09:00:00,14.89,0.7
2025-06-07T10:00:00,2.5,0.0
2025-06-07T11:00:00,1.51,-0.01
2025-06-07T12:00:00,1.5,-0.5
2025-06-07T13:00:00,1.5,-0.5
2025-06-07T14:00:00,0.05,-0.6
2025-06-07T15:00:00,0.0,-1.21
2025-06-07T16:00:00,-1.01,-1.21
2025-06-07T17:00:00,-0.6,-0.6
2025-06-07T18:00:00,0.0,0.0
2025-06-07T19:00:00,4.31,3.52
2025-06-07T20:00:00,45.0,45.0
2025-06-07T21:00:00,110.2,110.2
2025-06-07T22:00:00,104.0,104.0
2025-06-07T23:00:00,90.0,90.0
2025-06-08T00:00:00,79.47,79.47
2025-06-08T01:00:00,78.49,78.49
2025-06-08T02:00:00,79.0,79.0
2025-06-08T03:00:00,65.0,65.0
2025-06-08T04:00:00,65.0,65.0
2025-06-08T05:00:00,65.0,65.0
2025-06-08T06:00:00,64.36,64.36
2025-06-08T07:00:00,22.02,22.02
2025-06-08T08:00:00,0.83,0.83
2025-06-08T09:00:00,2.39,-0.5
2025-06-08T10:00:00,1.93,-2.0
2025-06-08T11:00:00,1.93,-2.5
2025-06-08T12:00:00,1.93,-2.5
2025-06-08T13:00:00,2.18,-2.5
2025-06-08T14:00:00,1.93,-2.1
2025-06-08T15:00:00,1.51,-3.0
2025-06-08T16:00:00,0.99,-2.8
2025-06-08T17:00:00,1.5,-2.1
2025-06-08T18:00:00,2.18,0.0
2025-06-08T19:00:00,12.3,4.9
2025-06-08T20:00:00,86.78,86.78
2025-06-08T21:00:00,108.78,108.78
2025-06-08T22:00:00,109.29,109.29
2025-06-08T23:00:00,98.8,98.8
2025-06-09T00:00:00,90.6,90.6
2025-06-09T01:00:00,77.94,77.94
2025-06-09T02:00:00,77.94,77.94
2025-06-09T03:00:00,80.0,80.0
2025-06-09T04:00:00,82.86,82.86
2025-06-09T05:00:00,87.35,87.35
2025-06-09T06:00:00,102.25,102.25
2025-06-09T07:00:00,107.06,107.06
2025-06-09T08:00:00,85.01,85.01
2025-06-09T09:00:00,20.1,20.1
2025-06-09T10:00:00,12.6,7.19
2025-06-09T11:00:00,12.18,3.17
2025-06-09T12:00:00,11.93,1.72
2025-06-09T13:00:00,11.93,1.72
2025-06-09T14:00:00,5.79,2.95
2025-06-09T15:00:00,6.0,3.17
2025-06-09T16:00:00,5.57,5.57
2025-06-09T17:00:00,12.39,12.39
2025-06-09T18:00:00,50.0,50.0
2025-06-09T19:00:00,90.0,90.0
2025-06-09T20:00:00,113.76,113.76
2025-06-09T21:00:00,135.0,135.0
2025-06-09T22:00:00,124.1,124.1
2025-06-09T23:00:00,114.27,114.27
2025-06-10T00:00:00,118.97,118.97
2025-06-10T01:00:00,114.99,114.99
2025-06-10T02:00:00,114.4,114.4
2025-06-10T03:00:00,113.01,113.01
2025-06-10T04:00:00,113.03,113.03
2025-06-10T05:00:00,113.2,113.2
2025-06-10T06:00:00,114.4,114.4
2025-06-10T07:00:00,117.0,117.0
2025-06-10T08:00:00,114.99,114.99
2025-06-10T09:00:00,111.72,111.72
2025-06-10T10:00:00,105.0,105.0
2025-06-10T11:00:00,87.47,87.47
2025-06-10T12:00:00,56.6,56.6
2025-06-10T13:00:00,56.0,56.0
2025-06-10T14:00:00,55.4,55.4
2025-06-10T15:00:00,54.88,54.88
2025-06-10T16:00:00,55.01,55.01
2025-06-10T17:00:00,93.35,93.35
2025-06-10T18:00:00,105.0,105.0
2025-06-10T19:00:00,110.7,110.7
2025-06-10T20:00:00,119.58,119.58
2025-06-10T21:00:00,124.35,124.35
2025-06-10T22:00:00,121.18,121.18
2025-06-10T23:00:00,114.4,114.4
2025-06-11T00:00:00,111.89,111.89
2025-06-11T01:00:00,108.56,108.56
2025-06-11T02:00:00,106.07,106.07
2025-06-11T03:00:00,106.02,106.02
2025-06-11T04:00:00,104.0,104.0
2025-06-11T05:00:00,106.02,106.02
2025-06-11T06:00:00,107.49,107.49
2025-06-11T07:00:00,110.63,110.63
2025-06-11T08:00:00,109.58,109.58
2025-06-11T09:00:00,101.27,101.27
2025-06-11T10:00:00,82.28,82.28
2025-06-11T11:00:00,49.99,49.99
2025-06-11T12:00:00,14.28,14.28
2025-06-11T13:00:00,5.0,5.0
2025-06-11T14:00:00,3.52,3.52
2025-06-11T15:00:00,1.1,1.1
2025-06-11T16:00:00,2.5,2.5
2025-06-11T17:00:00,3.0,3.0
2025-06-11T18:00:00,15.0,15.0
2025-06-11T19:00:00,74.0,74.0
2025-06-11T20:00:00,105.01,105.01
2025-06-11T21:00:00,115.5,115.5
2025-06-11T22:00:00,114.81,114.81
2025-06-11T23:00:00,109.58,109.58
2025-06-12T00:00:00,104.59,104.59
2025-06-12T01:00:00,99.97,99.97
2025-06-12T02:00:00,95.11,95.11
2025-06-12T03:00:00,93.94,93.94
2025-06-12T04:00:00,93.94,93.94
2025-06-12T05:00:00,98.27,98.27
2025-06-12T06:00:00,102.98,102.98
2025-06-12T07:00:00,103.8,103.8
2025-06-12T08:00:00,90.0,90.0
2025-06-12T09:00:00,23.14,15.27
2025-06-12T10:00:00,15.47,0.01
2025-06-12T11:00:00,15.19,0.0
2025-06-12T12:00:00,14.14,-0.01
2025-06-12T13:00:00,4.31,0.0
2025-06-12T14:00:00,5.0,0.0
2025-06-12T15:00:00,5.76,-0.01
2025-06-12T16:00:00,5.0,0.01
2025-06-12T17:00:00,4.31,1.0
2025-06-12T18:00:00,15.27,15.27
2025-06-12T19:00:00,89.6,89.6
2025-06-12T20:00:00,104.01,104.01
2025-06-12T21:00:00,131.71,131.71
2025-06-12T22:00:00,140.64,140.64
2025-06-12T23:00:00,117.96,117.96
2025-06-13T00:00:00,126.84,126.84
2025-06-13T01:00:00,119.08,119.08
2025-06-13T02:00:00,113.98,113.98
2025-06-13T03:00:00,112.33,112.33
2025-06-13T04:00:00,111.35,111.35
2025-06-13T05:00:00,111.35,111.35
2025-06-13T06:00:00,113.89,113.89
2025-06-13T07:00:00,113.86,113.86
2025-06-13T08:00:00,112.47,112.47
2025-06-13T09:00:00,50.0,50.0
2025-06-13T10:00:00,19.23,14.5
2025-06-13T11:00:00,16.47,0.85
2025-06-13T12:00:00,14.14,0.0
2025-06-13T13:00:00,4.31,0.0
2025-06-13T14:00:00,5.0,-0.01
2025-06-13T15:00:00,4.31,-0.01
2025-06-13T16:00:00,4.31,0.65
2025-06-13T17:00:00,4.31,3.52
2025-06-13T18:00:00,17.43,17.43
2025-06-13T19:00:00,90.4,90.4
2025-06-13T20:00:00,105.47,105.47
2025-06-13T21:00:00,120.58,120.58
2025-06-13T22:00:00,120.98,120.98
2025-06-13T23:00:00,113.98,113.98
2025-06-14T00:00:00,110.02,110.02
2025-06-14T01:00:00,109.7,109.7
2025-06-14T02:00:00,109.8,109.8
2025-06-14T03:00:00,108.98,108.98
2025-06-14T04:00:00,109.0,109.0
2025-06-14T05:00:00,109.7,109.7
2025-06-14T06:00:00,109.73,109.73
2025-06-14T07:00:00,104.9,104.9
2025-06-14T08:00:00,51.21,51.21
2025-06-14T09:00:00,11.14,4.17
2025-06-14T10:00:00,3.14,0.46
2025-06-14T11:00:00,1.99,-0.01
2025-06-14T12:00:00,1.99,-0.58
2025-06-14T13:00:00,2.73,-0.62
2025-06-14T14:00:00,1.99,-1.0
2025-06-14T15:00:00,0.05,-1.5
2025-06-14T16:00:00,-0.37,-0.37
2025-06-14T17:00:00,0.65,0.65
2025-06-14T18:00:00,5.0,5.0
2025-06-14T19:00:00,36.27,36.27
2025-06-14T20:00:00,86.0,86.0
2025-06-14T21:00:00,101.96,101.96
2025-06-14T22:00:00,105.88,105.88
2025-06-14T23:00:00,100.98,100.98
2025-06-15T00:00:00,87.47,87.47
2025-06-15T01:00:00,62.0,62.0
2025-06-15T02:00:00,38.7,38.7
2025-06-15T03:00:00,34.7,34.7
2025-06-15T04:00:00,24.35,24.35
2025-06-15T05:00:00,20.0,20.0
2025-06-15T06:00:00,18.47,18.47
2025-06-15T07:00:00,15.13,15.13
2025-06-15T08:00:00,2.73,2.0
2025-06-15T09:00:00,0.0,0.0
2025-06-15T10:00:00,0.0,-0.6
2025-06-15T11:00:00,0.05,-1.21
2025-06-15T12:00:00,1.21,-1.21
2025-06-15T13:00:00,2.73,-3.0
2025-06-15T14:00:00,1.99,-2.67
2025-06-15T15:00:00,1.99,-2.0
2025-06-15T16:00:00,0.05,-1.21
2025-06-15T17:00:00,1.99,-0.6
2025-06-15T18:00:00,3.14,0.0
2025-06-15T19:00:00,13.02,2.4
2025-06-15T20:00:00,53.55,33.96
2025-06-15T21:00:00,76.85,76.85
2025-06-15T22:00:00,78.43,78.43
2025-06-15T23:00:00,53.97,53.97
2025-06-16T00:00:00,32.74,32.74
2025-06-16T01:00:00,19.96,19.96
2025-06-16T02:00:00,16.58,16.58
2025-06-16T03:00:00,13.27,13.27
2025-06-16T04:00:00,15.0,15.0
2025-06-16T05:00:00,24.76,24.76
2025-06-16T06:00:00,60.0,60.0
2025-06-16T07:00:00,71.6,71.6
2025-06-16T08:00:00,58.49,58.49
2025-06-16T09:00:00,20.0,20.0
2025-06-16T10:00:00,14.73,4.5
2025-06-16T11:00:00,15.01,1.0
2025-06-16T12:00:00,15.73,0.65
2025-06-16T13:00:00,15.73,0.85
2025-06-16T14:00:00,15.73,1.72
2025-06-16T15:00:00,15.73,3.52
2025-06-16T16:00:00,17.73,17.73
2025-06-16T17:00:00,47.69,47.69
2025-06-16T18:00:00,101.64,101.64
2025-06-16T19:00:00,117.2,117.2
2025-06-16T20:00:00,125.41,125.41
2025-06-16T21:00:00,210.0,210.0
2025-06-16T22:00:00,166.91,166.91
2025-06-16T23:00:00,125.41,125.41
2025-06-17T00:00:00,128.64,128.64
2025-06-17T01:00:00,124.76,124.76
2025-06-17T02:00:00,120.0,120.0
2025-06-17T03:00:00,119.82,119.82
2025-06-17T04:00:00,120.0,120.0
2025-06-17T05:00:00,117.1,117.1
2025-06-17T06:00:00,119.82,119.82
2025-06-17T07:00:00,124.59,124.59
2025-06-17T08:00:00,126.91,126.91
2025-06-17T09:00:00,112.96,112.96
2025-06-17T10:00:00,72.88,72.88
2025-06-17T11:00:00,27.01,26.75
2025-06-17T12:00:00,26.01,24.17
2025-06-17T13:00:00,22.57,22.57
2025-06-17T14:00:00,25.01,18.16
2025-06-17T15:00:00,26.01,12.0
2025-06-17T16:00:00,27.01,24.2
2025-06-17T17:00:00,75.48,72.88
2025-06-17T18:00:00,94.78,94.78
2025-06-17T19:00:00,115.0,115.0
2025-06-17T20:00:00,126.68,126.68
2025-06-17T21:00:00,154.76,154.76
2025-06-17T22:00:00,152.03,152.03
2025-06-17T23:00:00,127.91,127.91
2025-06-18T00:00:00,128.37,128.37
2025-06-18T01:00:00,123.17,123.17
2025-06-18T02:00:00,121.86,121.86
2025-06-18T03:00:00,122.11,122.11
2025-06-18T04:00:00,123.17,123.17
2025-06-18T05:00:00,125.97,125.97
2025-06-18T06:00:00,125.07,125.07
2025-06-18T07:00:00,128.31,128.31
2025-06-18T08:00:00,121.12,121.12
2025-06-18T09:00:00,114.68,114.68
2025-06-18T10:00:00,80.4,80.4
2025-06-18T11:00:00,61.0,61.0
2025-06-18T12:00:00,46.01,46.01
2025-06-18T13:00:00,41.55,41.55
2025-06-18T14:00:00,41.11,41.11
2025-06-18T15:00:00,40.01,40.01
2025-06-18T16:00:00,51.77,51.77
2025-06-18T17:00:00,82.9,82.9
2025-06-18T18:00:00,114.67,114.67
2025-06-18T19:00:00,123.17,123.17
2025-06-18T20:00:00,139.03,139.03
2025-06-18T21:00:00,194.56,194.56
2025-06-18T22:00:00,166.75,166.75
2025-06-18T23:00:00,135.01,135.01
2025-06-19T00:00:00,139.01,139.01
2025-06-19T01:00:00,131.68,131.68
2025-06-19T02:00:00,128.61,128.61
2025-06-19T03:00:00,128.31,128.31
2025-06-19T04:00:00,128.12,128.12
2025-06-19T05:00:00,128.96,128.96
2025-06-19T06:00:00,135.01,135.01
2025-06-19T07:00:00,139.01,139.01
2025-06-19T08:00:00,128.37,128.37
2025-06-19T09:00:00,124.19,124.19
2025-06-19T10:00:00,114.26,114.26
2025-06-19T11:00:00,80.27,80.27
2025-06-19T12:00:00,75.75,75.75
2025-06-19T13:00:00,70.0,70.0
2025-06-19T14:00:00,67.86,67.86
2025-06-19T15:00:00,65.0,65.0
2025-06-19T16:00:00,76.0,76.0
2025-06-19T17:00:00,95.0,95.0
2025-06-19T18:00:00,118.18,118.18
2025-06-19T19:00:00,123.0,123.0
2025-06-19T20:00:00,133.22,133.22
2025-06-19T21:00:00,167.55,167.55
2025-06-19T22:00:00,164.6,164.6
2025-06-19T23:00:00,133.02,133.02
2025-06-20T00:00:00,130.78,130.78
2025-06-20T01:00:00,127.9,127.9
2025-06-20T02:00:00,125.25,125.25
2025-06-20T03:00:00,125.25,125.25
2025-06-20T04:00:00,124.94,124.94
2025-06-20T05:00:00,124.33,124.33
2025-06-20T06:00:00,127.97,127.97
2025-06-20T07:00:00,128.08,128.08
2025-06-20T08:00:00,122.57,122.57
2025-06-20T09:00:00,113.94,113.94
2025-06-20T10:00:00,86.9,86.9
2025-06-20T11:00:00,84.35,84.35
2025-06-20T12:00:00,77.0,77.0
2025-06-20T13:00:00,72.0,72.0
2025-06-20T14:00:00,71.0,71.0
2025-06-20T15:00:00,70.0,70.0
2025-06-20T16:00:00,81.5,81.5
2025-06-20T17:00:00,88.0,88.0
2025-06-20T18:00:00,111.79,111.79
2025-06-20T19:00:00,128.74,128.74
2025-06-20T20:00:00,140.0,140.0
2025-06-20T21:00:00,163.49,163.49
2025-06-20T22:00:00,159.99,159.99
2025-06-20T23:00:00,132.21,132.21
2025-06-21T00:00:00,128.89,128.89
2025-06-21T01:00:00,126.93,126.93
2025-06-21T02:00:00,125.87,125.87
2025-06-21T03:00:00,122.86,122.86
2025-06-21T04:00:00,122.42,122.42
2025-06-21T05:00:00,121.44,121.44
2025-06-21T06:00:00,122.86,122.86
2025-06-21T07:00:00,115.56,115.56
2025-06-21T08:00:00,103.6,103.6
2025-06-21T09:00:00,40.0,40.0
2025-06-21T10:00:00,2.5,2.5
2025-06-21T11:00:00,1.2,0.0
2025-06-21T12:00:00,0.0,0.0
2025-06-21T13:00:00,0.0,0.0
2025-06-21T14:00:00,0.0,0.0
2025-06-21T15:00:00,0.0,0.0
2025-06-21T16:00:00,0.1,0.1
2025-06-21T17:00:00,4.31,4.31
2025-06-21T18:00:00,74.27,74.27
2025-06-21T19:00:00,109.99,109.99
2025-06-21T20:00:00,126.34,126.34
2025-06-21T21:00:00,134.93,134.93
2025-06-21T22:00:00,138.81,138.81
2025-06-21T23:00:00,126.07,126.07
2025-06-22T00:00:00,124.24,124.24
2025-06-22T01:00:00,121.96,121.96
2025-06-22T02:00:00,122.94,122.94
2025-06-22T03:00:00,123.92,123.92
2025-06-22T04:00:00,122.94,122.94
2025-06-22T05:00:00,123.58,123.58
2025-06-22T06:00:00,122.94,122.94
2025-06-22T07:00:00,119.0,119.0
2025-06-22T08:00:00,60.0,60.0
2025-06-22T09:00:00,0.65,0.65
2025-06-22T10:00:00,-0.05,-0.05
2025-06-22T11:00:00,-0.05,-1.21
2025-06-22T12:00:00,-0.1,-1.5
2025-06-22T13:00:00,-1.01,-1.01
2025-06-22T14:00:00,-0.62,-0.62
2025-06-22T15:00:00,-1.21,-1.21
2025-06-22T16:00:00,-1.1,-1.1
2025-06-22T17:00:00,0.0,0.0
2025-06-22T18:00:00,5.0,5.0
2025-06-22T19:00:00,71.14,71.14
2025-06-22T20:00:00,114.12,114.12
2025-06-22T21:00:00,128.76,128.76
2025-06-22T22:00:00,130.78,130.78
2025-06-22T23:00:00,128.76,128.76
2025-06-23T00:00:00,127.73,127.73
2025-06-23T01:00:00,123.58,123.58
2025-06-23T02:00:00,117.78,117.78
2025-06-23T03:00:00,115.2,115.2
2025-06-23T04:00:00,114.72,114.72
2025-06-23T05:00:00,114.96,114.96
2025-06-23T06:00:00,121.85,121.85
2025-06-23T07:00:00,127.0,127.0
2025-06-23T08:00:00,117.05,117.05
2025-06-23T09:00:00,98.86,98.86
2025-06-23T10:00:00,91.75,91.75
2025-06-23T11:00:00,75.48,75.48
2025-06-23T12:00:00,71.27,71.27
2025-06-23T13:00:00,70.75,70.75
2025-06-23T14:00:00,57.42,57.42
2025-06-23T15:00:00,70.75,70.75
2025-06-23T16:00:00,71.4,71.4
2025-06-23T17:00:00,90.0,90.0
2025-06-23T18:00:00,108.0,108.0
2025-06-23T19:00:00,124.72,124.72
2025-06-23T20:00:00,136.43,136.43
2025-06-23T21:00:00,195.77,195.77
2025-06-23T22:00:00,175.14,175.14
2025-06-23T23:00:00,135.82,135.82
2025-06-24T00:00:00,129.82,129.82
2025-06-24T01:00:00,126.84,126.84
2025-06-24T02:00:00,123.94,123.94
2025-06-24T03:00:00,124.92,124.92
2025-06-24T04:00:00,124.92,124.92
2025-06-24T05:00:00,125.21,125.21
2025-06-24T06:00:00,126.1,126.1
2025-06-24T07:00:00,126.73,126.73
2025-06-24T08:00:00,126.9,126.9
2025-06-24T09:00:00,119.04,119.04
2025-06-24T10:00:00,100.47,100.47
2025-06-24T11:00:00,77.69,77.69
2025-06-24T12:00:00,76.75,76.75
2025-06-24T13:00:00,37.28,37.28
2025-06-24T14:00:00,16.23,16.23
2025-06-24T15:00:00,7.5,7.5
2025-06-24T16:00:00,7.5,7.5
2025-06-24T17:00:00,20.06,20.06
2025-06-24T18:00:00,71.95,71.95
2025-06-24T19:00:00,104.61,104.61
2025-06-24T20:00:00,125.4,125.4
2025-06-24T21:00:00,146.03,146.03
2025-06-24T22:00:00,154.52,154.52
2025-06-24T23:00:00,131.81,131.81
2025-06-25T00:00:00,129.8,129.8
2025-06-25T01:00:00,118.37,118.37
2025-06-25T02:00:00,116.76,116.76
2025-06-25T03:00:00,116.46,116.46
2025-06-25T04:00:00,116.46,116.46
2025-06-25T05:00:00,117.14,117.14
2025-06-25T06:00:00,119.44,119.44
2025-06-25T07:00:00,125.21,125.21
2025-06-25T08:00:00,114.8,114.8
2025-06-25T09:00:00,85.23,85.23
2025-06-25T10:00:00,42.63,42.63
2025-06-25T11:00:00,27.98,27.98
2025-06-25T12:00:00,15.0,15.0
2025-06-25T13:00:00,5.79,5.79
2025-06-25T14:00:00,3.52,3.52
2025-06-25T15:00:00,2.44,2.44
2025-06-25T16:00:00,3.52,3.52
2025-06-25T17:00:00,4.9,4.9
2025-06-25T18:00:00,35.0,35.0
2025-06-25T19:00:00,96.0,96.0
2025-06-25T20:00:00,119.26,119.26
2025-06-25T21:00:00,150.0,150.0
2025-06-25T22:00:00,154.52,154.52
2025-06-25T23:00:00,125.21,125.21
2025-06-26T00:00:00,119.95,119.95
2025-06-26T01:00:00,116.43,116.43
2025-06-26T02:00:00,112.0,112.0
2025-06-26T03:00:00,110.0,110.0
2025-06-26T04:00:00,109.57,109.57
2025-06-26T05:00:00,110.55,110.55
2025-06-26T06:00:00,116.43,116.43
2025-06-26T07:00:00,117.05,117.05
2025-06-26T08:00:00,111.53,111.53
2025-06-26T09:00:00,85.0,85.0
2025-06-26T10:00:00,50.24,50.24
2025-06-26T11:00:00,63.0,63.0
2025-06-26T12:00:00,62.59,62.59
2025-06-26T13:00:00,45.64,45.64
2025-06-26T14:00:00,37.39,37.39
2025-06-26T15:00:00,36.2,36.2
2025-06-26T16:00:00,37.39,37.39
2025-06-26T17:00:00,59.13,59.13
2025-06-26T18:00:00,80.09,80.09
2025-06-26T19:00:00,97.81,97.81
2025-06-26T20:00:00,118.33,118.33
2025-06-26T21:00:00,159.62,159.62
2025-06-26T22:00:00,157.0,157.0
2025-06-26T23:00:00,119.77,119.77
2025-06-27T00:00:00,115.98,115.98
2025-06-27T01:00:00,111.91,111.91
2025-06-27T02:00:00,111.38,111.38
2025-06-27T03:00:00,111.57,111.57
2025-06-27T04:00:00,111.01,111.01
2025-06-27T05:00:00,111.91,111.91
2025-06-27T06:00:00,113.21,113.21
2025-06-27T07:00:00,115.11,115.11
2025-06-27T08:00:00,111.25,111.25
2025-06-27T09:00:00,92.91,92.91
2025-06-27T10:00:00,78.73,78.73
2025-06-27T11:00:00,67.45,67.45
2025-06-27T12:00:00,54.6,54.6
2025-06-27T13:00:00,36.95,36.95
2025-06-27T14:00:00,36.95,36.95
2025-06-27T15:00:00,35.0,35.0
2025-06-27T16:00:00,37.2,37.2
2025-06-27T17:00:00,71.87,71.87
2025-06-27T18:00:00,88.27,88.27
2025-06-27T19:00:00,109.29,109.29
2025-06-27T20:00:00,116.83,116.83
2025-06-27T21:00:00,141.05,141.05
2025-06-27T22:00:00,138.56,138.56
2025-06-27T23:00:00,115.31,115.31
2025-06-28T00:00:00,112.96,112.96
2025-06-28T01:00:00,112.92,112.92
2025-06-28T02:00:00,108.5,108.5
2025-06-28T03:00:00,108.25,108.25
2025-06-28T04:00:00,107.04,107.04
2025-06-28T05:00:00,108.0,108.0
2025-06-28T06:00:00,108.0,108.0
2025-06-28T07:00:00,108.0,108.0
2025-06-28T08:00:00,91.0,91.0
2025-06-28T09:00:00,22.22,22.22
2025-06-28T10:00:00,6.0,6.0
2025-06-28T11:00:00,4.31,0.83
2025-06-28T12:00:00,4.31,0.65
2025-06-28T13:00:00,2.2,0.65
2025-06-28T14:00:00,2.0,0.7
2025-06-28T15:00:00,1.88,0.65
2025-06-28T16:00:00,2.12,2.12
2025-06-28T17:00:00,10.26,10.26
2025-06-28T18:00:00,46.0,46.0
2025-06-28T19:00:00,96.26,96.26
2025-06-28T20:00:00,111.38,111.38
2025-06-28T21:00:00,131.33,131.33
2025-06-28T22:00:00,132.65,132.65
2025-06-28T23:00:00,115.0,115.0
2025-06-29T00:00:00,111.38,111.38
2025-06-29T01:00:00,108.02,108.02
2025-06-29T02:00:00,107.0,107.0
2025-06-29T03:00:00,106.06,106.06
2025-06-29T04:00:00,107.0,107.0
2025-06-29T05:00:00,108.02,108.02
2025-06-29T06:00:00,109.98,109.98
2025-06-29T07:00:00,107.04,107.04
2025-06-29T08:00:00,81.0,81.0
2025-06-29T09:00:00,20.0,20.0
2025-06-29T10:00:00,3.5,3.5
2025-06-29T11:00:00,0.85,0.85
2025-06-29T12:00:00,0.85,0.85
2025-06-29T13:00:00,3.5,3.5
2025-06-29T14:00:00,4.31,4.31
2025-06-29T15:00:00,4.31,4.31
2025-06-29T16:00:00,5.0,5.0
2025-06-29T17:00:00,20.0,20.0
2025-06-29T18:00:00,66.27,66.27
2025-06-29T19:00:00,102.14,102.14
2025-06-29T20:00:00,111.98,111.98
2025-06-29T21:00:00,129.45,129.45
2025-06-29T22:00:00,154.52,154.52
2025-06-29T23:00:00,133.61,133.61
2025-06-30T00:00:00,125.5,125.5
2025-06-30T01:00:00,116.18,116.18
2025-06-30T02:00:00,113.18,113.18
2025-06-30T03:00:00,111.74,111.74
2025-06-30T04:00:00,114.89,114.89
2025-06-30T05:00:00,115.0,115.0
2025-06-30T06:00:00,115.0,115.0
2025-06-30T07:00:00,121.0,121.0
2025-06-30T08:00:00,115.0,115.0
2025-06-30T09:00:00,109.63,109.63
2025-06-30T10:00:00,85.0,85.0
2025-06-30T11:00:00,78.27,78.27
2025-06-30T12:00:00,77.75,77.75
2025-06-30T13:00:00,78.01,78.01
2025-06-30T14:00:00,78.4,78.4
2025-06-30T15:00:00,88.18,88.18
2025-06-30T16:00:00,99.32,99.32
2025-06-30T17:00:00,104.1,104.1
2025-06-30T18:00:00,110.1,110.1
2025-06-30T19:00:00,111.38,111.38
2025-06-30T20:00:00,135.0,135.0
2025-06-30T21:00:00,175.01,175.01
2025-06-30T22:00:00,157.0,157.0
2025-06-30T23:00:00,127.86,127.86
2025-07-01T00:00:00,129.98,129.98
2025-07-01T01:00:00,118.32,118.32
2025-07-01T02:00:00,116.7,116.7
2025-07-01T03:00:00,115.98,115.98
2025-07-01T04:00:00,114.8,114.8
2025-07-01T05:00:00,115.98,115.98
2025-07-01T06:00:00,116.22,116.22
2025-07-01T07:00:00,121.4,121.4
2025-07-01T08:00:00,114.74,114.74
2025-07-01T09:00:00,105.0,105.0
2025-07-01T10:00:00,96.91,96.91
2025-07-01T11:00:00,80.7,80.7
2025-07-01T12:00:00,80.0,80.0
2025-07-01T13:00:00,80.0,80.0
2025-07-01T14:00:00,80.19,80.19
2025-07-01T15:00:00,80.4,80.4
2025-07-01T16:00:00,92.0,92.0
2025-07-01T17:00:00,102.65,102.65
2025-07-01T18:00:00,109.91,109.91
2025-07-01T19:00:00,115.5,115.5
2025-07-01T20:00:00,125.0,125.0
2025-07-01T21:00:00,167.0,167.0
2025-07-01T22:00:00,159.66,159.66
2025-07-01T23:00:00,129.78,129.78
2025-07-02T00:00:00,130.14,130.14
2025-07-02T01:00:00,120.0,120.0
2025-07-02T02:00:00,112.13,112.13
2025-07-02T03:00:00,111.63,111.63
2025-07-02T04:00:00,112.13,112.13
2025-07-02T05:00:00,112.92,112.92
2025-07-02T06:00:00,111.0,111.0
2025-07-02T07:00:00,113.55,113.55
2025-07-02T08:00:00,110.45,110.45
2025-07-02T09:00:00,104.1,104.1
2025-07-02T10:00:00,81.79,81.79
2025-07-02T11:00:00,76.39,76.39
2025-07-02T12:00:00,70.64,70.64
2025-07-02T13:00:00,70.64,70.64
2025-07-02T14:00:00,70.64,70.64
2025-07-02T15:00:00,71.57,71.57
2025-07-02T16:00:00,79.73,79.73
2025-07-02T17:00:00,80.0,80.0
2025-07-02T18:00:00,87.68,87.68
2025-07-02T19:00:00,107.04,107.04
2025-07-02T20:00:00,112.92,112.92
2025-07-02T21:00:00,126.16,126.16
2025-07-02T22:00:00,125.1,125.1
2025-07-02T23:00:00,110.25,110.25
2025-07-03T00:00:00,111.96,111.96
2025-07-03T01:00:00,110.0,110.0
2025-07-03T02:00:00,109.12,109.12
2025-07-03T03:00:00,101.9,101.9
2025-07-03T04:00:00,91.21,91.21
2025-07-03T05:00:00,100.18,100.18
2025-07-03T06:00:00,109.81,109.81
2025-07-03T07:00:00,111.51,111.51
2025-07-03T08:00:00,104.9,104.9
2025-07-03T09:00:00,70.58,70.58
2025-07-03T10:00:00,67.42,67.42
2025-07-03T11:00:00,55.58,55.58
2025-07-03T12:00:00,42.16,42.16
2025-07-03T13:00:00,37.2,37.2
2025-07-03T14:00:00,39.63,39.63
2025-07-03T15:00:00,56.67,56.67
2025-07-03T16:00:00,64.71,64.71
2025-07-03T17:00:00,81.0,81.0
2025-07-03T18:00:00,96.34,96.34
2025-07-03T19:00:00,109.0,109.0
2025-07-03T20:00:00,118.8,118.8
2025-07-03T21:00:00,142.59,142.59
2025-07-03T22:00:00,140.34,140.34
2025-07-03T23:00:00,119.35,119.35
2025-07-04T00:00:00,110.62,110.62
2025-07-04T01:00:00,107.9,107.9
2025-07-04T02:00:00,107.26,107.26
2025-07-04T03:00:00,106.76,106.76
2025-07-04T04:00:00,107.02,107.02
2025-07-04T05:00:00,107.83,107.83
2025-07-04T06:00:00,111.04,111.04
2025-07-04T07:00:00,113.37,113.37
2025-07-04T08:00:00,110.0,110.0
2025-07-04T09:00:00,91.15,91.15
2025-07-04T10:00:00,76.14,76.14
2025-07-04T11:00:00,72.0,72.0
2025-07-04T12:00:00,75.0,75.0
2025-07-04T13:00:00,75.58,75.58
2025-07-04T14:00:00,75.88,75.88
2025-07-04T15:00:00,75.88,75.88
2025-07-04T16:00:00,76.14,76.14
2025-07-04T17:00:00,78.98,78.98
2025-07-04T18:00:00,90.19,90.19
2025-07-04T19:00:00,108.5,108.5
2025-07-04T20:00:00,113.85,113.85
2025-07-04T21:00:00,139.26,139.26
2025-07-04T22:00:00,138.03,138.03
2025-07-04T23:00:00,122.72,122.72
2025-07-05T00:00:00,131.56,131.56
2025-07-05T01:00:00,118.8,118.8
2025-07-05T02:00:00,110.0,110.0
2025-07-05T03:00:00,107.02,107.02
2025-07-05T04:00:00,107.0,107.0
2025-07-05T05:00:00,106.69,106.69
2025-07-05T06:00:00,109.42,109.42
2025-07-05T07:00:00,110.62,110.62
2025-07-05T08:00:00,100.0,100.0
2025-07-05T09:00:00,36.8,36.8
2025-07-05T10:00:00,5.76,5.76
2025-07-05T11:00:00,3.52,3.52
2025-07-05T12:00:00,4.31,4.31
2025-07-05T13:00:00,5.0,5.0
2025-07-05T14:00:00,5.0,5.0
2025-07-05T15:00:00,5.0,5.0
2025-07-05T16:00:00,5.0,5.0
2025-07-05T17:00:00,25.44,25.44
2025-07-05T18:00:00,41.25,41.25
2025-07-05T19:00:00,100.0,100.0
2025-07-05T20:00:00,112.8,112.8
2025-07-05T21:00:00,131.33,131.33
2025-07-05T22:00:00,134.0,134.0
2025-07-05T23:00:00,120.0,120.0
2025-07-06T00:00:00,112.17,112.17
2025-07-06T01:00:00,106.01,106.01
2025-07-06T02:00:00,103.6,103.6
2025-07-06T03:00:00,100.58,100.58
2025-07-06T04:00:00,100.1,100.1
2025-07-06T05:00:00,100.82,100.82
2025-07-06T06:00:00,101.3,101.3
2025-07-06T07:00:00,96.98,96.98
2025-07-06T08:00:00,52.0,52.0
2025-07-06T09:00:00,7.4,7.4
2025-07-06T10:00:00,2.0,2.0
2025-07-06T11:00:00,1.0,1.0
2025-07-06T12:00:00,0.85,0.85
2025-07-06T13:00:00,3.52,3.52
2025-07-06T14:00:00,2.99,2.99
2025-07-06T15:00:00,0.65,0.65
2025-07-06T16:00:00,0.65,0.65
2025-07-06T17:00:00,0.65,0.65
2025-07-06T18:00:00,4.31,4.31
2025-07-06T19:00:00,31.53,31.53
2025-07-06T20:00:00,90.0,90.0
2025-07-06T21:00:00,108.21,108.21
2025-07-06T22:00:00,110.62,110.62
2025-07-06T23:00:00,108.68,108.68
2025-07-07T00:00:00,106.65,106.65
2025-07-07T01:00:00,96.18,96.18
2025-07-07T02:00:00,92.25,92.25
2025-07-07T03:00:00,89.01,89.01
2025-07-07T04:00:00,85.01,85.01
2025-07-07T05:00:00,95.0,95.0
2025-07-07T06:00:00,103.5,103.5
2025-07-07T07:00:00,106.65,106.65
2025-07-07T08:00:00,94.0,94.0
2025-07-07T09:00:00,57.5,57.5
2025-07-07T10:00:00,37.5,37.5
2025-07-07T11:00:00,18.01,18.01
2025-07-07T12:00:00,15.01,15.01
2025-07-07T13:00:00,6.0,6.0
2025-07-07T14:00:00,5.79,5.79
2025-07-07T15:00:00,5.0,5.0
2025-07-07T16:00:00,4.31,3.6
2025-07-07T17:00:00,4.31,4.31
2025-07-07T18:00:00,18.01,5.0
2025-07-07T19:00:00,65.06,37.39
2025-07-07T20:00:00,80.0,80.0
2025-07-07T21:00:00,105.75,105.75
2025-07-07T22:00:00,104.48,104.48
2025-07-07T23:00:00,95.1,95.1
2025-07-08T00:00:00,80.1,80.1
2025-07-08T01:00:00,62.4,62.4
2025-07-08T02:00:00,50.0,50.0
2025-07-08T03:00:00,35.1,35.1
2025-07-08T04:00:00,35.1,35.1
2025-07-08T05:00:00,30.1,30.1
2025-07-08T06:00:00,60.73,60.73
2025-07-08T07:00:00,74.99,74.99
2025-07-08T08:00:00,60.0,60.0
2025-07-08T09:00:00,18.01,18.01
2025-07-08T10:00:00,4.31,4.31
2025-07-08T11:00:00,1.72,1.72
2025-07-08T12:00:00,1.72,1.72
2025-07-08T13:00:00,2.99,2.99
2025-07-08T14:00:00,3.52,3.52
2025-07-08T15:00:00,4.31,3.52
2025-07-08T16:00:00,5.79,5.0
2025-07-08T17:00:00,17.1,17.1
2025-07-08T18:00:00,60.73,45.0
2025-07-08T19:00:00,62.19,60.39
2025-07-08T20:00:00,104.5,104.5
2025-07-08T21:00:00,110.69,110.69
2025-07-08T22:00:00,110.62,110.62
2025-07-08T23:00:00,106.06,106.06
2025-07-09T00:00:00,110.62,110.62
2025-07-09T01:00:00,104.01,104.01
2025-07-09T02:00:00,101.42,101.42
2025-07-09T03:00:00,103.32,103.32
2025-07-09T04:00:00,108.6,108.6
2025-07-09T05:00:00,110.37,110.37
2025-07-09T06:00:00,107.27,107.27
2025-07-09T07:00:00,111.82,111.82
2025-07-09T08:00:00,108.75,108.75
2025-07-09T09:00:00,99.5,99.5
2025-07-09T10:00:00,56.91,56.91
2025-07-09T11:00:00,40.0,40.0
2025-07-09T12:00:00,35.1,35.1
2025-07-09T13:00:00,36.2,36.2
2025-07-09T14:00:00,36.2,36.2
2025-07-09T15:00:00,37.55,37.55
2025-07-09T16:00:00,50.0,50.0
2025-07-09T17:00:00,73.55,73.55
2025-07-09T18:00:00,75.4,75.4
2025-07-09T19:00:00,110.41,110.41
2025-07-09T20:00:00,115.04,115.04
2025-07-09T21:00:00,155.75,155.75
2025-07-09T22:00:00,145.01,145.01
2025-07-09T23:00:00,120.0,120.0
2025-07-10T00:00:00,123.51,123.51
2025-07-10T01:00:00,115.5,115.5
2025-07-10T02:00:00,113.02,113.02
2025-07-10T03:00:00,112.38,112.38
2025-07-10T04:00:00,112.38,112.38
2025-07-10T05:00:00,113.53,113.53
2025-07-10T06:00:00,117.89,117.89
2025-07-10T07:00:00,123.51,123.51
2025-07-10T08:00:00,110.66,110.66
2025-07-10T09:00:00,108.1,108.1
2025-07-10T10:00:00,106.5,106.5
2025-07-10T11:00:00,90.01,90.01
2025-07-10T12:00:00,76.98,76.98
2025-07-10T13:00:00,75.57,75.57
2025-07-10T14:00:00,75.44,75.44
2025-07-10T15:00:00,75.0,75.0
2025-07-10T16:00:00,74.0,74.0
2025-07-10T17:00:00,76.73,76.73
2025-07-10T18:00:00,88.08,88.08
2025-07-10T19:00:00,103.99,103.99
2025-07-10T20:00:00,118.65,118.65
2025-07-10T21:00:00,153.75,153.75
2025-07-10T22:00:00,170.0,170.0
2025-07-10T23:00:00,132.0,132.0
2025-07-11T00:00:00,121.74,121.74
2025-07-11T01:00:00,115.46,115.46
2025-07-11T02:00:00,113.85,113.85
2025-07-11T03:00:00,112.73,112.73
2025-07-11T04:00:00,112.73,112.73
2025-07-11T05:00:00,113.33,113.33
2025-07-11T06:00:00,118.47,118.47
2025-07-11T07:00:00,125.0,125.0
2025-07-11T08:00:00,111.07,111.07
2025-07-11T09:00:00,105.34,105.34
2025-07-11T10:00:00,63.1,63.1
2025-07-11T11:00:00,76.75,76.75
2025-07-11T12:00:00,80.0,80.0
2025-07-11T13:00:00,74.01,74.01
2025-07-11T14:00:00,62.19,62.19
2025-07-11T15:00:00,59.9,59.9
2025-07-11T16:00:00,55.4,55.4
2025-07-11T17:00:00,61.98,61.98
2025-07-11T18:00:00,67.0,67.0
2025-07-11T19:00:00,100.0,100.0
2025-07-11T20:00:00,114.23,114.23
2025-07-11T21:00:00,125.67,125.67
2025-07-11T22:00:00,138.16,138.16
2025-07-11T23:00:00,130.0,130.0
2025-07-12T00:00:00,119.78,119.78
2025-07-12T01:00:00,116.62,116.62
2025-07-12T02:00:00,112.18,112.18
2025-07-12T03:00:00,107.53,107.53
2025-07-12T04:00:00,105.42,105.42
2025-07-12T05:00:00,103.79,103.79
2025-07-12T06:00:00,109.85,109.85
2025-07-12T07:00:00,118.99,118.99
2025-07-12T08:00:00,105.42,105.42
2025-07-12T09:00:00,72.95,72.95
2025-07-12T10:00:00,42.1,42.1
2025-07-12T11:00:00,19.0,19.0
2025-07-12T12:00:00,15.0,15.0
2025-07-12T13:00:00,5.76,5.76
2025-07-12T14:00:00,4.31,4.31
2025-07-12T15:00:00,0.85,0.85
2025-07-12T16:00:00,13.68,13.68
2025-07-12T17:00:00,35.0,35.0
2025-07-12T18:00:00,50.08,50.08
2025-07-12T19:00:00,75.4,75.4
2025-07-12T20:00:00,107.75,107.75
2025-07-12T21:00:00,125.67,125.67
2025-07-12T22:00:00,133.0,133.0
2025-07-12T23:00:00,121.74,121.74
2025-07-13T00:00:00,119.36,119.36
2025-07-13T01:00:00,117.06,117.06
2025-07-13T02:00:00,114.11,114.11
2025-07-13T03:00:00,113.99,113.99
2025-07-13T04:00:00,108.67,108.67
2025-07-13T05:00:00,104.64,104.64
2025-07-13T06:00:00,104.64,104.64
2025-07-13T07:00:00,90.0,90.0
2025-07-13T08:00:00,55.0,55.0
2025-07-13T09:00:00,22.5,22.5
2025-07-13T10:00:00,4.28,4.28
2025-07-13T11:00:00,0.05,0.05
2025-07-13T12:00:00,0.0,0.0
2025-07-13T13:00:00,0.0,0.0
2025-07-13T14:00:00,0.0,0.0
2025-07-13T15:00:00,0.0,0.0
2025-07-13T16:00:00,1.0,1.0
2025-07-13T17:00:00,5.79,5.79
2025-07-13T18:00:00,30.39,30.39
2025-07-13T19:00:00,70.1,70.1
2025-07-13T20:00:00,107.69,107.69
2025-07-13T21:00:00,124.5,124.5
2025-07-13T22:00:00,134.62,134.62
2025-07-13T23:00:00,121.74,121.74
2025-07-14T00:00:00,118.1,118.1
2025-07-14T01:00:00,112.45,112.45
2025-07-14T02:00:00,109.86,109.86
2025-07-14T03:00:00,109.23,109.23
2025-07-14T04:00:00,108.9,108.9
2025-07-14T05:00:00,110.1,110.1
2025-07-14T06:00:00,118.06,118.06
2025-07-14T07:00:00,122.72,122.72
2025-07-14T08:00:00,116.0,116.0
2025-07-14T09:00:00,75.19,75.19
2025-07-14T10:00:00,65.0,65.0
2025-07-14T11:00:00,33.72,33.72
2025-07-14T12:00:00,34.06,34.06
2025-07-14T13:00:00,38.8,38.8
2025-07-14T14:00:00,31.49,31.49
2025-07-14T15:00:00,18.21,18.21
2025-07-14T16:00:00,27.09,27.09
2025-07-14T17:00:00,47.5,47.5
2025-07-14T18:00:00,60.0,60.0
2025-07-14T19:00:00,77.76,77.76
2025-07-14T20:00:00,117.06,117.06
2025-07-14T21:00:00,126.64,126.64
2025-07-14T22:00:00,124.68,124.68
2025-07-14T23:00:00,118.26,118.26
2025-07-15T00:00:00,113.16,113.16
2025-07-15T01:00:00,109.48,109.48
2025-07-15T02:00:00,107.41,107.41
2025-07-15T03:00:00,107.22,107.22
2025-07-15T04:00:00,105.43,105.43
2025-07-15T05:00:00,107.38,107.38
2025-07-15T06:00:00,113.16,113.16
2025-07-15T07:00:00,118.81,118.81
2025-07-15T08:00:00,107.4,107.4
2025-07-15T09:00:00,72.97,72.97
2025-07-15T10:00:00,30.5,30.5
2025-07-15T11:00:00,39.87,39.87
2025-07-15T12:00:00,46.2,46.2
2025-07-15T13:00:00,45.0,45.0
2025-07-15T14:00:00,35.0,35.0
2025-07-15T15:00:00,29.95,29.95
2025-07-15T16:00:00,29.95,29.95
2025-07-15T17:00:00,49.0,49.0
2025-07-15T18:00:00,50.08,50.08
2025-07-15T19:00:00,72.84,72.84
2025-07-15T20:00:00,112.92,112.92
2025-07-15T21:00:00,135.87,135.87
2025-07-15T22:00:00,135.05,135.05
2025-07-15T23:00:00,120.05,120.05
2025-07-16T00:00:00,113.31,113.31
2025-07-16T01:00:00,107.85,107.85
2025-07-16T02:00:00,106.83,106.83
2025-07-16T03:00:00,106.83,106.83
2025-07-16T04:00:00,107.22,107.22
2025-07-16T05:00:00,110.68,110.68
2025-07-16T06:00:00,117.61,117.61
2025-07-16T07:00:00,125.67,125.67
2025-07-16T08:00:00,109.5,109.5
2025-07-16T09:00:00,89.0,89.0
2025-07-16T10:00:00,75.0,75.0
2025-07-16T11:00:00,70.1,70.1
2025-07-16T12:00:00,70.1,70.1
2025-07-16T13:00:00,70.1,70.1
2025-07-16T14:00:00,70.0,70.0
2025-07-16T15:00:00,69.84,69.84
2025-07-16T16:00:00,69.95,69.95
2025-07-16T17:00:00,70.1,70.1
2025-07-16T18:00:00,79.1,79.1
2025-07-16T19:00:00,109.62,109.62
2025-07-16T20:00:00,125.0,125.0
2025-07-16T21:00:00,175.49,175.49
2025-07-16T22:00:00,169.2,169.2
2025-07-16T23:00:00,129.36,129.36
2025-07-17T00:00:00,119.78,119.78
2025-07-17T01:00:00,115.13,115.13
2025-07-17T02:00:00,113.84,113.84
2025-07-17T03:00:00,108.62,108.62
2025-07-17T04:00:00,108.62,108.62
2025-07-17T05:00:00,113.46,113.46
2025-07-17T06:00:00,118.36,118.36
2025-07-17T07:00:00,125.0,125.0
2025-07-17T08:00:00,115.45,115.45
2025-07-17T09:00:00,104.27,104.27
2025-07-17T10:00:00,85.0,85.0
2025-07-17T11:00:00,77.07,77.07
2025-07-17T12:00:00,76.8,76.8
2025-07-17T13:00:00,76.68,76.68
2025-07-17T14:00:00,75.2,75.2
2025-07-17T15:00:00,73.0,73.0
2025-07-17T16:00:00,76.81,76.81
2025-07-17T17:00:00,84.36,84.36
2025-07-17T18:00:00,91.52,91.52
2025-07-17T19:00:00,108.66,108.66
2025-07-17T20:00:00,121.41,121.41
2025-07-17T21:00:00,128.67,128.67
2025-07-17T22:00:00,129.85,129.85
2025-07-17T23:00:00,120.76,120.76
2025-07-18T00:00:00,114.0,114.0
2025-07-18T01:00:00,107.61,107.61
2025-07-18T02:00:00,107.22,107.22
2025-07-18T03:00:00,105.9,105.9
2025-07-18T04:00:00,105.0,105.0
2025-07-18T05:00:00,107.17,107.17
2025-07-18T06:00:00,111.55,111.55
2025-07-18T07:00:00,115.14,115.14
2025-07-18T08:00:00,109.39,109.39
2025-07-18T09:00:00,90.64,90.64
2025-07-18T10:00:00,80.0,80.0
2025-07-18T11:00:00,81.58,81.58
2025-07-18T12:00:00,80.0,80.0
2025-07-18T13:00:00,73.02,73.02
2025-07-18T14:00:00,71.2,71.2
2025-07-18T15:00:00,72.68,72.68
2025-07-18T16:00:00,72.81,72.81
2025-07-18T17:00:00,72.8,72.8
2025-07-18T18:00:00,71.08,71.08
2025-07-18T19:00:00,72.8,72.8
2025-07-18T20:00:00,110.0,110.0
2025-07-18T21:00:00,119.39,119.39
2025-07-18T22:00:00,119.19,119.19
2025-07-18T23:00:00,111.65,111.65
2025-07-19T00:00:00,101.72,101.72
2025-07-19T01:00:00,98.25,98.25
2025-07-19T02:00:00,90.0,90.0
2025-07-19T03:00:00,84.99,84.99
2025-07-19T04:00:00,82.5,82.5
2025-07-19T05:00:00,83.74,83.74
2025-07-19T06:00:00,90.0,90.0
2025-07-19T07:00:00,79.3,79.3
2025-07-19T08:00:00,56.62,56.62
2025-07-19T09:00:00,9.83,9.83
2025-07-19T10:00:00,3.52,3.52
2025-07-19T11:00:00,0.65,0.65
2025-07-19T12:00:00,0.0,0.0
2025-07-19T13:00:00,0.0,0.0
2025-07-19T14:00:00,0.0,0.0
2025-07-19T15:00:00,0.0,0.0
2025-07-19T16:00:00,0.0,0.0
2025-07-19T17:00:00,0.65,0.65
2025-07-19T18:00:00,3.52,3.52
2025-07-19T19:00:00,42.32,42.32
2025-07-19T20:00:00,72.92,72.92
2025-07-19T21:00:00,100.28,100.28
2025-07-19T22:00:00,106.8,106.8
2025-07-19T23:00:00,96.25,96.25
2025-07-20T00:00:00,57.73,57.73
2025-07-20T01:00:00,45.0,45.0
2025-07-20T02:00:00,43.94,43.94
2025-07-20T03:00:00,43.81,43.81
2025-07-20T04:00:00,43.81,43.81
2025-07-20T05:00:00,43.81,43.81
2025-07-20T06:00:00,43.94,43.94
2025-07-20T07:00:00,38.3,38.3
2025-07-20T08:00:00,3.6,3.6
2025-07-20T09:00:00,0.65,0.65
2025-07-20T10:00:00,0.0,0.0
2025-07-20T11:00:00,0.0,0.0
2025-07-20T12:00:00,-0.01,-0.01
2025-07-20T13:00:00,-0.01,-0.01
2025-07-20T14:00:00,-0.01,-0.01
2025-07-20T15:00:00,-0.66,-0.66
2025-07-20T16:00:00,-1.01,-1.01
2025-07-20T17:00:00,-0.62,-0.62
2025-07-20T18:00:00,0.0,0.0
2025-07-20T19:00:00,3.6,3.6
2025-07-20T20:00:00,43.81,43.81
2025-07-20T21:00:00,75.3,75.3
2025-07-20T22:00:00,92.0,92.0
2025-07-20T23:00:00,76.26,76.26
2025-07-21T00:00:00,64.99,64.99
2025-07-21T01:00:00,51.48,51.48
2025-07-21T02:00:00,45.0,45.0
2025-07-21T03:00:00,40.0,40.0
2025-07-21T04:00:00,17.88,17.88
2025-07-21T05:00:00,50.0,50.0
2025-07-21T06:00:00,75.54,75.54
2025-07-21T07:00:00,107.88,107.88
2025-07-21T08:00:00,80.0,80.0
2025-07-21T09:00:00,40.0,40.0
2025-07-21T10:00:00,5.11,5.11
2025-07-21T11:00:00,6.0,6.0
2025-07-21T12:00:00,15.23,15.23
2025-07-21T13:00:00,22.63,22.63
2025-07-21T14:00:00,17.22,17.22
2025-07-21T15:00:00,16.01,16.01
2025-07-21T16:00:00,8.93,8.93
2025-07-21T17:00:00,30.17,30.17
2025-07-21T18:00:00,43.81,43.81
2025-07-21T19:00:00,75.11,75.11
2025-07-21T20:00:00,115.15,115.15
2025-07-21T21:00:00,169.2,169.2
2025-07-21T22:00:00,165.43,165.43
2025-07-21T23:00:00,119.78,119.78
2025-07-22T00:00:00,116.69,116.69
2025-07-22T01:00:00,112.66,112.66
2025-07-22T02:00:00,100.0,100.0
2025-07-22T03:00:00,100.62,100.62
2025-07-22T04:00:00,99.96,99.96
2025-07-22T05:00:00,107.4,107.4
2025-07-22T06:00:00,114.56,114.56
2025-07-22T07:00:00,120.76,120.76
2025-07-22T08:00:00,105.46,105.46
2025-07-22T09:00:00,69.57,69.57
2025-07-22T10:00:00,38.5,38.5
2025-07-22T11:00:00,35.01,35.01
2025-07-22T12:00:00,35.1,35.1
2025-07-22T13:00:00,35.1,35.1
2025-07-22T14:00:00,34.75,34.75
2025-07-22T15:00:00,31.25,31.25
2025-07-22T16:00:00,31.11,31.11
2025-07-22T17:00:00,35.01,35.01
2025-07-22T18:00:00,51.83,51.83
2025-07-22T19:00:00,86.66,86.66
2025-07-22T20:00:00,113.92,113.92
2025-07-22T21:00:00,138.83,138.83
2025-07-22T22:00:00,135.05,135.05
2025-07-22T23:00:00,115.39,115.39
2025-07-23T00:00:00,112.91,112.91
2025-07-23T01:00:00,106.53,106.53
2025-07-23T02:00:00,100.62,100.62
2025-07-23T03:00:00,100.5,100.5
2025-07-23T04:00:00,101.15,101.15
2025-07-23T05:00:00,101.0,101.0
2025-07-23T06:00:00,105.46,105.46
2025-07-23T07:00:00,113.91,113.91
2025-07-23T08:00:00,96.5,96.5
2025-07-23T09:00:00,83.31,83.31
2025-07-23T10:00:00,76.4,76.4
2025-07-23T11:00:00,68.64,68.64
2025-07-23T12:00:00,61.97,61.97
2025-07-23T13:00:00,51.89,51.89
2025-07-23T14:00:00,44.88,44.88
2025-07-23T15:00:00,46.0,46.0
2025-07-23T16:00:00,47.0,47.0
2025-07-23T17:00:00,51.76,51.76
2025-07-23T18:00:00,52.13,52.13
2025-07-23T19:00:00,75.92,75.92
2025-07-23T20:00:00,105.46,105.46
2025-07-23T21:00:00,112.0,112.0
2025-07-23T22:00:00,109.96,109.96
2025-07-23T23:00:00,100.39,100.39
2025-07-24T00:00:00,95.0,95.0
2025-07-24T01:00:00,85.0,85.0
2025-07-24T02:00:00,81.88,81.88
2025-07-24T03:00:00,71.79,71.79
2025-07-24T04:00:00,63.27,63.27
2025-07-24T05:00:00,80.9,80.9
2025-07-24T06:00:00,85.62,85.62
2025-07-24T07:00:00,90.44,90.44
2025-07-24T08:00:00,60.51,60.51
2025-07-24T09:00:00,35.5,35.5
2025-07-24T10:00:00,5.11,5.11
2025-07-24T11:00:00,3.52,3.52
2025-07-24T12:00:00,2.0,2.0
2025-07-24T13:00:00,3.52,3.52
2025-07-24T14:00:00,3.52,3.52
2025-07-24T15:00:00,1.72,1.72
2025-07-24T16:00:00,1.72,1.72
2025-07-24T17:00:00,1.72,1.72
2025-07-24T18:00:00,3.52,3.52
2025-07-24T19:00:00,29.97,29.97
2025-07-24T20:00:00,50.0,50.0
2025-07-24T21:00:00,90.92,90.92
2025-07-24T22:00:00,90.68,90.68
2025-07-24T23:00:00,71.05,71.05
2025-07-25T00:00:00,73.63,73.63
2025-07-25T01:00:00,65.95,65.95
2025-07-25T02:00:00,62.0,62.0
2025-07-25T03:00:00,58.99,58.99
2025-07-25T04:00:00,51.97,51.97
2025-07-25T05:00:00,63.43,63.43
2025-07-25T06:00:00,65.95,65.95
2025-07-25T07:00:00,76.0,76.0
2025-07-25T08:00:00,58.99,58.99
2025-07-25T09:00:00,12.75,12.75
2025-07-25T10:00:00,2.51,2.51
2025-07-25T11:00:00,0.65,0.65
2025-07-25T12:00:00,0.75,0.75
2025-07-25T13:00:00,0.85,0.85
2025-07-25T14:00:00,1.1,1.1
2025-07-25T15:00:00,2.51,0.65
2025-07-25T16:00:00,4.31,0.65
2025-07-25T17:00:00,0.65,0.65
2025-07-25T18:00:00,4.31,4.31
2025-07-25T19:00:00,30.85,30.85
2025-07-25T20:00:00,85.0,85.0
2025-07-25T21:00:00,104.72,104.72
2025-07-25T22:00:00,101.94,101.94
2025-07-25T23:00:00,79.99,79.99
2025-07-26T00:00:00,96.27,96.27
2025-07-26T01:00:00,77.16,77.16
2025-07-26T02:00:00,66.28,66.28
2025-07-26T03:00:00,56.84,56.84
2025-07-26T04:00:00,46.4,46.4
2025-07-26T05:00:00,50.74,50.74
2025-07-26T06:00:00,57.33,57.33
2025-07-26T07:00:00,55.01,55.01
2025-07-26T08:00:00,41.05,41.05
2025-07-26T09:00:00,3.6,3.6
2025-07-26T10:00:00,0.65,0.65
2025-07-26T11:00:00,0.09,0.09
2025-07-26T12:00:00,0.15,0.15
2025-07-26T13:00:00,0.09,0.09
2025-07-26T14:00:00,0.01,0.01
2025-07-26T15:00:00,0.0,0.0
2025-07-26T16:00:00,0.0,0.0
2025-07-26T17:00:00,0.0,0.0
2025-07-26T18:00:00,0.65,0.65
2025-07-26T19:00:00,23.99,23.99
2025-07-26T20:00:00,65.29,65.29
2025-07-26T21:00:00,92.57,92.57
2025-07-26T22:00:00,100.0,100.0
2025-07-26T23:00:00,90.66,90.66
2025-07-27T00:00:00,72.74,72.74
2025-07-27T01:00:00,62.67,62.67
2025-07-27T02:00:00,63.0,63.0
2025-07-27T03:00:00,62.94,62.94
2025-07-27T04:00:00,56.4,56.4
2025-07-27T05:00:00,56.16,56.16
2025-07-27T06:00:00,56.16,56.16
2025-07-27T07:00:00,50.0,50.0
2025-07-27T08:00:00,32.34,32.34
2025-07-27T09:00:00,3.52,3.52
2025-07-27T10:00:00,0.0,0.0
2025-07-27T11:00:00,-0.01,-0.01
2025-07-27T12:00:00,-0.01,-0.01
2025-07-27T13:00:00,-0.01,-0.01
2025-07-27T14:00:00,-0.01,-0.01
2025-07-27T15:00:00,-0.5,-0.5
2025-07-27T16:00:00,-0.6,-0.6
2025-07-27T17:00:00,-0.5,-0.5
2025-07-27T18:00:00,0.0,0.0
2025-07-27T19:00:00,4.9,4.9
2025-07-27T20:00:00,40.0,40.0
2025-07-27T21:00:00,62.67,62.67
2025-07-27T22:00:00,88.64,88.64
2025-07-27T23:00:00,66.95,66.95
2025-07-28T00:00:00,62.29,62.29
2025-07-28T01:00:00,55.75,55.75
2025-07-28T02:00:00,50.0,50.0
2025-07-28T03:00:00,45.03,45.03
2025-07-28T04:00:00,42.49,42.49
2025-07-28T05:00:00,45.07,45.07
2025-07-28T06:00:00,50.0,50.0
2025-07-28T07:00:00,56.23,56.23
2025-07-28T08:00:00,63.71,63.71
2025-07-28T09:00:00,30.0,30.0
2025-07-28T10:00:00,5.79,5.79
2025-07-28T11:00:00,3.52,3.52
2025-07-28T12:00:00,1.21,1.21
2025-07-28T13:00:00,0.85,0.85
2025-07-28T14:00:00,0.85,0.85
2025-07-28T15:00:00,0.65,0.65
2025-07-28T16:00:00,0.65,0.65
2025-07-28T17:00:00,0.9,0.9
2025-07-28T18:00:00,3.52,3.52
2025-07-28T19:00:00,16.0,16.0
2025-07-28T20:00:00,60.0,60.0
2025-07-28T21:00:00,74.98,74.98
2025-07-28T22:00:00,88.54,88.54
2025-07-28T23:00:00,63.25,63.25
2025-07-29T00:00:00,50.68,50.68
2025-07-29T01:00:00,37.97,37.97
2025-07-29T02:00:00,34.78,34.78
2025-07-29T03:00:00,32.0,32.0
2025-07-29T04:00:00,30.28,30.28
2025-07-29T05:00:00,34.78,34.78
2025-07-29T06:00:00,45.0,45.0
2025-07-29T07:00:00,50.0,50.0
2025-07-29T08:00:00,49.45,49.45
2025-07-29T09:00:00,13.0,13.0
2025-07-29T10:00:00,3.52,3.52
2025-07-29T11:00:00,0.09,0.09
2025-07-29T12:00:00,0.15,0.15
2025-07-29T13:00:00,0.65,0.65
2025-07-29T14:00:00,0.65,0.65
2025-07-29T15:00:00,0.65,0.65
2025-07-29T16:00:00,0.65,0.65
2025-07-29T17:00:00,1.11,1.11
2025-07-29T18:00:00,8.0,8.0
2025-07-29T19:00:00,35.17,35.17
2025-07-29T20:00:00,57.58,57.58
2025-07-29T21:00:00,98.0,98.0
2025-07-29T22:00:00,103.27,103.27
2025-07-29T23:00:00,84.13,84.13
2025-07-30T00:00:00,66.7,66.7
2025-07-30T01:00:00,50.92,50.92
2025-07-30T02:00:00,43.75,43.75
2025-07-30T03:00:00,38.48,38.48
2025-07-30T04:00:00,32.55,32.55
2025-07-30T05:00:00,38.48,38.48
2025-07-30T06:00:00,45.51,45.51
2025-07-30T07:00:00,72.96,72.96
2025-07-30T08:00:00,57.38,57.38
2025-07-30T09:00:00,35.17,35.17
2025-07-30T10:00:00,9.07,9.07
2025-07-30T11:00:00,3.52,3.52
2025-07-30T12:00:00,4.31,4.31
2025-07-30T13:00:00,5.11,5.11
2025-07-30T14:00:00,5.79,5.79
2025-07-30T15:00:00,4.31,4.31
2025-07-30T16:00:00,5.0,5.0
2025-07-30T17:00:00,6.0,6.0
2025-07-30T18:00:00,30.5,30.5
2025-07-30T19:00:00,39.6,39.6
2025-07-30T20:00:00,77.99,77.99
2025-07-30T21:00:00,101.49,101.49
2025-07-30T22:00:00,104.36,104.36
2025-07-30T23:00:00,92.18,92.18
2025-07-31T00:00:00,90.0,90.0
2025-07-31T01:00:00,77.37,77.37
2025-07-31T02:00:00,71.07,71.07
2025-07-31T03:00:00,58.38,58.38
2025-07-31T04:00:00,57.75,57.75
2025-07-31T05:00:00,59.01,59.01
2025-07-31T06:00:00,81.96,81.96
2025-07-31T07:00:00,100.46,100.46
2025-07-31T08:00:00,91.55,91.55
2025-07-31T09:00:00,51.31,51.31
2025-07-31T10:00:00,30.5,30.5
2025-07-31T11:00:00,23.92,23.92
2025-07-31T12:00:00,29.01,29.01
2025-07-31T13:00:00,23.5,23.5
2025-07-31T14:00:00,25.26,25.26
2025-07-31T15:00:00,28.5,28.5
2025-07-31T16:00:00,30.0,30.0
2025-07-31T17:00:00,39.1,39.1
2025-07-31T18:00:00,54.92,54.92
2025-07-31T19:00:00,86.71,86.71
2025-07-31T20:00:00,107.99,107.99
2025-07-31T21:00:00,114.45,114.45
2025-07-31T22:00:00,110.27,110.27
2025-07-31T23:00:00,98.32,98.32
2025-08-01T00:00:00,102.22,102.22
2025-08-01T01:00:00,93.47,93.47
2025-08-01T02:00:00,81.0,81.0
2025-08-01T03:00:00,72.55,72.55
2025-08-01T04:00:00,63.98,63.98
2025-08-01T05:00:00,73.6,73.6
2025-08-01T06:00:00,83.14,83.14
2025-08-01T07:00:00,100.62,100.62
2025-08-01T08:00:00,100.0,100.0
2025-08-01T09:00:00,65.06,65.06
2025-08-01T10:00:00,45.81,45.81
2025-08-01T11:00:00,35.08,35.08
2025-08-01T12:00:00,31.87,31.87
2025-08-01T13:00:00,25.06,25.06
2025-08-01T14:00:00,20.01,20.01
2025-08-01T15:00:00,13.43,13.43
2025-08-01T16:00:00,17.42,17.42
2025-08-01T17:00:00,27.47,27.47
2025-08-01T18:00:00,44.8,44.8
2025-08-01T19:00:00,70.12,70.12
2025-08-01T20:00:00,87.34,87.34
2025-08-01T21:00:00,103.02,103.02
2025-08-01T22:00:00,102.52,102.52
2025-08-01T23:00:00,95.41,95.41
2025-08-02T00:00:00,97.8,97.8
2025-08-02T01:00:00,77.08,77.08
2025-08-02T02:00:00,65.27,65.27
2025-08-02T03:00:00,49.56,49.56
2025-08-02T04:00:00,43.33,43.33
2025-08-02T05:00:00,44.29,44.29
2025-08-02T06:00:00,51.08,51.08
2025-08-02T07:00:00,49.81,49.81
2025-08-02T08:00:00,37.33,37.33
2025-08-02T09:00:00,3.52,3.52
2025-08-02T10:00:00,1.06,1.06
2025-08-02T11:00:00,0.0,0.0
2025-08-02T12:00:00,0.0,0.0
2025-08-02T13:00:00,0.0,0.0
2025-08-02T14:00:00,0.0,0.0
2025-08-02T15:00:00,0.0,0.0
2025-08-02T16:00:00,0.0,0.0
2025-08-02T17:00:00,0.65,0.65
2025-08-02T18:00:00,4.31,3.52
2025-08-02T19:00:00,15.2,15.2
2025-08-02T20:00:00,74.53,74.53
2025-08-02T21:00:00,99.64,99.64
2025-08-02T22:00:00,99.64,99.64
2025-08-02T23:00:00,80.5,80.5
2025-08-03T00:00:00,80.4,80.4
2025-08-03T01:00:00,69.26,69.26
2025-08-03T02:00:00,42.96,42.96
2025-08-03T03:00:00,37.38,37.38
2025-08-03T04:00:00,30.02,30.02
2025-08-03T05:00:00,30.2,30.2
2025-08-03T06:00:00,32.03,32.03
2025-08-03T07:00:00,26.28,26.28
2025-08-03T08:00:00,6.16,6.16
2025-08-03T09:00:00,0.0,0.0
2025-08-03T10:00:00,-1.01,-1.01
2025-08-03T11:00:00,-2.1,-2.1
2025-08-03T12:00:00,-2.0,-3.0
2025-08-03T13:00:00,0.0,-5.0
2025-08-03T14:00:00,0.0,-4.0
2025-08-03T15:00:00,-0.01,-4.98
2025-08-03T16:00:00,-1.2,-1.49
2025-08-03T17:00:00,0.0,-0.01
2025-08-03T18:00:00,0.05,0.01
2025-08-03T19:00:00,27.08,27.08
2025-08-03T20:00:00,78.2,78.2
2025-08-03T21:00:00,96.13,96.13
2025-08-03T22:00:00,97.4,97.4
2025-08-03T23:00:00,85.09,85.09
2025-08-04T00:00:00,80.99,80.99
2025-08-04T01:00:00,80.4,80.4
2025-08-04T02:00:00,80.0,80.0
2025-08-04T03:00:00,80.4,80.4
2025-08-04T04:00:00,85.27,85.27
2025-08-04T05:00:00,85.27,85.27
2025-08-04T06:00:00,95.67,95.67
2025-08-04T07:00:00,106.23,106.23
2025-08-04T08:00:00,97.81,97.81
2025-08-04T09:00:00,52.57,52.57
2025-08-04T10:00:00,30.0,30.0
2025-08-04T11:00:00,13.75,13.75
2025-08-04T12:00:00,6.76,6.76
2025-08-04T13:00:00,4.31,4.05
2025-08-04T14:00:00,4.31,3.52
2025-08-04T15:00:00,4.31,3.52
2025-08-04T16:00:00,5.79,5.79
2025-08-04T17:00:00,26.35,26.35
2025-08-04T18:00:00,38.94,38.94
2025-08-04T19:00:00,70.77,70.77
2025-08-04T20:00:00,103.25,103.25
2025-08-04T21:00:00,168.02,168.02
2025-08-04T22:00:00,138.8,138.8
2025-08-04T23:00:00,115.04,115.04
2025-08-05T00:00:00,140.7,140.7
2025-08-05T01:00:00,107.94,107.94
2025-08-05T02:00:00,95.4,95.4
2025-08-05T03:00:00,95.4,95.4
2025-08-05T04:00:00,94.5,94.5
2025-08-05T05:00:00,91.25,91.25
2025-08-05T06:00:00,101.42,101.42
2025-08-05T07:00:00,106.22,106.22
2025-08-05T08:00:00,80.0,80.0
2025-08-05T09:00:00,30.1,30.1
2025-08-05T10:00:00,18.1,5.0
2025-08-05T11:00:00,1.72,1.72
2025-08-05T12:00:00,0.8,0.8
2025-08-05T13:00:00,0.85,0.85
2025-08-05T14:00:00,1.0,1.0
2025-08-05T15:00:00,1.01,1.01
2025-08-05T16:00:00,1.72,1.72
2025-08-05T17:00:00,0.66,0.66
2025-08-05T18:00:00,18.1,3.0
2025-08-05T19:00:00,56.0,46.4
2025-08-05T20:00:00,84.21,83.4
2025-08-05T21:00:00,102.62,102.62
2025-08-05T22:00:00,98.36,98.36
2025-08-05T23:00:00,83.16,83.16
2025-08-06T00:00:00,81.35,80.97
2025-08-06T01:00:00,80.32,75.26
2025-08-06T02:00:00,80.0,80.0
2025-08-06T03:00:00,80.4,80.4
2025-08-06T04:00:00,85.72,85.72
2025-08-06T05:00:00,97.35,97.35
2025-08-06T06:00:00,94.0,94.0
2025-08-06T07:00:00,104.41,104.41
2025-08-06T08:00:00,97.35,97.35
2025-08-06T09:00:00,76.95,76.95
2025-08-06T10:00:00,51.0,51.0
2025-08-06T11:00:00,27.67,27.67
2025-08-06T12:00:00,28.4,28.4
2025-08-06T13:00:00,27.2,27.2
2025-08-06T14:00:00,27.2,27.2
2025-08-06T15:00:00,27.2,27.2
2025-08-06T16:00:00,28.8,28.8
2025-08-06T17:00:00,52.0,52.0
2025-08-06T18:00:00,80.32,80.32
2025-08-06T19:00:00,106.22,106.22
2025-08-06T20:00:00,114.64,114.64
2025-08-06T21:00:00,170.0,170.0
2025-08-06T22:00:00,150.01,150.01
2025-08-06T23:00:00,115.43,115.43
2025-08-07T00:00:00,116.95,116.95
2025-08-07T01:00:00,108.66,108.66
2025-08-07T02:00:00,105.0,105.0
2025-08-07T03:00:00,108.62,108.62
2025-08-07T04:00:00,107.96,107.96
2025-08-07T05:00:00,108.59,108.59
2025-08-07T06:00:00,114.7,114.7
2025-08-07T07:00:00,119.28,119.28
2025-08-07T08:00:00,119.22,119.22
2025-08-07T09:00:00,80.43,80.43
2025-08-07T10:00:00,50.0,50.0
2025-08-07T11:00:00,26.39,26.39
2025-08-07T12:00:00,26.39,26.39
2025-08-07T13:00:00,28.42,28.42
2025-08-07T14:00:00,27.2,27.2
2025-08-07T15:00:00,26.39,26.39
2025-08-07T16:00:00,27.2,27.2
2025-08-07T17:00:00,48.97,48.97
2025-08-07T18:00:00,70.0,70.0
2025-08-07T19:00:00,101.53,101.53
2025-08-07T20:00:00,115.42,115.42
2025-08-07T21:00:00,145.01,145.01
2025-08-07T22:00:00,125.16,125.16
2025-08-07T23:00:00,110.0,110.0
2025-08-08T00:00:00,106.54,106.54
2025-08-08T01:00:00,103.4,103.4
2025-08-08T02:00:00,104.4,104.4
2025-08-08T03:00:00,103.52,103.52
2025-08-08T04:00:00,102.39,102.39
2025-08-08T05:00:00,104.72,104.72
2025-08-08T06:00:00,105.68,105.68
2025-08-08T07:00:00,110.46,110.46
2025-08-08T08:00:00,104.72,104.72
2025-08-08T09:00:00,68.65,68.65
2025-08-08T10:00:00,41.13,41.13
2025-08-08T11:00:00,20.75,9.0
2025-08-08T12:00:00,20.35,5.0
2025-08-08T13:00:00,6.0,1.5
2025-08-08T14:00:00,5.79,1.5
2025-08-08T15:00:00,20.35,0.74
2025-08-08T16:00:00,20.35,10.49
2025-08-08T17:00:00,69.6,49.77
2025-08-08T18:00:00,68.62,68.62
2025-08-08T19:00:00,104.07,104.07
2025-08-08T20:00:00,109.9,109.9
2025-08-08T21:00:00,136.87,136.87
2025-08-08T22:00:00,115.97,115.97
2025-08-08T23:00:00,109.0,109.0
2025-08-09T00:00:00,105.43,105.43
2025-08-09T01:00:00,105.43,105.43
2025-08-09T02:00:00,105.43,105.43
2025-08-09T03:00:00,105.41,105.41
2025-08-09T04:00:00,104.72,104.72
2025-08-09T05:00:00,104.72,104.72
2025-08-09T06:00:00,110.7,110.7
2025-08-09T07:00:00,113.12,113.12
2025-08-09T08:00:00,102.07,102.07
2025-08-09T09:00:00,43.09,43.09
2025-08-09T10:00:00,0.85,0.85
2025-08-09T11:00:00,0.2,0.0
2025-08-09T12:00:00,0.1,-0.01
2025-08-09T13:00:00,0.0,0.0
2025-08-09T14:00:00,0.0,0.0
2025-08-09T15:00:00,0.0,-0.01
2025-08-09T16:00:00,0.0,0.0
2025-08-09T17:00:00,3.52,3.52
2025-08-09T18:00:00,28.61,28.61
2025-08-09T19:00:00,69.99,69.99
2025-08-09T20:00:00,94.0,94.0
2025-08-09T21:00:00,100.26,100.26
2025-08-09T22:00:00,96.64,96.64
2025-08-09T23:00:00,94.78,94.78
2025-08-10T00:00:00,104.72,104.72
2025-08-10T01:00:00,85.44,85.44
2025-08-10T02:00:00,79.0,79.0
2025-08-10T03:00:00,68.0,68.0
2025-08-10T04:00:00,85.0,85.0
2025-08-10T05:00:00,90.5,90.5
2025-08-10T06:00:00,96.44,96.44
2025-08-10T07:00:00,90.0,90.0
2025-08-10T08:00:00,49.9,49.9
2025-08-10T09:00:00,0.0,0.0
2025-08-10T10:00:00,-0.25,-0.44
2025-08-10T11:00:00,-0.25,-0.99
2025-08-10T12:00:00,-0.5,-1.0
2025-08-10T13:00:00,-0.62,-0.62
2025-08-10T14:00:00,-0.6,-0.6
2025-08-10T15:00:00,-0.6,-0.6
2025-08-10T16:00:00,-0.5,-0.5
2025-08-10T17:00:00,1.72,1.72
2025-08-10T18:00:00,26.5,26.5
2025-08-10T19:00:00,80.5,80.5
2025-08-10T20:00:00,98.01,98.01
2025-08-10T21:00:00,130.0,130.0
2025-08-10T22:00:00,136.87,136.87
2025-08-10T23:00:00,112.98,112.98
2025-08-11T00:00:00,109.7,109.7
2025-08-11T01:00:00,100.43,100.43
2025-08-11T02:00:00,100.0,100.0
2025-08-11T03:00:00,99.89,99.89
2025-08-11T04:00:00,99.18,99.18
2025-08-11T05:00:00,99.89,99.89
2025-08-11T06:00:00,99.65,99.65
2025-08-11T07:00:00,105.43,105.43
2025-08-11T08:00:00,100.61,100.61
2025-08-11T09:00:00,63.6,63.6
2025-08-11T10:00:00,45.0,45.0
2025-08-11T11:00:00,22.51,22.51
2025-08-11T12:00:00,15.0,15.0
2025-08-11T13:00:00,15.0,15.0
2025-08-11T14:00:00,10.0,10.0
2025-08-11T15:00:00,9.0,9.0
2025-08-11T16:00:00,44.5,44.5
2025-08-11T17:00:00,57.97,57.97
2025-08-11T18:00:00,90.0,90.0
2025-08-11T19:00:00,111.24,111.24
2025-08-11T20:00:00,135.09,135.09
2025-08-11T21:00:00,144.41,144.41
2025-08-11T22:00:00,133.51,133.51
2025-08-11T23:00:00,110.91,110.91
2025-08-12T00:00:00,109.13,109.13
2025-08-12T01:00:00,99.94,99.94
2025-08-12T02:00:00,104.72,104.72
2025-08-12T03:00:00,104.38,104.38
2025-08-12T04:00:00,103.0,103.0
2025-08-12T05:00:00,104.38,104.38
2025-08-12T06:00:00,99.18,99.18
2025-08-12T07:00:00,109.7,109.7
2025-08-12T08:00:00,98.69,98.69
2025-08-12T09:00:00,96.13,96.13
2025-08-12T10:00:00,66.34,66.34
2025-08-12T11:00:00,40.94,40.94
2025-08-12T12:00:00,27.2,27.2
2025-08-12T13:00:00,26.28,26.28
2025-08-12T14:00:00,27.2,27.2
2025-08-12T15:00:00,35.05,35.05
2025-08-12T16:00:00,63.8,63.8
2025-08-12T17:00:00,85.82,85.82
2025-08-12T18:00:00,96.78,96.78
2025-08-12T19:00:00,121.86,121.86
2025-08-12T20:00:00,154.93,154.93
2025-08-12T21:00:00,140.81,140.81
2025-08-12T22:00:00,126.87,126.87
2025-08-12T23:00:00,109.7,109.7
2025-08-13T00:00:00,109.73,109.73
2025-08-13T01:00:00,110.7,110.7
2025-08-13T02:00:00,109.98,109.98
2025-08-13T03:00:00,105.55,105.55
2025-08-13T04:00:00,104.32,104.32
2025-08-13T05:00:00,104.32,104.32
2025-08-13T06:00:00,105.0,105.0
2025-08-13T07:00:00,121.17,121.17
2025-08-13T08:00:00,118.24,118.24
2025-08-13T09:00:00,94.1,94.1
2025-08-13T10:00:00,90.0,90.0
2025-08-13T11:00:00,71.0,71.0
2025-08-13T12:00:00,63.48,63.48
2025-08-13T13:00:00,60.0,60.0
2025-08-13T14:00:00,63.22,63.22
2025-08-13T15:00:00,70.9,70.9
2025-08-13T16:00:00,84.15,84.15
2025-08-13T17:00:00,93.1,93.1
2025-08-13T18:00:00,105.0,105.0
2025-08-13T19:00:00,107.23,107.23
2025-08-13T20:00:00,155.1,155.1
2025-08-13T21:00:00,153.0,153.0
2025-08-13T22:00:00,123.21,123.21
2025-08-13T23:00:00,106.27,106.27
2025-08-14T00:00:00,126.87,126.87
2025-08-14T01:00:00,115.7,115.7
2025-08-14T02:00:00,110.28,110.28
2025-08-14T03:00:00,105.27,105.27
2025-08-14T04:00:00,102.0,102.0
2025-08-14T05:00:00,101.12,101.12
2025-08-14T06:00:00,107.0,107.0
2025-08-14T07:00:00,109.65,109.65
2025-08-14T08:00:00,99.31,99.31
2025-08-14T09:00:00,90.92,90.92
2025-08-14T10:00:00,71.67,71.67
2025-08-14T11:00:00,67.4,67.4
2025-08-14T12:00:00,54.01,54.01
2025-08-14T13:00:00,40.91,40.91
2025-08-14T14:00:00,54.9,54.9
2025-08-14T15:00:00,69.43,69.43
2025-08-14T16:00:00,71.67,71.67
2025-08-14T17:00:00,80.0,80.0
2025-08-14T18:00:00,102.0,102.0
2025-08-14T19:00:00,115.78,115.78
2025-08-14T20:00:00,137.99,137.99
2025-08-14T21:00:00,149.02,149.02
2025-08-14T22:00:00,125.88,125.88
2025-08-14T23:00:00,111.92,111.92
2025-08-15T00:00:00,119.07,119.07
2025-08-15T01:00:00,105.3,105.3
2025-08-15T02:00:00,99.9,99.9
2025-08-15T03:00:00,96.22,96.22
2025-08-15T04:00:00,93.66,93.66
2025-08-15T05:00:00,91.16,91.16
2025-08-15T06:00:00,98.5,98.5
2025-08-15T07:00:00,97.52,97.52
2025-08-15T08:00:00,71.89,71.89
2025-08-15T09:00:00,43.97,43.97
2025-08-15T10:00:00,6.0,6.0
2025-08-15T11:00:00,3.0,3.0
2025-08-15T12:00:00,0.08,0.08
2025-08-15T13:00:00,0.0,0.0
2025-08-15T14:00:00,0.0,0.0
2025-08-15T15:00:00,1.72,1.72
2025-08-15T16:00:00,23.53,23.53
2025-08-15T17:00:00,33.23,33.23
2025-08-15T18:00:00,61.12,61.12
2025-08-15T19:00:00,100.82,100.82
2025-08-15T20:00:00,111.39,111.39
2025-08-15T21:00:00,144.75,144.75
2025-08-15T22:00:00,142.0,142.0
2025-08-15T23:00:00,117.63,117.63
2025-08-16T00:00:00,118.82,118.82
2025-08-16T01:00:00,114.32,114.32
2025-08-16T02:00:00,109.69,109.69
2025-08-16T03:00:00,105.0,105.0
2025-08-16T04:00:00,104.28,104.28
2025-08-16T05:00:00,105.35,105.35
2025-08-16T06:00:00,108.43,108.43
2025-08-16T07:00:00,111.19,111.19
2025-08-16T08:00:00,103.67,103.67
2025-08-16T09:00:00,60.93,60.93
2025-08-16T10:00:00,26.28,26.28
2025-08-16T11:00:00,3.8,3.8
2025-08-16T12:00:00,2.01,0.65
2025-08-16T13:00:00,2.01,0.65
2025-08-16T14:00:00,0.66,0.66
2025-08-16T15:00:00,1.1,1.1
2025-08-16T16:00:00,3.6,3.6
2025-08-16T17:00:00,21.52,21.52
2025-08-16T18:00:00,68.8,68.8
2025-08-16T19:00:00,100.0,100.0
2025-08-16T20:00:00,111.05,111.05
2025-08-16T21:00:00,144.0,144.0
2025-08-16T22:00:00,137.0,137.0
2025-08-16T23:00:00,117.65,117.65
2025-08-17T00:00:00,118.58,118.58
2025-08-17T01:00:00,113.12,113.12
2025-08-17T02:00:00,106.27,106.27
2025-08-17T03:00:00,104.59,104.59
2025-08-17T04:00:00,104.66,104.66
2025-08-17T05:00:00,105.01,105.01
2025-08-17T06:00:00,104.34,104.34
2025-08-17T07:00:00,96.99,96.99
2025-08-17T08:00:00,101.12,101.12
2025-08-17T09:00:00,27.2,27.2
2025-08-17T10:00:00,9.7,9.7
2025-08-17T11:00:00,2.01,0.65
2025-08-17T12:00:00,0.65,0.65
2025-08-17T13:00:00,0.65,0.65
2025-08-17T14:00:00,0.65,0.65
2025-08-17T15:00:00,0.65,0.65
2025-08-17T16:00:00,5.13,5.13
2025-08-17T17:00:00,16.72,16.72
2025-08-17T18:00:00,51.45,51.45
2025-08-17T19:00:00,94.03,94.03
2025-08-17T20:00:00,113.12,113.12
2025-08-17T21:00:00,124.65,124.65
2025-08-17T22:00:00,131.25,131.25
2025-08-17T23:00:00,117.67,117.67
2025-08-18T00:00:00,109.52,109.52
2025-08-18T01:00:00,105.54,105.54
2025-08-18T02:00:00,104.3,104.3
2025-08-18T03:00:00,103.1,103.1
2025-08-18T04:00:00,99.82,99.82
2025-08-18T05:00:00,101.12,101.12
2025-08-18T06:00:00,105.34,105.34
2025-08-18T07:00:00,106.54,106.54
2025-08-18T08:00:00,106.54,106.54
2025-08-18T09:00:00,104.56,104.56
2025-08-18T10:00:00,97.52,97.52
2025-08-18T11:00:00,75.59,75.59
2025-08-18T12:00:00,69.0,69.0
2025-08-18T13:00:00,69.0,69.0
2025-08-18T14:00:00,67.9,67.9
2025-08-18T15:00:00,60.0,60.0
2025-08-18T16:00:00,69.26,69.26
2025-08-18T17:00:00,84.53,84.53
2025-08-18T18:00:00,104.07,104.07
2025-08-18T19:00:00,115.06,115.06
2025-08-18T20:00:00,120.0,120.0
2025-08-18T21:00:00,120.76,120.76
2025-08-18T22:00:00,114.32,114.32
2025-08-18T23:00:00,106.84,106.84
2025-08-19T00:00:00,103.06,103.06
2025-08-19T01:00:00,101.12,101.12
2025-08-19T02:00:00,98.1,98.1
2025-08-19T03:00:00,92.41,92.41
2025-08-19T04:00:00,90.37,90.37
2025-08-19T05:00:00,91.4,91.4
2025-08-19T06:00:00,99.0,99.0
2025-08-19T07:00:00,102.82,102.82
2025-08-19T08:00:00,98.1,98.1
2025-08-19T09:00:00,88.57,88.57
2025-08-19T10:00:00,69.64,69.64
2025-08-19T11:00:00,43.23,43.23
2025-08-19T12:00:00,30.0,30.0
2025-08-19T13:00:00,29.14,29.14
2025-08-19T14:00:00,30.91,30.91
2025-08-19T15:00:00,40.54,40.54
2025-08-19T16:00:00,46.8,46.8
2025-08-19T17:00:00,48.7,48.7
2025-08-19T18:00:00,62.2,62.2
2025-08-19T19:00:00,88.97,88.97
2025-08-19T20:00:00,97.74,97.74
2025-08-19T21:00:00,106.85,106.85
2025-08-19T22:00:00,106.54,106.54
2025-08-19T23:00:00,99.0,99.0
2025-08-20T00:00:00,95.58,95.58
2025-08-20T01:00:00,88.03,88.03
2025-08-20T02:00:00,83.0,83.0
2025-08-20T03:00:00,81.0,81.0
2025-08-20T04:00:00,76.2,76.2
2025-08-20T05:00:00,82.0,82.0
2025-08-20T06:00:00,88.46,88.46
2025-08-20T07:00:00,96.54,96.54
2025-08-20T08:00:00,89.81,89.81
2025-08-20T09:00:00,71.55,71.55
2025-08-20T10:00:00,49.8,49.8
2025-08-20T11:00:00,49.9,49.9
2025-08-20T12:00:00,49.02,49.02
2025-08-20T13:00:00,35.0,35.0
2025-08-20T14:00:00,31.53,31.53
2025-08-20T15:00:00,27.2,27.2
2025-08-20T16:00:00,27.99,27.99
2025-08-20T17:00:00,37.0,37.0
2025-08-20T18:00:00,49.27,49.27
2025-08-20T19:00:00,69.27,69.27
2025-08-20T20:00:00,78.73,78.73
2025-08-20T21:00:00,100.07,100.07
2025-08-20T22:00:00,97.52,97.52
2025-08-20T23:00:00,84.98,84.98
2025-08-21T00:00:00,95.28,95.28
2025-08-21T01:00:00,88.88,88.88
2025-08-21T02:00:00,85.26,85.26
2025-08-21T03:00:00,83.68,83.68
2025-08-21T04:00:00,82.1,82.1
2025-08-21T05:00:00,84.0,84.0
2025-08-21T06:00:00,85.82,85.82
2025-08-21T07:00:00,101.12,101.12
2025-08-21T08:00:00,85.26,85.26
2025-08-21T09:00:00,50.2,50.2
2025-08-21T10:00:00,25.67,25.67
2025-08-21T11:00:00,10.0,10.0
2025-08-21T12:00:00,7.89,7.89
2025-08-21T13:00:00,5.11,5.11
2025-08-21T14:00:00,5.11,5.11
2025-08-21T15:00:00,4.31,3.52
2025-08-21T16:00:00,5.79,5.79
2025-08-21T17:00:00,6.0,6.0
2025-08-21T18:00:00,25.0,25.0
2025-08-21T19:00:00,50.0,50.0
2025-08-21T20:00:00,77.84,77.84
2025-08-21T21:00:00,83.26,83.26
2025-08-21T22:00:00,75.0,75.0
2025-08-21T23:00:00,71.6,71.6
2025-08-22T00:00:00,77.1,77.1
2025-08-22T01:00:00,72.0,72.0
2025-08-22T02:00:00,68.01,68.01
2025-08-22T03:00:00,65.2,65.2
2025-08-22T04:00:00,70.01,70.01
2025-08-22T05:00:00,69.81,69.81
2025-08-22T06:00:00,71.03,71.03
2025-08-22T07:00:00,78.06,78.06
2025-08-22T08:00:00,75.1,75.1
2025-08-22T09:00:00,49.67,49.67
2025-08-22T10:00:00,15.57,15.57
2025-08-22T11:00:00,5.11,5.11
2025-08-22T12:00:00,4.31,4.31
2025-08-22T13:00:00,5.79,5.79
2025-08-22T14:00:00,5.37,5.37
2025-08-22T15:00:00,5.01,5.01
2025-08-22T16:00:00,5.79,5.79
2025-08-22T17:00:00,20.0,20.0
2025-08-22T18:00:00,35.2,35.2
2025-08-22T19:00:00,84.56,84.56
2025-08-22T20:00:00,104.53,104.53
2025-08-22T21:00:00,103.49,103.49
2025-08-22T22:00:00,101.59,101.59
2025-08-22T23:00:00,94.37,94.37
2025-08-23T00:00:00,95.33,95.33
2025-08-23T01:00:00,89.32,89.32
2025-08-23T02:00:00,80.94,80.94
2025-08-23T03:00:00,78.21,78.21
2025-08-23T04:00:00,76.06,76.06
2025-08-23T05:00:00,79.1,79.1
2025-08-23T06:00:00,84.28,84.28
2025-08-23T07:00:00,86.42,86.42
2025-08-23T08:00:00,79.15,79.15
2025-08-23T09:00:00,55.02,55.02
2025-08-23T10:00:00,15.85,15.85
2025-08-23T11:00:00,3.46,3.46
2025-08-23T12:00:00,1.82,1.82
2025-08-23T13:00:00,3.0,0.75
2025-08-23T14:00:00,0.65,0.65
2025-08-23T15:00:00,3.52,3.52
2025-08-23T16:00:00,11.99,11.99
2025-08-23T17:00:00,38.38,38.38
2025-08-23T18:00:00,64.64,64.64
2025-08-23T19:00:00,106.96,106.96
2025-08-23T20:00:00,118.85,118.85
2025-08-23T21:00:00,130.87,130.87
2025-08-23T22:00:00,111.16,111.16
2025-08-23T23:00:00,108.96,108.96
2025-08-24T00:00:00,106.0,106.0
2025-08-24T01:00:00,101.12,101.12
2025-08-24T02:00:00,97.52,97.52
2025-08-24T03:00:00,94.24,94.24
2025-08-24T04:00:00,93.76,93.76
2025-08-24T05:00:00,94.0,94.0
2025-08-24T06:00:00,94.24,94.24
2025-08-24T07:00:00,95.96,95.96
2025-08-24T08:00:00,75.0,75.0
2025-08-24T09:00:00,25.0,25.0
2025-08-24T10:00:00,0.0,0.0
2025-08-24T11:00:00,-0.01,-0.05
2025-08-24T12:00:00,-0.01,-0.6
2025-08-24T13:00:00,0.0,-0.6
2025-08-24T14:00:00,-0.01,-0.5
2025-08-24T15:00:00,-0.1,-0.1
2025-08-24T16:00:00,0.0,0.0
2025-08-24T17:00:00,12.93,12.93
2025-08-24T18:00:00,61.15,61.15
2025-08-24T19:00:00,98.57,98.57
2025-08-24T20:00:00,114.99,114.99
2025-08-24T21:00:00,114.32,114.32
2025-08-24T22:00:00,111.92,111.92
2025-08-24T23:00:00,105.77,105.77
2025-08-25T00:00:00,111.92,111.92
2025-08-25T01:00:00,107.5,107.5
2025-08-25T02:00:00,104.99,104.99
2025-08-25T03:00:00,101.12,101.12
2025-08-25T04:00:00,98.35,98.35
2025-08-25T05:00:00,104.99,104.99
2025-08-25T06:00:00,108.73,108.73
2025-08-25T07:00:00,114.32,114.32
2025-08-25T08:00:00,114.32,114.32
2025-08-25T09:00:00,108.32,108.32
2025-08-25T10:00:00,89.51,89.51
2025-08-25T11:00:00,65.01,65.01
2025-08-25T12:00:00,55.2,55.2
2025-08-25T13:00:00,35.0,35.0
2025-08-25T14:00:00,26.17,26.17
2025-08-25T15:00:00,25.2,25.2
2025-08-25T16:00:00,56.43,56.43
2025-08-25T17:00:00,70.1,70.1
2025-08-25T18:00:00,97.43,97.43
2025-08-25T19:00:00,114.78,114.78
2025-08-25T20:00:00,125.95,125.95
2025-08-25T21:00:00,142.0,142.0
2025-08-25T22:00:00,123.11,123.11
2025-08-25T23:00:00,114.68,114.68
2025-08-26T00:00:00,106.76,106.76
2025-08-26T01:00:00,102.4,102.4
2025-08-26T02:00:00,99.99,99.99
2025-08-26T03:00:00,99.6,99.6
2025-08-26T04:00:00,100.78,100.78
2025-08-26T05:00:00,102.4,102.4
2025-08-26T06:00:00,109.52,109.52
2025-08-26T07:00:00,125.95,125.95
2025-08-26T08:00:00,112.79,112.79
2025-08-26T09:00:00,97.52,97.52
2025-08-26T10:00:00,70.0,70.0
2025-08-26T11:00:00,60.65,60.65
2025-08-26T12:00:00,41.25,41.25
2025-08-26T13:00:00,26.28,26.28
2025-08-26T14:00:00,38.05,38.05
2025-08-26T15:00:00,47.44,47.44
2025-08-26T16:00:00,60.0,60.0
2025-08-26T17:00:00,65.03,65.03
2025-08-26T18:00:00,76.1,76.1
2025-08-26T19:00:00,103.14,103.14
2025-08-26T20:00:00,117.0,117.0
2025-08-26T21:00:00,123.46,123.46
2025-08-26T22:00:00,113.12,113.12
2025-08-26T23:00:00,106.79,106.79
2025-08-27T00:00:00,109.1,109.1
2025-08-27T01:00:00,102.84,102.84
2025-08-27T02:00:00,101.12,101.12
2025-08-27T03:00:00,97.54,97.54
2025-08-27T04:00:00,93.05,93.05
2025-08-27T05:00:00,93.05,93.05
2025-08-27T06:00:00,102.84,102.84
2025-08-27T07:00:00,113.12,113.12
2025-08-27T08:00:00,113.64,113.64
2025-08-27T09:00:00,101.63,101.63
2025-08-27T10:00:00,85.21,85.21
2025-08-27T11:00:00,77.75,77.75
2025-08-27T12:00:00,63.65,63.65
2025-08-27T13:00:00,49.85,49.85
2025-08-27T14:00:00,50.62,50.62
2025-08-27T15:00:00,50.62,50.62
2025-08-27T16:00:00,51.14,51.14
2025-08-27T17:00:00,51.4,51.4
2025-08-27T18:00:00,64.9,64.9
2025-08-27T19:00:00,99.0,99.0
2025-08-27T20:00:00,109.1,109.1
2025-08-27T21:00:00,114.32,114.32
2025-08-27T22:00:00,113.63,113.63
2025-08-27T23:00:00,103.57,103.57
2025-08-28T00:00:00,97.15,97.15
2025-08-28T01:00:00,90.14,90.14
2025-08-28T02:00:00,86.07,86.07
2025-08-28T03:00:00,73.25,73.25
2025-08-28T04:00:00,69.4,69.4
2025-08-28T05:00:00,76.42,76.42
2025-08-28T06:00:00,83.38,83.38
2025-08-28T07:00:00,90.38,90.38
2025-08-28T08:00:00,90.38,90.38
2025-08-28T09:00:00,69.4,69.4
2025-08-28T10:00:00,17.35,17.35
2025-08-28T11:00:00,9.65,3.52
2025-08-28T12:00:00,5.64,1.72
2025-08-28T13:00:00,4.31,1.5
2025-08-28T14:00:00,0.65,0.65
2025-08-28T15:00:00,0.01,0.01
2025-08-28T16:00:00,0.65,0.65
2025-08-28T17:00:00,1.5,1.5
2025-08-28T18:00:00,5.11,5.11
2025-08-28T19:00:00,65.28,65.28
2025-08-28T20:00:00,90.0,90.0
2025-08-28T21:00:00,97.08,97.08
2025-08-28T22:00:00,93.77,93.77
2025-08-28T23:00:00,88.09,88.09
2025-08-29T00:00:00,82.7,82.7
2025-08-29T01:00:00,79.64,79.64
2025-08-29T02:00:00,72.2,72.2
2025-08-29T03:00:00,60.0,60.0
2025-08-29T04:00:00,54.43,54.43
2025-08-29T05:00:00,54.6,54.6
2025-08-29T06:00:00,75.01,75.01
2025-08-29T07:00:00,80.2,80.2
2025-08-29T08:00:00,70.09,70.09
2025-08-29T09:00:00,42.47,42.47
2025-08-29T10:00:00,5.0,5.0
2025-08-29T11:00:00,0.83,0.83
2025-08-29T12:00:00,0.65,0.65
2025-08-29T13:00:00,0.01,0.01
2025-08-29T14:00:00,0.0,0.0
2025-08-29T15:00:00,0.0,0.0
2025-08-29T16:00:00,0.0,0.0
2025-08-29T17:00:00,0.0,0.0
2025-08-29T18:00:00,3.52,3.52
2025-08-29T19:00:00,53.55,53.55
2025-08-29T20:00:00,81.8,81.8
2025-08-29T21:00:00,100.01,100.01
2025-08-29T22:00:00,95.14,95.14
2025-08-29T23:00:00,86.17,86.17
2025-08-30T00:00:00,91.56,91.56
2025-08-30T01:00:00,86.64,86.64
2025-08-30T02:00:00,87.56,87.56
2025-08-30T03:00:00,83.48,83.48
2025-08-30T04:00:00,80.88,80.88
2025-08-30T05:00:00,80.64,80.64
2025-08-30T06:00:00,85.06,85.06
2025-08-30T07:00:00,88.29,88.29
2025-08-30T08:00:00,77.0,77.0
2025-08-30T09:00:00,32.0,32.0
2025-08-30T10:00:00,9.5,9.5
2025-08-30T11:00:00,1.99,0.65
2025-08-30T12:00:00,0.0,0.0
2025-08-30T13:00:00,0.0,-0.01
2025-08-30T14:00:00,-0.01,-0.01
2025-08-30T15:00:00,0.0,0.0
2025-08-30T16:00:00,0.0,0.0
2025-08-30T17:00:00,0.0,0.0
2025-08-30T18:00:00,8.16,8.16
2025-08-30T19:00:00,57.97,57.97
2025-08-30T20:00:00,89.93,89.93
2025-08-30T21:00:00,107.12,107.12
2025-08-30T22:00:00,101.12,101.12
2025-08-30T23:00:00,95.0,95.0
2025-08-31T00:00:00,81.06,81.06
2025-08-31T01:00:00,75.4,75.4
2025-08-31T02:00:00,70.5,70.5
2025-08-31T03:00:00,67.0,67.0
2025-08-31T04:00:00,70.12,70.12
2025-08-31T05:00:00,70.12,70.12
2025-08-31T06:00:00,70.12,70.12
2025-08-31T07:00:00,75.4,75.4
2025-08-31T08:00:00,45.0,45.0
2025-08-31T09:00:00,3.6,3.6
2025-08-31T10:00:00,0.0,0.0
2025-08-31T11:00:00,-0.01,-0.01
2025-08-31T12:00:00,-0.08,-0.08
2025-08-31T13:00:00,-0.95,-0.95
2025-08-31T14:00:00,-0.6,-0.6
2025-08-31T15:00:00,-0.62,-0.62
2025-08-31T16:00:00,-0.98,-0.98
2025-08-31T17:00:00,-0.27,-0.27
2025-08-31T18:00:00,0.0,0.0
2025-08-31T19:00:00,3.52,3.52
2025-08-31T20:00:00,59.55,59.55
2025-08-31T21:00:00,73.88,73.88
2025-08-31T22:00:00,71.4,71.4
2025-08-31T23:00:00,62.0,62.0
2025-09-01T00:00:00,35.79,35.79
2025-09-01T01:00:00,18.07,18.07
2025-09-01T02:00:00,22.34,22.34
2025-09-01T03:00:00,17.64,17.64
2025-09-01T04:00:00,15.0,15.0
2025-09-01T05:00:00,25.21,25.21
2025-09-01T06:00:00,33.23,33.23
2025-09-01T07:00:00,53.18,53.18
2025-09-01T08:00:00,64.0,64.0
2025-09-01T09:00:00,35.79,35.79
2025-09-01T10:00:00,3.52,3.52
2025-09-01T11:00:00,0.5,0.0
2025-09-01T12:00:00,0.05,0.0
2025-09-01T13:00:00,0.0,0.0
2025-09-01T14:00:00,0.0,0.0
2025-09-01T15:00:00,0.0,0.0
2025-09-01T16:00:00,0.0,0.0
2025-09-01T17:00:00,0.0,0.0
2025-09-01T18:00:00,3.52,3.52
2025-09-01T19:00:00,55.0,55.0
2025-09-01T20:00:00,80.0,80.0
2025-09-01T21:00:00,100.01,100.01
2025-09-01T22:00:00,92.8,92.8
2025-09-01T23:00:00,80.0,80.0
2025-09-02T00:00:00,100.86,100.86
2025-09-02T01:00:00,95.0,95.0
2025-09-02T02:00:00,87.2,87.2
2025-09-02T03:00:00,81.88,81.88
2025-09-02T04:00:00,80.3,80.3
2025-09-02T05:00:00,80.3,80.3
2025-09-02T06:00:00,81.55,81.55
2025-09-02T07:00:00,95.15,95.15
2025-09-02T08:00:00,87.2,87.2
2025-09-02T09:00:00,39.0,39.0
2025-09-02T10:00:00,7.96,7.96
2025-09-02T11:00:00,4.01,1.2
2025-09-02T12:00:00,4.31,1.5
2025-09-02T13:00:00,4.01,0.65
2025-09-02T14:00:00,4.01,0.21
2025-09-02T15:00:00,4.31,1.5
2025-09-02T16:00:00,4.01,3.52
2025-09-02T17:00:00,14.0,14.0
2025-09-02T18:00:00,32.89,32.89
2025-09-02T19:00:00,84.0,84.0
2025-09-02T20:00:00,109.52,109.52
2025-09-02T21:00:00,160.0,160.0
2025-09-02T22:00:00,116.72,116.72
2025-09-02T23:00:00,104.22,104.22
2025-09-03T00:00:00,105.23,105.23
2025-09-03T01:00:00,95.0,95.0
2025-09-03T02:00:00,85.0,85.0
2025-09-03T03:00:00,80.5,80.5
2025-09-03T04:00:00,76.05,76.05
2025-09-03T05:00:00,76.05,76.05
2025-09-03T06:00:00,83.22,83.22
2025-09-03T07:00:00,93.0,93.0
2025-09-03T08:00:00,83.22,83.22
2025-09-03T09:00:00,17.5,17.5
2025-09-03T10:00:00,2.01,0.0
2025-09-03T11:00:00,2.01,-0.01
2025-09-03T12:00:00,0.5,-0.01
2025-09-03T13:00:00,0.5,-0.02
2025-09-03T14:00:00,0.05,-0.02
2025-09-03T15:00:00,0.05,-0.01
2025-09-03T16:00:00,0.0,-0.01
2025-09-03T17:00:00,0.05,0.0
2025-09-03T18:00:00,12.85,12.85
2025-09-03T19:00:00,70.0,70.0
2025-09-03T20:00:00,103.13,103.13
2025-09-03T21:00:00,133.45,133.45
2025-09-03T22:00:00,107.43,107.43
2025-09-03T23:00:00,100.86,100.86
2025-09-04T00:00:00,91.24,91.24
2025-09-04T01:00:00,85.0,85.0
2025-09-04T02:00:00,79.91,79.91
2025-09-04T03:00:00,72.27,72.27
2025-09-04T04:00:00,70.0,70.0
2025-09-04T05:00:00,70.7,70.7
2025-09-04T06:00:00,81.02,81.02
2025-09-04T07:00:00,103.55,103.55
2025-09-04T08:00:00,93.53,93.53
2025-09-04T09:00:00,50.0,50.0
2025-09-04T10:00:00,18.07,18.07
2025-09-04T11:00:00,5.79,5.79
2025-09-04T12:00:00,3.2,3.2
2025-09-04T13:00:00,2.01,1.72
2025-09-04T14:00:00,1.6,1.6
2025-09-04T15:00:00,2.01,1.55
2025-09-04T16:00:00,3.7,3.7
2025-09-04T17:00:00,7.01,7.01
2025-09-04T18:00:00,28.19,28.19
2025-09-04T19:00:00,66.04,66.04
2025-09-04T20:00:00,102.5,102.5
2025-09-04T21:00:00,112.99,112.99
2025-09-04T22:00:00,100.45,100.45
2025-09-04T23:00:00,85.5,85.5
2025-09-05T00:00:00,89.25,89.25
2025-09-05T01:00:00,79.02,79.02
2025-09-05T02:00:00,65.0,65.0
2025-09-05T03:00:00,60.0,60.0
2025-09-05T04:00:00,53.31,53.31
2025-09-05T05:00:00,60.0,60.0
2025-09-05T06:00:00,76.79,76.79
2025-09-05T07:00:00,89.99,89.99
2025-09-05T08:00:00,88.22,88.22
2025-09-05T09:00:00,79.1,79.1
2025-09-05T10:00:00,35.0,35.0
2025-09-05T11:00:00,10.0,10.0
2025-09-05T12:00:00,3.52,3.52
2025-09-05T13:00:00,3.52,3.52
2025-09-05T14:00:00,3.0,1.03
2025-09-05T15:00:00,4.31,0.65
2025-09-05T16:00:00,4.31,0.85
2025-09-05T17:00:00,4.31,3.52
2025-09-05T18:00:00,45.23,45.23
2025-09-05T19:00:00,89.25,89.25
2025-09-05T20:00:00,103.97,103.97
2025-09-05T21:00:00,107.1,107.1
2025-09-05T22:00:00,95.0,95.0
2025-09-05T23:00:00,88.38,88.38
2025-09-06T00:00:00,74.64,74.64
2025-09-06T01:00:00,58.78,58.78
2025-09-06T02:00:00,48.71,48.71
2025-09-06T03:00:00,39.9,39.9
2025-09-06T04:00:00,34.8,34.8
2025-09-06T05:00:00,33.46,33.46
2025-09-06T06:00:00,35.0,35.0
2025-09-06T07:00:00,42.0,42.0
2025-09-06T08:00:00,34.9,34.9
2025-09-06T09:00:00,15.23,15.23
2025-09-06T10:00:00,1.72,1.72
2025-09-06T11:00:00,0.0,0.0
2025-09-06T12:00:00,-0.02,-0.02
2025-09-06T13:00:00,-0.86,-0.86
2025-09-06T14:00:00,-0.99,-0.99
2025-09-06T15:00:00,-0.16,-0.16
2025-09-06T16:00:00,-0.02,-0.02
2025-09-06T17:00:00,0.0,0.0
2025-09-06T18:00:00,0.0,0.0
2025-09-06T19:00:00,24.37,24.37
2025-09-06T20:00:00,42.0,42.0
2025-09-06T21:00:00,58.54,58.54
2025-09-06T22:00:00,55.44,55.44
2025-09-06T23:00:00,39.5,39.5
2025-09-07T00:00:00,23.0,23.0
2025-09-07T01:00:00,14.0,14.0
2025-09-07T02:00:00,25.15,25.15
2025-09-07T03:00:00,21.0,21.0
2025-09-07T04:00:00,18.32,18.32
2025-09-07T05:00:00,26.28,26.28
2025-09-07T06:00:00,14.0,14.0
2025-09-07T07:00:00,19.99,19.99
2025-09-07T08:00:00,26.5,26.5
2025-09-07T09:00:00,25.3,25.3
2025-09-07T10:00:00,4.96,4.96
2025-09-07T11:00:00,0.66,0.66
2025-09-07T12:00:00,0.0,0.0
2025-09-07T13:00:00,0.01,0.01
2025-09-07T14:00:00,0.16,0.16
2025-09-07T15:00:00,0.0,0.0
2025-09-07T16:00:00,0.65,0.65
2025-09-07T17:00:00,6.08,6.08
2025-09-07T18:00:00,47.5,47.5
2025-09-07T19:00:00,79.02,79.02
2025-09-07T20:00:00,98.21,98.21
2025-09-07T21:00:00,111.56,111.56
2025-09-07T22:00:00,104.9,104.9
2025-09-07T23:00:00,97.0,97.0
2025-09-08T00:00:00,104.5,104.5
2025-09-08T01:00:00,94.5,94.5
2025-09-08T02:00:00,91.54,91.54
2025-09-08T03:00:00,85.52,85.52
2025-09-08T04:00:00,80.94,80.94
2025-09-08T05:00:00,81.97,81.97
2025-09-08T06:00:00,92.02,92.02
2025-09-08T07:00:00,104.45,104.45
2025-09-08T08:00:00,108.36,108.36
2025-09-08T09:00:00,98.21,98.21
2025-09-08T10:00:00,85.83,85.83
2025-09-08T11:00:00,63.0,63.0
2025-09-08T12:00:00,52.01,52.01
2025-09-08T13:00:00,38.56,38.56
2025-09-08T14:00:00,27.2,27.2
2025-09-08T15:00:00,27.08,27.08
2025-09-08T16:00:00,27.2,27.2
2025-09-08T17:00:00,48.64,48.64
2025-09-08T18:00:00,73.08,73.08
2025-09-08T19:00:00,91.15,91.15
2025-09-08T20:00:00,98.21,98.21
2025-09-08T21:00:00,95.26,95.26
2025-09-08T22:00:00,90.51,90.51
2025-09-08T23:00:00,73.08,73.08
2025-09-09T00:00:00,63.33,63.33
2025-09-09T01:00:00,63.33,63.33
2025-09-09T02:00:00,61.51,61.51
2025-09-09T03:00:00,61.51,61.51
2025-09-09T04:00:00,61.51,61.51
2025-09-09T05:00:00,69.45,69.45
2025-09-09T06:00:00,83.09,83.09
2025-09-09T07:00:00,96.1,96.1
2025-09-09T08:00:00,96.44,96.44
2025-09-09T09:00:00,80.71,80.71
2025-09-09T10:00:00,54.93,54.93
2025-09-09T11:00:00,30.22,30.22
2025-09-09T12:00:00,26.0,26.0
2025-09-09T13:00:00,19.25,19.25
2025-09-09T14:00:00,17.19,17.19
2025-09-09T15:00:00,8.91,8.91
2025-09-09T16:00:00,16.57,16.57
2025-09-09T17:00:00,30.0,30.0
2025-09-09T18:00:00,56.0,56.0
2025-09-09T19:00:00,90.0,90.0
2025-09-09T20:00:00,111.37,111.37
2025-09-09T21:00:00,120.0,120.0
2025-09-09T22:00:00,110.0,110.0
2025-09-09T23:00:00,98.07,98.07
2025-09-10T00:00:00,89.94,89.94
2025-09-10T01:00:00,83.09,83.09
2025-09-10T02:00:00,83.09,83.09
2025-09-10T03:00:00,81.1,81.1
2025-09-10T04:00:00,72.99,72.99
2025-09-10T05:00:00,66.0,66.0
2025-09-10T06:00:00,77.5,77.5
2025-09-10T07:00:00,84.26,84.26
2025-09-10T08:00:00,75.99,75.99
2025-09-10T09:00:00,45.1,45.1
2025-09-10T10:00:00,8.0,8.0
2025-09-10T11:00:00,0.0,0.0
2025-09-10T12:00:00,0.0,0.0
2025-09-10T13:00:00,0.0,-0.01
2025-09-10T14:00:00,0.0,-0.01
2025-09-10T15:00:00,0.0,-0.01
2025-09-10T16:00:00,0.0,-0.01
2025-09-10T17:00:00,4.9,4.9
2025-09-10T18:00:00,23.09,23.09
2025-09-10T19:00:00,62.17,62.17
2025-09-10T20:00:00,96.0,96.0
2025-09-10T21:00:00,105.01,105.01
2025-09-10T22:00:00,96.26,96.26
2025-09-10T23:00:00,83.09,83.09
2025-09-11T00:00:00,85.0,85.0
2025-09-11T01:00:00,78.35,78.35
2025-09-11T02:00:00,67.3,67.3
2025-09-11T03:00:00,67.3,67.3
2025-09-11T04:00:00,70.0,70.0
2025-09-11T05:00:00,74.0,74.0
2025-09-11T06:00:00,78.84,78.84
2025-09-11T07:00:00,98.3,98.3
2025-09-11T08:00:00,88.07,88.07
2025-09-11T09:00:00,45.1,45.1
2025-09-11T10:00:00,0.03,0.03
2025-09-11T11:00:00,4.31,-0.01
2025-09-11T12:00:00,1.02,-0.01
2025-09-11T13:00:00,0.0,-0.01
2025-09-11T14:00:00,0.0,-0.01
2025-09-11T15:00:00,1.02,-0.01
2025-09-11T16:00:00,0.0,-0.01
2025-09-11T17:00:00,0.0,0.0
2025-09-11T18:00:00,7.05,7.05
2025-09-11T19:00:00,88.12,88.12
2025-09-11T20:00:00,106.3,106.3
2025-09-11T21:00:00,140.0,140.0
2025-09-11T22:00:00,111.82,111.82
2025-09-11T23:00:00,100.44,100.44
2025-09-12T00:00:00,105.0,105.0
2025-09-12T01:00:00,95.03,95.03
2025-09-12T02:00:00,93.8,93.8
2025-09-12T03:00:00,93.02,93.02
2025-09-12T04:00:00,93.02,93.02
2025-09-12T05:00:00,95.03,95.03
2025-09-12T06:00:00,105.98,105.98
2025-09-12T07:00:00,143.15,143.15
2025-09-12T08:00:00,115.35,115.35
2025-09-12T09:00:00,93.84,93.84
2025-09-12T10:00:00,60.97,60.97
2025-09-12T11:00:00,19.57,19.57
2025-09-12T12:00:00,5.79,4.5
2025-09-12T13:00:00,5.76,2.5
2025-09-12T14:00:00,4.31,1.5
2025-09-12T15:00:00,5.0,0.75
2025-09-12T16:00:00,4.31,3.52
2025-09-12T17:00:00,19.68,19.68
2025-09-12T18:00:00,46.8,46.8
2025-09-12T19:00:00,93.26,93.26
2025-09-12T20:00:00,123.45,123.45
2025-09-12T21:00:00,143.03,143.03
2025-09-12T22:00:00,105.01,105.01
2025-09-12T23:00:00,97.35,97.35
2025-09-13T00:00:00,102.3,102.3
2025-09-13T01:00:00,99.54,99.54
2025-09-13T02:00:00,97.96,97.96
2025-09-13T03:00:00,97.84,97.84
2025-09-13T04:00:00,96.68,96.68
2025-09-13T05:00:00,92.0,92.0
2025-09-13T06:00:00,94.98,94.98
2025-09-13T07:00:00,100.02,100.02
2025-09-13T08:00:00,99.78,99.78
2025-09-13T09:00:00,69.04,69.04
2025-09-13T10:00:00,9.62,9.62
2025-09-13T11:00:00,2.37,2.37
2025-09-13T12:00:00,0.0,0.0
2025-09-13T13:00:00,0.0,-0.01
2025-09-13T14:00:00,0.0,-0.01
2025-09-13T15:00:00,0.0,0.0
2025-09-13T16:00:00,0.0,0.0
2025-09-13T17:00:00,0.65,0.65
2025-09-13T18:00:00,14.0,14.0
2025-09-13T19:00:00,82.86,82.86
2025-09-13T20:00:00,100.13,100.13
2025-09-13T21:00:00,106.11,106.11
2025-09-13T22:00:00,99.3,99.3
2025-09-13T23:00:00,95.1,95.1
2025-09-14T00:00:00,75.0,75.0
2025-09-14T01:00:00,66.23,66.23
2025-09-14T02:00:00,65.29,65.29
2025-09-14T03:00:00,65.3,65.3
2025-09-14T04:00:00,65.81,65.81
2025-09-14T05:00:00,71.54,71.54
2025-09-14T06:00:00,71.54,71.54
2025-09-14T07:00:00,77.57,77.57
2025-09-14T08:00:00,66.23,66.23
2025-09-14T09:00:00,23.58,23.58
2025-09-14T10:00:00,5.01,5.01
2025-09-14T11:00:00,0.0,0.0
2025-09-14T12:00:00,0.0,0.0
2025-09-14T13:00:00,0.0,0.0
2025-09-14T14:00:00,-0.01,-0.01
2025-09-14T15:00:00,0.0,0.0
2025-09-14T16:00:00,0.0,0.0
2025-09-14T17:00:00,1.1,1.1
2025-09-14T18:00:00,15.65,15.65
2025-09-14T19:00:00,67.3,67.3
2025-09-14T20:00:00,103.81,103.81
2025-09-14T21:00:00,126.13,126.13
2025-09-14T22:00:00,106.01,106.01
2025-09-14T23:00:00,99.84,99.84
2025-09-15T00:00:00,97.03,97.03
2025-09-15T01:00:00,94.95,94.95
2025-09-15T02:00:00,90.0,90.0
2025-09-15T03:00:00,89.0,89.0
2025-09-15T04:00:00,87.82,87.82
2025-09-15T05:00:00,94.17,94.17
2025-09-15T06:00:00,97.33,97.33
2025-09-15T07:00:00,120.83,120.83
2025-09-15T08:00:00,124.0,124.0
2025-09-15T09:00:00,84.2,84.2
2025-09-15T10:00:00,35.1,35.1
2025-09-15T11:00:00,7.63,7.63
2025-09-15T12:00:00,8.0,8.0
2025-09-15T13:00:00,4.5,4.5
2025-09-15T14:00:00,2.5,2.5
2025-09-15T15:00:00,3.52,3.52
2025-09-15T16:00:00,4.96,4.96
2025-09-15T17:00:00,16.0,16.0
2025-09-15T18:00:00,43.99,43.99
2025-09-15T19:00:00,94.17,94.17
2025-09-15T20:00:00,110.0,110.0
2025-09-15T21:00:00,110.96,110.96
2025-09-15T22:00:00,98.5,98.5
2025-09-15T23:00:00,85.97,85.97
2025-09-16T00:00:00,80.01,80.01
2025-09-16T01:00:00,77.99,77.99
2025-09-16T02:00:00,72.03,72.03
2025-09-16T03:00:00,73.35,73.35
2025-09-16T04:00:00,80.0,80.0
2025-09-16T05:00:00,84.2,84.2
2025-09-16T06:00:00,99.9,99.9
2025-09-16T07:00:00,111.87,111.87
2025-09-16T08:00:00,111.84,111.84
2025-09-16T09:00:00,93.89,93.89
2025-09-16T10:00:00,38.1,38.1
2025-09-16T11:00:00,15.2,15.2
2025-09-16T12:00:00,9.14,9.14
2025-09-16T13:00:00,9.14,9.14
2025-09-16T14:00:00,5.76,5.76
2025-09-16T15:00:00,5.79,3.52
2025-09-16T16:00:00,9.14,9.14
2025-09-16T17:00:00,38.14,38.14
2025-09-16T18:00:00,69.29,69.29
2025-09-16T19:00:00,109.03,109.03
2025-09-16T20:00:00,134.29,134.29
2025-09-16T21:00:00,198.95,198.95
2025-09-16T22:00:00,111.84,111.84
2025-09-16T23:00:00,104.5,104.5
2025-09-17T00:00:00,107.12,107.12
2025-09-17T01:00:00,104.78,104.78
2025-09-17T02:00:00,102.9,102.9
2025-09-17T03:00:00,99.91,99.91
2025-09-17T04:00:00,98.5,98.5
2025-09-17T05:00:00,102.0,102.0
2025-09-17T06:00:00,104.78,104.78
2025-09-17T07:00:00,118.56,118.56
2025-09-17T08:00:00,112.08,112.08
2025-09-17T09:00:00,95.05,95.05
2025-09-17T10:00:00,57.9,57.9
2025-09-17T11:00:00,37.6,37.6
2025-09-17T12:00:00,19.68,19.68
2025-09-17T13:00:00,19.57,19.57
2025-09-17T14:00:00,15.1,15.1
2025-09-17T15:00:00,16.4,16.4
2025-09-17T16:00:00,20.33,20.33
2025-09-17T17:00:00,50.0,50.0
2025-09-17T18:00:00,83.12,83.12
2025-09-17T19:00:00,111.76,111.76
2025-09-17T20:00:00,150.0,150.0
2025-09-17T21:00:00,215.0,215.0
2025-09-17T22:00:00,117.11,117.11
2025-09-17T23:00:00,104.99,104.99
2025-09-18T00:00:00,109.18,109.18
2025-09-18T01:00:00,105.26,105.26
2025-09-18T02:00:00,104.54,104.54
2025-09-18T03:00:00,104.78,104.78
2025-09-18T04:00:00,104.78,104.78
2025-09-18T05:00:00,105.26,105.26
2025-09-18T06:00:00,107.28,107.28
2025-09-18T07:00:00,126.55,126.55
2025-09-18T08:00:00,111.4,111.4
2025-09-18T09:00:00,104.26,104.26
2025-09-18T10:00:00,56.4,56.4
2025-09-18T11:00:00,60.0,60.0
2025-09-18T12:00:00,50.08,50.08
2025-09-18T13:00:00,50.0,50.0
2025-09-18T14:00:00,44.02,44.02
2025-09-18T15:00:00,44.0,44.0
2025-09-18T16:00:00,55.0,55.0
2025-09-18T17:00:00,66.3,66.3
2025-09-18T18:00:00,96.86,96.86
2025-09-18T19:00:00,124.7,124.7
2025-09-18T20:00:00,160.0,160.0
2025-09-18T21:00:00,200.0,200.0
2025-09-18T22:00:00,130.0,130.0
2025-09-18T23:00:00,107.65,107.65
2025-09-19T00:00:00,113.07,113.07
2025-09-19T01:00:00,110.91,110.91
2025-09-19T02:00:00,108.34,108.34
2025-09-19T03:00:00,108.26,108.26
2025-09-19T04:00:00,107.21,107.21
2025-09-19T05:00:00,108.26,108.26
2025-09-19T06:00:00,110.78,110.78
2025-09-19T07:00:00,120.42,120.42
2025-09-19T08:00:00,113.54,113.54
2025-09-19T09:00:00,106.68,106.68
2025-09-19T10:00:00,66.04,66.04
2025-09-19T11:00:00,52.14,52.14
2025-09-19T12:00:00,49.0,49.0
2025-09-19T13:00:00,45.1,45.1
2025-09-19T14:00:00,31.25,31.25
2025-09-19T15:00:00,32.61,32.61
2025-09-19T16:00:00,55.0,55.0
2025-09-19T17:00:00,65.87,65.87
2025-09-19T18:00:00,76.0,76.0
2025-09-19T19:00:00,108.14,108.14
2025-09-19T20:00:00,125.2,125.2
2025-09-19T21:00:00,125.0,125.0
2025-09-19T22:00:00,105.78,105.78
2025-09-19T23:00:00,104.68,104.68
2025-09-20T00:00:00,104.99,104.99
2025-09-20T01:00:00,99.89,99.89
2025-09-20T02:00:00,97.0,97.0
2025-09-20T03:00:00,93.8,93.8
2025-09-20T04:00:00,95.29,95.29
2025-09-20T05:00:00,95.15,95.15
2025-09-20T06:00:00,99.89,99.89
2025-09-20T07:00:00,101.0,101.0
2025-09-20T08:00:00,99.89,99.89
2025-09-20T09:00:00,65.6,65.6
2025-09-20T10:00:00,30.0,30.0
2025-09-20T11:00:00,5.76,3.94
2025-09-20T12:00:00,4.31,1.72
2025-09-20T13:00:00,1.73,0.65
2025-09-20T14:00:00,1.73,0.65
2025-09-20T15:00:00,0.65,0.65
2025-09-20T16:00:00,4.31,4.31
2025-09-20T17:00:00,15.43,15.43
2025-09-20T18:00:00,55.08,55.08
2025-09-20T19:00:00,93.56,93.56
2025-09-20T20:00:00,110.36,110.36
2025-09-20T21:00:00,110.91,110.91
2025-09-20T22:00:00,104.6,104.6
2025-09-20T23:00:00,101.0,101.0
2025-09-21T00:00:00,85.8,85.8
2025-09-21T01:00:00,82.85,82.85
2025-09-21T02:00:00,75.94,75.94
2025-09-21T03:00:00,79.0,79.0
2025-09-21T04:00:00,78.97,78.97
2025-09-21T05:00:00,75.35,75.35
2025-09-21T06:00:00,75.94,75.94
2025-09-21T07:00:00,85.0,85.0
2025-09-21T08:00:00,69.38,69.38
2025-09-21T09:00:00,26.2,26.2
2025-09-21T10:00:00,10.0,10.0
2025-09-21T11:00:00,0.65,0.65
2025-09-21T12:00:00,0.0,0.0
2025-09-21T13:00:00,0.0,0.0
2025-09-21T14:00:00,-0.01,-0.01
2025-09-21T15:00:00,-0.5,-0.5
2025-09-21T16:00:00,-0.62,-0.62
2025-09-21T17:00:00,-0.01,-0.01
2025-09-21T18:00:00,3.52,3.52
2025-09-21T19:00:00,43.16,43.16
2025-09-21T20:00:00,69.96,69.96
2025-09-21T21:00:00,61.4,61.4
2025-09-21T22:00:00,54.8,54.8
2025-09-21T23:00:00,38.09,38.09
2025-09-22T00:00:00,30.9,30.9
2025-09-22T01:00:00,30.9,30.9
2025-09-22T02:00:00,26.2,26.2
2025-09-22T03:00:00,26.2,26.2
2025-09-22T04:00:00,34.9,34.9
2025-09-22T05:00:00,30.14,30.14
2025-09-22T06:00:00,30.9,30.9
2025-09-22T07:00:00,60.6,60.6
2025-09-22T08:00:00,62.03,62.03
2025-09-22T09:00:00,29.35,29.35
2025-09-22T10:00:00,2.0,2.0
2025-09-22T11:00:00,0.0,0.0
2025-09-22T12:00:00,0.0,0.0
2025-09-22T13:00:00,-0.01,-0.01
2025-09-22T14:00:00,-0.01,-0.01
2025-09-22T15:00:00,-0.01,-0.01
2025-09-22T16:00:00,-0.01,-0.01
2025-09-22T17:00:00,0.0,0.0
2025-09-22T18:00:00,15.6,15.6
2025-09-22T19:00:00,67.99,67.99
2025-09-22T20:00:00,108.95,108.95
2025-09-22T21:00:00,109.38,109.38
2025-09-22T22:00:00,82.8,82.8
2025-09-22T23:00:00,80.0,80.0
2025-09-23T00:00:00,79.11,79.11
2025-09-23T01:00:00,61.0,61.0
2025-09-23T02:00:00,85.28,85.28
2025-09-23T03:00:00,76.95,76.95
2025-09-23T04:00:00,79.11,79.11
2025-09-23T05:00:00,83.7,83.7
2025-09-23T06:00:00,85.28,85.28
2025-09-23T07:00:00,86.56,86.56
2025-09-23T08:00:00,85.8,85.8
2025-09-23T09:00:00,39.9,39.9
2025-09-23T10:00:00,3.82,3.82
2025-09-23T11:00:00,0.65,0.65
2025-09-23T12:00:00,0.01,0.01
2025-09-23T13:00:00,0.5,0.0
2025-09-23T14:00:00,4.31,0.0
2025-09-23T15:00:00,7.9,0.0
2025-09-23T16:00:00,4.31,0.0
2025-09-23T17:00:00,2.2,2.2
2025-09-23T18:00:00,26.47,26.47
2025-09-23T19:00:00,86.32,86.32
2025-09-23T20:00:00,105.01,105.01
2025-09-23T21:00:00,98.5,98.5
2025-09-23T22:00:00,76.02,76.02
2025-09-23T23:00:00,75.84,75.84
2025-09-24T00:00:00,53.51,53.51
2025-09-24T01:00:00,39.8,39.8
2025-09-24T02:00:00,48.6,48.6
2025-09-24T03:00:00,42.0,42.0
2025-09-24T04:00:00,41.5,41.5
2025-09-24T05:00:00,48.6,48.6
2025-09-24T06:00:00,48.8,48.8
2025-09-24T07:00:00,66.96,66.96
2025-09-24T08:00:00,69.01,69.01
2025-09-24T09:00:00,57.91,57.91
2025-09-24T10:00:00,9.52,9.52
2025-09-24T11:00:00,1.07,1.07
2025-09-24T12:00:00,0.65,0.65
2025-09-24T13:00:00,1.55,1.55
2025-09-24T14:00:00,4.31,0.65
2025-09-24T15:00:00,20.1,0.01
2025-09-24T16:00:00,5.79,0.65
2025-09-24T17:00:00,20.1,20.1
2025-09-24T18:00:00,72.72,72.72
2025-09-24T19:00:00,95.0,95.0
2025-09-24T20:00:00,116.12,116.12
2025-09-24T21:00:00,105.77,105.77
2025-09-24T22:00:00,90.0,90.0
2025-09-24T23:00:00,83.08,83.08
2025-09-25T00:00:00,83.46,83.46
2025-09-25T01:00:00,75.94,75.94
2025-09-25T02:00:00,75.94,75.94
2025-09-25T03:00:00,76.46,76.46
2025-09-25T04:00:00,79.7,79.7
2025-09-25T05:00:00,77.0,77.0
2025-09-25T06:00:00,85.85,85.85
2025-09-25T07:00:00,112.7,112.7
2025-09-25T08:00:00,116.89,116.89
2025-09-25T09:00:00,88.57,88.57
2025-09-25T10:00:00,55.12,55.12
2025-09-25T11:00:00,30.2,30.2
2025-09-25T12:00:00,29.99,29.99
2025-09-25T13:00:00,25.93,25.93
2025-09-25T14:00:00,20.1,20.1
2025-09-25T15:00:00,22.74,22.74
2025-09-25T16:00:00,25.93,25.93
2025-09-25T17:00:00,53.13,53.13
2025-09-25T18:00:00,76.01,76.01
2025-09-25T19:00:00,114.11,114.11
2025-09-25T20:00:00,174.1,174.1
2025-09-25T21:00:00,175.01,175.01
2025-09-25T22:00:00,128.8,128.8
2025-09-25T23:00:00,101.9,101.9
2025-09-26T00:00:00,106.48,106.48
2025-09-26T01:00:00,104.52,104.52
2025-09-26T02:00:00,100.0,100.0
2025-09-26T03:00:00,98.71,98.71
2025-09-26T04:00:00,99.0,99.0
2025-09-26T05:00:00,104.52,104.52
2025-09-26T06:00:00,107.96,107.96
2025-09-26T07:00:00,123.37,123.37
2025-09-26T08:00:00,123.28,123.28
2025-09-26T09:00:00,108.8,108.8
2025-09-26T10:00:00,88.59,88.59
2025-09-26T11:00:00,34.99,34.99
2025-09-26T12:00:00,25.76,25.76
2025-09-26T13:00:00,29.2,29.2
2025-09-26T14:00:00,21.56,21.56
2025-09-26T15:00:00,47.06,47.06
2025-09-26T16:00:00,53.0,53.0
2025-09-26T17:00:00,59.28,59.28
2025-09-26T18:00:00,94.08,94.08
2025-09-26T19:00:00,123.6,123.6
2025-09-26T20:00:00,150.0,150.0
2025-09-26T21:00:00,160.0,160.0
2025-09-26T22:00:00,122.01,122.01
2025-09-26T23:00:00,113.92,113.92
2025-09-27T00:00:00,115.87,115.87
2025-09-27T01:00:00,108.83,108.83
2025-09-27T02:00:00,105.5,105.5
2025-09-27T03:00:00,109.0,109.0
2025-09-27T04:00:00,105.47,105.47
2025-09-27T05:00:00,98.0,98.0
2025-09-27T06:00:00,95.0,95.0
2025-09-27T07:00:00,103.5,103.5
2025-09-27T08:00:00,106.67,106.67
2025-09-27T09:00:00,82.66,82.66
2025-09-27T10:00:00,38.8,38.8
2025-09-27T11:00:00,20.25,20.25
2025-09-27T12:00:00,16.79,16.79
2025-09-27T13:00:00,12.91,12.91
2025-09-27T14:00:00,6.51,6.51
2025-09-27T15:00:00,6.0,6.0
2025-09-27T16:00:00,12.27,12.27
2025-09-27T17:00:00,29.2,29.2
2025-09-27T18:00:00,67.0,67.0
2025-09-27T19:00:00,92.56,92.56
2025-09-27T20:00:00,103.11,103.11
2025-09-27T21:00:00,100.04,100.04
2025-09-27T22:00:00,95.07,95.07
2025-09-27T23:00:00,91.84,91.84
2025-09-28T00:00:00,63.51,63.51
2025-09-28T01:00:00,60.86,60.86
2025-09-28T02:00:00,59.83,59.83
2025-09-28T03:00:00,58.3,58.3
2025-09-28T04:00:00,58.04,58.04
2025-09-28T05:00:00,58.04,58.04
2025-09-28T06:00:00,57.91,57.91
2025-09-28T07:00:00,58.87,58.87
2025-09-28T08:00:00,58.87,58.87
2025-09-28T09:00:00,57.91,57.91
2025-09-28T10:00:00,35.0,35.0
2025-09-28T11:00:00,29.16,29.16
2025-09-28T12:00:00,17.11,17.11
2025-09-28T13:00:00,8.53,8.53
2025-09-28T14:00:00,15.0,15.0
2025-09-28T15:00:00,16.79,16.79
2025-09-28T16:00:00,22.97,22.97
2025-09-28T17:00:00,37.34,37.34
2025-09-28T18:00:00,61.11,61.11
2025-09-28T19:00:00,70.98,70.98
2025-09-28T20:00:00,74.14,74.14
2025-09-28T21:00:00,61.0,61.0
2025-09-28T22:00:00,69.62,69.62
2025-09-28T23:00:00,60.16,60.16
2025-09-29T00:00:00,51.6,51.6
2025-09-29T01:00:00,47.7,47.7
2025-09-29T02:00:00,45.0,45.0
2025-09-29T03:00:00,32.0,32.0
2025-09-29T04:00:00,30.0,30.0
2025-09-29T05:00:00,32.5,32.5
2025-09-29T06:00:00,50.0,50.0
2025-09-29T07:00:00,74.4,74.4
2025-09-29T08:00:00,77.8,77.8
2025-09-29T09:00:00,73.08,73.08
2025-09-29T10:00:00,59.33,59.33
2025-09-29T11:00:00,40.14,40.14
2025-09-29T12:00:00,35.0,35.0
2025-09-29T13:00:00,28.3,28.3
2025-09-29T14:00:00,21.99,21.99
2025-09-29T15:00:00,27.94,27.94
2025-09-29T16:00:00,35.0,35.0
2025-09-29T17:00:00,52.0,52.0
2025-09-29T18:00:00,85.0,85.0
2025-09-29T19:00:00,101.13,101.13
2025-09-29T20:00:00,133.26,133.26
2025-09-29T21:00:00,105.68,105.68
2025-09-29T22:00:00,90.04,90.04
2025-09-29T23:00:00,88.6,88.6
2025-09-30T00:00:00,95.46,95.46
2025-09-30T01:00:00,88.25,88.25
2025-09-30T02:00:00,80.0,80.0
2025-09-30T03:00:00,76.43,76.43
2025-09-30T04:00:00,78.0,78.0
2025-09-30T05:00:00,80.0,80.0
2025-09-30T06:00:00,97.11,97.11
2025-09-30T07:00:00,105.68,105.68
2025-09-30T08:00:00,120.0,120.0
2025-09-30T09:00:00,93.97,93.97
2025-09-30T10:00:00,60.1,60.1
2025-09-30T11:00:00,31.0,31.0
2025-09-30T12:00:00,24.47,24.47
2025-09-30T13:00:00,21.9,21.9
2025-09-30T14:00:00,22.0,22.0
2025-09-30T15:00:00,29.08,29.08
2025-09-30T16:00:00,35.0,35.0
2025-09-30T17:00:00,54.94,54.94
2025-09-30T18:00:00,84.0,84.0
2025-09-30T19:00:00,117.0,117.0
2025-09-30T20:00:00,199.34,199.34
2025-09-30T21:00:00,172.11,172.11
2025-09-30T22:00:00,119.9,119.9
2025-09-30T23:00:00,101.5,101.5
2025-10-01T00:00:00,105.1,105.1
2025-10-01T01:00:00,104.24,104.24
2025-10-01T02:00:00,102.28,102.28
2025-10-01T03:00:00,102.0,102.0
2025-10-01T04:00:00,106.63,106.63
2025-10-01T05:00:00,105.68,105.68
2025-10-01T06:00:00,105.19,105.19
2025-10-01T07:00:00,105.01,105.01
2025-10-01T08:00:00,104.21,104.21
2025-10-01T09:00:00,102.0,102.0
2025-10-01T10:00:00,100.0,100.0
2025-10-01T11:00:00,100.0,100.0
2025-10-01T12:00:00,97.57,97.57
2025-10-01T13:00:00,97.51,97.51
2025-10-01T14:00:00,97.51,97.51
2025-10-01T15:00:00,97.91,97.91
2025-10-01T16:00:00,98.5,98.5
2025-10-01T17:00:00,100.0,100.0
2025-10-01T18:00:00,102.28,102.28
2025-10-01T19:00:00,105.0,105.0
2025-10-01T20:00:00,101.08,101.08
2025-10-01T21:00:00,101.28,101.28
2025-10-01T22:00:00,101.76,101.76
2025-10-01T23:00:00,102.24,102.24
2025-10-02T00:00:00,105.68,105.68
2025-10-02T01:00:00,105.01,105.01
2025-10-02T02:00:00,103.33,103.33
2025-10-02T03:00:00,103.33,103.33
2025-10-02T04:00:00,102.28,102.28
2025-10-02T05:00:00,100.0,100.0
2025-10-02T06:00:00,99.0,99.0
2025-10-02T07:00:00,98.7,98.7
2025-10-02T08:00:00,95.0,95.0
2025-10-02T09:00:00,95.0,95.0
2025-10-02T10:00:00,95.0,95.0
2025-10-02T11:00:00,95.0,95.0
2025-10-02T12:00:00,95.5,95.5
2025-10-02T13:00:00,96.99,96.99
2025-10-02T14:00:00,97.1,97.1
2025-10-02T15:00:00,98.7,98.7
2025-10-02T16:00:00,98.7,98.7
2025-10-02T17:00:00,99.0,99.0
2025-10-02T18:00:00,100.3,100.3
2025-10-02T19:00:00,103.29,103.29
2025-10-02T20:00:00,103.29,103.29
2025-10-02T21:00:00,103.71,103.71
2025-10-02T22:00:00,105.68,105.68
2025-10-02T23:00:00,107.38,107.38
2025-10-03T00:00:00,117.88,117.88
2025-10-03T01:00:00,117.8,117.8
2025-10-03T02:00:00,116.3,116.3
2025-10-03T03:00:00,114.74,114.74
2025-10-03T04:00:00,114.74,114.74
2025-10-03T05:00:00,112.2,112.2
2025-10-03T06:00:00,111.9,111.9
2025-10-03T07:00:00,111.6,111.6
2025-10-03T08:00:00,106.63,106.63
2025-10-03T09:00:00,106.31,106.31
2025-10-03T10:00:00,105.0,105.0
2025-10-03T11:00:00,104.06,104.06
2025-10-03T12:00:00,104.06,104.06
2025-10-03T13:00:00,104.06,104.06
2025-10-03T14:00:00,104.06,104.06
2025-10-03T15:00:00,104.06,104.06
2025-10-03T16:00:00,104.04,104.04
2025-10-03T17:00:00,104.04,104.04
2025-10-03T18:00:00,104.04,104.04
2025-10-03T19:00:00,104.04,104.04
2025-10-03T20:00:00,104.02,104.02
2025-10-03T21:00:00,104.02,104.02
2025-10-03T22:00:00,105.08,105.08
2025-10-03T23:00:00,111.6,111.6
2025-10-04T00:00:00,112.1,112.1
2025-10-04T01:00:00,111.6,111.6
2025-10-04T02:00:00,111.04,111.04
2025-10-04T03:00:00,109.0,109.0
2025-10-04T04:00:00,105.83,105.83
2025-10-04T05:00:00,102.99,102.99
2025-10-04T06:00:00,102.28,102.28
2025-10-04T07:00:00,100.57,100.57
2025-10-04T08:00:00,102.97,102.97
2025-10-04T09:00:00,100.57,100.57
2025-10-04T10:00:00,100.57,100.57
2025-10-04T11:00:00,97.99,97.99
2025-10-04T12:00:00,100.01,100.01
2025-10-04T13:00:00,97.99,97.99
2025-10-04T14:00:00,95.0,95.0
2025-10-04T15:00:00,90.0,90.0
2025-10-04T16:00:00,96.85,96.85
2025-10-04T17:00:00,95.0,95.0
2025-10-04T18:00:00,91.2,91.2
2025-10-04T19:00:00,89.0,89.0
2025-10-04T20:00:00,100.05,100.05
2025-10-04T21:00:00,100.0,100.0
2025-10-04T22:00:00,98.45,98.45
2025-10-04T23:00:00,100.0,100.0
2025-10-05T00:00:00,35.02,35.02
2025-10-05T01:00:00,35.02,35.02
2025-10-05T02:00:00,35.02,35.02
2025-10-05T03:00:00,35.01,35.01
2025-10-05T04:00:00,35.01,35.01
2025-10-05T05:00:00,35.01,35.01
2025-10-05T06:00:00,34.7,34.7
2025-10-05T07:00:00,29.33,29.33
2025-10-05T08:00:00,29.33,29.33
2025-10-05T09:00:00,29.12,29.12
2025-10-05T10:00:00,28.87,28.87
2025-10-05T11:00:00,28.87,28.87
2025-10-05T12:00:00,29.12,29.12
2025-10-05T13:00:00,28.87,28.87
2025-10-05T14:00:00,28.87,28.87
2025-10-05T15:00:00,28.87,28.87
2025-10-05T16:00:00,28.2,28.2
2025-10-05T17:00:00,28.2,28.2
2025-10-05T18:00:00,28.2,28.2
2025-10-05T19:00:00,28.2,28.2
2025-10-05T20:00:00,28.2,28.2
2025-10-05T21:00:00,28.2,28.2
2025-10-05T22:00:00,28.2,28.2
2025-10-05T23:00:00,28.2,28.2
2025-10-06T00:00:00,45.33,45.33
2025-10-06T01:00:00,45.2,45.2
2025-10-06T02:00:00,44.9,44.9
2025-10-06T03:00:00,44.87,44.87
2025-10-06T04:00:00,44.87,44.87
2025-10-06T05:00:00,44.8,44.8
2025-10-06T06:00:00,40.0,40.0
2025-10-06T07:00:00,40.0,40.0
2025-10-06T08:00:00,39.67,39.67
2025-10-06T09:00:00,42.79,42.79
2025-10-06T10:00:00,44.87,44.87
2025-10-06T11:00:00,44.87,44.87
2025-10-06T12:00:00,45.1,45.1
2025-10-06T13:00:00,45.12,45.12
2025-10-06T14:00:00,45.2,45.2
2025-10-06T15:00:00,45.5,45.5
2025-10-06T16:00:00,45.76,45.76
2025-10-06T17:00:00,46.1,46.1
2025-10-06T18:00:00,47.55,47.55
2025-10-06T19:00:00,47.81,47.81
2025-10-06T20:00:00,47.94,47.94
2025-10-06T21:00:00,48.2,48.2
2025-10-06T22:00:00,55.0,55.0
2025-10-06T23:00:00,72.1,72.1
2025-10-07T00:00:00,111.6,111.6
2025-10-07T01:00:00,110.46,110.46
2025-10-07T02:00:00,110.0,110.0
2025-10-07T03:00:00,109.28,109.28
2025-10-07T04:00:00,110.86,110.86
2025-10-07T05:00:00,108.89,108.89
2025-10-07T06:00:00,107.5,107.5
2025-10-07T07:00:00,107.45,107.45
2025-10-07T08:00:00,107.45,107.45
2025-10-07T09:00:00,107.45,107.45
2025-10-07T10:00:00,107.45,107.45
2025-10-07T11:00:00,106.63,106.63
2025-10-07T12:00:00,104.57,104.57
2025-10-07T13:00:00,104.17,104.17
2025-10-07T14:00:00,102.94,102.94
2025-10-07T15:00:00,102.94,102.94
2025-10-07T16:00:00,102.94,102.94
2025-10-07T17:00:00,102.94,102.94
2025-10-07T18:00:00,102.94,102.94
2025-10-07T19:00:00,104.57,104.57
2025-10-07T20:00:00,100.0,100.0
2025-10-07T21:00:00,101.36,101.36
2025-10-07T22:00:00,102.94,102.94
2025-10-07T23:00:00,107.42,107.42
2025-10-08T00:00:00,112.52,112.52
2025-10-08T01:00:00,111.92,111.92
2025-10-08T02:00:00,111.79,111.79
2025-10-08T03:00:00,110.0,110.0
2025-10-08T04:00:00,106.0,106.0
2025-10-08T05:00:00,105.01,105.01
2025-10-08T06:00:00,103.78,103.78
2025-10-08T07:00:00,102.2,102.2
2025-10-08T08:00:00,102.2,102.2
2025-10-08T09:00:00,101.37,101.37
2025-10-08T10:00:00,101.0,101.0
2025-10-08T11:00:00,100.01,100.01
2025-10-08T12:00:00,100.0,100.0
2025-10-08T13:00:00,100.0,100.0
2025-10-08T14:00:00,99.99,99.99
2025-10-08T15:00:00,99.0,99.0
2025-10-08T16:00:00,100.0,100.0
2025-10-08T17:00:00,100.0,100.0
2025-10-08T18:00:00,100.0,100.0
2025-10-08T19:00:00,100.0,100.0
2025-10-08T20:00:00,94.6,94.6
2025-10-08T21:00:00,96.0,96.0
2025-10-08T22:00:00,98.62,98.62
2025-10-08T23:00:00,101.0,101.0
2025-10-09T00:00:00,101.03,101.03
2025-10-09T01:00:00,100.01,100.01
2025-10-09T02:00:00,88.0,88.0
2025-10-09T03:00:00,80.42,80.42
2025-10-09T04:00:00,88.0,88.0
2025-10-09T05:00:00,80.42,80.42
2025-10-09T06:00:00,80.4,80.4
2025-10-09T07:00:00,75.0,75.0
2025-10-09T08:00:00,83.41,83.41
2025-10-09T09:00:00,80.42,80.42
2025-10-09T10:00:00,79.4,79.4
2025-10-09T11:00:00,72.55,72.55
2025-10-09T12:00:00,75.2,75.2
2025-10-09T13:00:00,70.0,70.0
2025-10-09T14:00:00,69.22,69.22
2025-10-09T15:00:00,65.0,65.0
2025-10-09T16:00:00,65.0,65.0
2025-10-09T17:00:00,65.0,65.0
2025-10-09T18:00:00,65.0,65.0
2025-10-09T19:00:00,67.32,67.32
2025-10-09T20:00:00,60.5,60.5
2025-10-09T21:00:00,64.5,64.5
2025-10-09T22:00:00,70.0,70.0
2025-10-09T23:00:00,78.88,78.88
2025-10-10T00:00:00,98.23,98.23
2025-10-10T01:00:00,90.01,90.01
2025-10-10T02:00:00,86.63,86.63
2025-10-10T03:00:00,81.2,81.2
2025-10-10T04:00:00,90.89,90.89
2025-10-10T05:00:00,84.5,84.5
2025-10-10T06:00:00,83.5,83.5
2025-10-10T07:00:00,81.17,81.17
2025-10-10T08:00:00,83.18,83.18
2025-10-10T09:00:00,79.99,79.99
2025-10-10T10:00:00,78.8,78.8
2025-10-10T11:00:00,78.0,78.0
2025-10-10T12:00:00,75.0,75.0
2025-10-10T13:00:00,72.0,72.0
2025-10-10T14:00:00,73.9,73.9
2025-10-10T15:00:00,70.92,70.92
2025-10-10T16:00:00,66.0,66.0
2025-10-10T17:00:00,66.0,66.0
2025-10-10T18:00:00,70.01,70.01
2025-10-10T19:00:00,77.0,77.0
2025-10-10T20:00:00,70.92,70.92
2025-10-10T21:00:00,77.89,77.89
2025-10-10T22:00:00,81.75,81.75
2025-10-10T23:00:00,84.92,84.92
2025-10-11T00:00:00,109.02,109.02
2025-10-11T01:00:00,106.26,106.26
2025-10-11T02:00:00,106.26,106.26
2025-10-11T03:00:00,106.24,106.24
2025-10-11T04:00:00,105.9,105.9
2025-10-11T05:00:00,105.52,105.52
2025-10-11T06:00:00,105.28,105.28
2025-10-11T07:00:00,105.1,105.1
2025-10-11T08:00:00,105.04,105.04
2025-10-11T09:00:00,104.8,104.8
2025-10-11T10:00:00,103.0,103.0
2025-10-11T11:00:00,102.4,102.4
2025-10-11T12:00:00,101.37,101.37
2025-10-11T13:00:00,101.37,101.37
2025-10-11T14:00:00,100.0,100.0
2025-10-11T15:00:00,101.37,101.37
2025-10-11T16:00:00,100.0,100.0
2025-10-11T17:00:00,100.0,100.0
2025-10-11T18:00:00,100.0,100.0
2025-10-11T19:00:00,101.37,101.37
2025-10-11T20:00:00,101.37,101.37
2025-10-11T21:00:00,101.37,101.37
2025-10-11T22:00:00,101.8,101.8
2025-10-11T23:00:00,103.0,103.0
2025-10-12T00:00:00,106.8,106.8
2025-10-12T01:00:00,105.82,105.82
2025-10-12T02:00:00,103.8,103.8
2025-10-12T03:00:00,103.8,103.8
2025-10-12T04:00:00,103.42,103.42
2025-10-12T05:00:00,101.37,101.37
2025-10-12T06:00:00,101.34,101.34
2025-10-12T07:00:00,101.34,101.34
2025-10-12T08:00:00,90.1,90.1
2025-10-12T09:00:00,80.0,80.0
2025-10-12T10:00:00,77.5,77.5
2025-10-12T11:00:00,77.5,77.5
2025-10-12T12:00:00,77.12,77.12
2025-10-12T13:00:00,77.12,77.12
2025-10-12T14:00:00,76.87,76.87
2025-10-12T15:00:00,76.87,76.87
2025-10-12T16:00:00,77.5,77.5
2025-10-12T17:00:00,77.5,77.5
2025-10-12T18:00:00,77.5,77.5
2025-10-12T19:00:00,77.5,77.5
2025-10-12T20:00:00,77.5,77.5
2025-10-12T21:00:00,77.5,77.5
2025-10-12T22:00:00,77.5,77.5
2025-10-12T23:00:00,77.5,77.5
2025-10-13T00:00:00,101.37,101.37
2025-10-13T01:00:00,101.34,101.34
2025-10-13T02:00:00,101.34,101.34
2025-10-13T03:00:00,100.0,100.0
2025-10-13T04:00:00,91.0,91.0
2025-10-13T05:00:00,95.07,95.07
2025-10-13T06:00:00,92.58,92.58
2025-10-13T07:00:00,90.1,90.1
2025-10-13T08:00:00,85.0,85.0
2025-10-13T09:00:00,83.77,83.77
2025-10-13T10:00:00,82.5,82.5
2025-10-13T11:00:00,84.25,84.25
2025-10-13T12:00:00,90.8,90.8
2025-10-13T13:00:00,91.41,91.41
2025-10-13T14:00:00,93.0,93.0
2025-10-13T15:00:00,93.47,93.47
2025-10-13T16:00:00,93.47,93.47
2025-10-13T17:00:00,95.07,95.07
2025-10-13T18:00:00,95.07,95.07
2025-10-13T19:00:00,96.67,96.67
2025-10-13T20:00:00,100.0,100.0
2025-10-13T21:00:00,101.34,101.34
2025-10-13T22:00:00,101.37,101.37
2025-10-13T23:00:00,105.0,105.0
2025-10-14T00:00:00,117.5,117.5
2025-10-14T01:00:00,116.53,116.53
2025-10-14T02:00:00,116.12,116.12
2025-10-14T03:00:00,115.0,115.0
2025-10-14T04:00:00,111.16,111.16
2025-10-14T05:00:00,109.09,109.09
2025-10-14T06:00:00,108.49,108.49
2025-10-14T07:00:00,108.13,108.13
2025-10-14T08:00:00,107.24,107.24
2025-10-14T09:00:00,107.24,107.24
2025-10-14T10:00:00,106.88,106.88
2025-10-14T11:00:00,106.88,106.88
2025-10-14T12:00:00,107.09,107.09
2025-10-14T13:00:00,106.88,106.88
2025-10-14T14:00:00,106.88,106.88
2025-10-14T15:00:00,106.88,106.88
2025-10-14T16:00:00,107.22,107.22
2025-10-14T17:00:00,107.22,107.22
2025-10-14T18:00:00,107.22,107.22
2025-10-14T19:00:00,107.22,107.22
2025-10-14T20:00:00,107.22,107.22
2025-10-14T21:00:00,107.22,107.22
2025-10-14T22:00:00,108.49,108.49
2025-10-14T23:00:00,111.06,111.06
2025-10-15T00:00:00,118.28,118.28
2025-10-15T01:00:00,117.8,117.8
2025-10-15T02:00:00,115.01,115.01
2025-10-15T03:00:00,113.07,113.07
2025-10-15T04:00:00,110.24,110.24
2025-10-15T05:00:00,108.19,108.19
2025-10-15T06:00:00,107.3,107.3
2025-10-15T07:00:00,107.3,107.3
2025-10-15T08:00:00,106.13,106.13
2025-10-15T09:00:00,105.34,105.34
2025-10-15T10:00:00,105.34,105.34
2025-10-15T11:00:00,105.0,105.0
2025-10-15T12:00:00,103.86,103.86
2025-10-15T13:00:00,103.74,103.74
2025-10-15T14:00:00,103.74,103.74
2025-10-15T15:00:00,103.74,103.74
2025-10-15T16:00:00,103.74,103.74
2025-10-15T17:00:00,103.74,103.74
2025-10-15T18:00:00,103.74,103.74
2025-10-15T19:00:00,103.86,103.86
2025-10-15T20:00:00,105.0,105.0
2025-10-15T21:00:00,105.34,105.34
2025-10-15T22:00:00,107.27,107.27
2025-10-15T23:00:00,110.24,110.24
2025-10-16T00:00:00,118.8,118.8
2025-10-16T01:00:00,118.32,118.32
2025-10-16T02:00:00,117.34,117.34
2025-10-16T03:00:00,115.01,115.01
2025-10-16T04:00:00,112.0,112.0
2025-10-16T05:00:00,109.9,109.9
2025-10-16T06:00:00,109.3,109.3
2025-10-16T07:00:00,107.49,107.49
2025-10-16T08:00:00,106.29,106.29
2025-10-16T09:00:00,106.29,106.29
2025-10-16T10:00:00,106.27,106.27
2025-10-16T11:00:00,105.53,105.53
2025-10-16T12:00:00,105.0,105.0
2025-10-16T13:00:00,105.0,105.0
2025-10-16T14:00:00,105.0,105.0
2025-10-16T15:00:00,105.0,105.0
2025-10-16T16:00:00,104.9,104.9
2025-10-16T17:00:00,104.9,104.9
2025-10-16T18:00:00,105.0,105.0
2025-10-16T19:00:00,105.1,105.1
2025-10-16T20:00:00,105.4,105.4
2025-10-16T21:00:00,105.53,105.53
2025-10-16T22:00:00,106.29,106.29
2025-10-16T23:00:00,109.3,109.3
2025-10-17T00:00:00,127.6,127.6
2025-10-17T01:00:00,125.2,125.2
2025-10-17T02:00:00,123.01,123.01
2025-10-17T03:00:00,118.32,118.32
2025-10-17T04:00:00,115.0,115.0
2025-10-17T05:00:00,109.64,109.64
2025-10-17T06:00:00,107.87,107.87
2025-10-17T07:00:00,107.44,107.44
2025-10-17T08:00:00,107.87,107.44
2025-10-17T09:00:00,107.87,106.87
2025-10-17T10:00:00,105.84,105.84
2025-10-17T11:00:00,105.84,105.84
2025-10-17T12:00:00,105.5,105.5
2025-10-17T13:00:00,105.04,105.04
2025-10-17T14:00:00,105.04,105.04
2025-10-17T15:00:00,105.04,105.04
2025-10-17T16:00:00,105.0,105.0
2025-10-17T17:00:00,105.04,105.04
2025-10-17T18:00:00,105.04,105.04
2025-10-17T19:00:00,105.13,105.13
2025-10-17T20:00:00,105.04,105.04
2025-10-17T21:00:00,105.84,105.84
2025-10-17T22:00:00,107.44,107.44
2025-10-17T23:00:00,109.0,109.0
2025-10-18T00:00:00,127.76,127.76
2025-10-18T01:00:00,127.28,127.28
2025-10-18T02:00:00,127.04,127.04
2025-10-18T03:00:00,120.01,120.01
2025-10-18T04:00:00,115.8,115.8
2025-10-18T05:00:00,115.44,115.44
2025-10-18T06:00:00,112.96,112.96
2025-10-18T07:00:00,107.38,107.38
2025-10-18T08:00:00,104.81,104.81
2025-10-18T09:00:00,103.27,103.27
2025-10-18T10:00:00,98.5,98.5
2025-10-18T11:00:00,96.94,96.94
2025-10-18T12:00:00,104.67,104.67
2025-10-18T13:00:00,103.59,103.59
2025-10-18T14:00:00,98.68,98.68
2025-10-18T15:00:00,98.46,98.46
2025-10-18T16:00:00,103.78,103.78
2025-10-18T17:00:00,103.27,103.27
2025-10-18T18:00:00,102.39,102.39
2025-10-18T19:00:00,99.93,99.93
2025-10-18T20:00:00,98.16,98.16
2025-10-18T21:00:00,96.52,96.52
2025-10-18T22:00:00,96.95,96.95
2025-10-18T23:00:00,98.15,98.15
2025-10-19T00:00:00,96.4,96.4
2025-10-19T01:00:00,92.0,92.0
2025-10-19T02:00:00,81.85,81.85
2025-10-19T03:00:00,75.92,75.92
2025-10-19T04:00:00,77.07,77.07
2025-10-19T05:00:00,74.76,74.76
2025-10-19T06:00:00,69.62,69.62
2025-10-19T07:00:00,63.97,63.97
2025-10-19T08:00:00,73.16,73.16
2025-10-19T09:00:00,61.0,61.0
2025-10-19T10:00:00,51.01,51.01
2025-10-19T11:00:00,39.89,39.89
2025-10-19T12:00:00,44.0,44.0
2025-10-19T13:00:00,32.33,32.33
2025-10-19T14:00:00,30.2,30.2
2025-10-19T15:00:00,30.0,30.0
2025-10-19T16:00:00,31.87,31.87
2025-10-19T17:00:00,30.07,30.07
2025-10-19T18:00:00,30.0,30.0
2025-10-19T19:00:00,29.94,29.94
2025-10-19T20:00:00,29.68,29.68
2025-10-19T21:00:00,29.55,29.55
2025-10-19T22:00:00,29.55,29.55
2025-10-19T23:00:00,29.55,29.55
2025-10-20T00:00:00,55.12,55.12
2025-10-20T01:00:00,50.0,50.0
2025-10-20T02:00:00,40.1,40.1
2025-10-20T03:00:00,38.13,38.13
2025-10-20T04:00:00,29.7,29.7
2025-10-20T05:00:00,28.5,28.5
2025-10-20T06:00:00,28.33,28.33
2025-10-20T07:00:00,27.07,27.07
2025-10-20T08:00:00,26.42,26.42
2025-10-20T09:00:00,22.2,22.2
2025-10-20T10:00:00,26.42,26.42
2025-10-20T11:00:00,25.6,25.6
2025-10-20T12:00:00,26.42,26.42
2025-10-20T13:00:00,26.42,26.42
2025-10-20T14:00:00,25.5,25.5
2025-10-20T15:00:00,26.42,26.42
2025-10-20T16:00:00,26.42,26.42
2025-10-20T17:00:00,26.42,26.42
2025-10-20T18:00:00,26.42,26.42
2025-10-20T19:00:00,26.55,26.55
2025-10-20T20:00:00,26.68,26.68
2025-10-20T21:00:00,26.94,26.94
2025-10-20T22:00:00,27.2,27.2
2025-10-20T23:00:00,28.33,28.33
2025-10-21T00:00:00,45.8,45.8
2025-10-21T01:00:00,39.9,39.9
2025-10-21T02:00:00,31.22,31.22
2025-10-21T03:00:00,26.87,26.87
2025-10-21T04:00:00,26.87,25.2
2025-10-21T05:00:00,25.07,25.07
2025-10-21T06:00:00,24.68,24.68
2025-10-21T07:00:00,20.0,20.0
2025-10-21T08:00:00,17.16,17.16
2025-10-21T09:00:00,14.0,14.0
2025-10-21T10:00:00,11.17,11.17
2025-10-21T11:00:00,10.0,10.0
2025-10-21T12:00:00,7.96,7.96
2025-10-21T13:00:00,14.0,14.0
2025-10-21T14:00:00,12.23,12.23
2025-10-21T15:00:00,10.0,10.0
2025-10-21T16:00:00,12.92,12.92
2025-10-21T17:00:00,14.0,14.0
2025-10-21T18:00:00,15.0,15.0
2025-10-21T19:00:00,14.0,14.0
2025-10-21T20:00:00,12.75,12.75
2025-10-21T21:00:00,15.0,15.0
2025-10-21T22:00:00,20.0,20.0
2025-10-21T23:00:00,24.42,24.42
2025-10-22T00:00:00,46.87,46.87
2025-10-22T01:00:00,41.6,41.6
2025-10-22T02:00:00,32.73,32.73
2025-10-22T03:00:00,29.19,29.19
2025-10-22T04:00:00,33.18,33.18
2025-10-22T05:00:00,30.22,30.22
2025-10-22T06:00:00,29.57,29.57
2025-10-22T07:00:00,29.19,29.19
2025-10-22T08:00:00,29.19,29.19
2025-10-22T09:00:00,27.27,27.27
2025-10-22T10:00:00,27.14,27.14
2025-10-22T11:00:00,26.88,26.88
2025-10-22T12:00:00,26.49,26.49
2025-10-22T13:00:00,25.17,25.17
2025-10-22T14:00:00,23.59,23.59
2025-10-22T15:00:00,21.96,21.96
2025-10-22T16:00:00,24.99,24.99
2025-10-22T17:00:00,22.96,22.96
2025-10-22T18:00:00,24.0,24.0
2025-10-22T19:00:00,25.17,25.17
2025-10-22T20:00:00,26.75,26.75
2025-10-22T21:00:00,26.88,26.88
2025-10-22T22:00:00,27.27,27.27
2025-10-22T23:00:00,29.4,29.4
2025-10-23T00:00:00,14.0,14.0
2025-10-23T01:00:00,10.0,10.0
2025-10-23T02:00:00,2.47,2.47
2025-10-23T03:00:00,2.4,2.4
2025-10-23T04:00:00,3.52,3.52
2025-10-23T05:00:00,1.99,1.99
2025-10-23T06:00:00,0.16,0.16
2025-10-23T07:00:00,0.16,0.16
2025-10-23T08:00:00,0.66,0.66
2025-10-23T09:00:00,0.16,0.16
2025-10-23T10:00:00,0.05,0.05
2025-10-23T11:00:00,0.01,0.01
2025-10-23T12:00:00,0.0,0.0
2025-10-23T13:00:00,0.0,0.0
2025-10-23T14:00:00,0.0,0.0
2025-10-23T15:00:00,0.0,0.0
2025-10-23T16:00:00,0.0,0.0
2025-10-23T17:00:00,0.0,0.0
2025-10-23T18:00:00,0.0,0.0
2025-10-23T19:00:00,0.0,0.0
2025-10-23T20:00:00,0.0,0.0
2025-10-23T21:00:00,0.0,0.0
2025-10-23T22:00:00,0.0,0.0
2025-10-23T23:00:00,0.01,0.01
2025-10-24T00:00:00,106.37,106.37
2025-10-24T01:00:00,105.57,105.57
2025-10-24T02:00:00,100.0,100.0
2025-10-24T03:00:00,95.47,95.47
2025-10-24T04:00:00,95.47,95.47
2025-10-24T05:00:00,93.87,93.87
2025-10-24T06:00:00,90.67,90.67
2025-10-24T07:00:00,90.01,90.01
2025-10-24T08:00:00,89.32,89.32
2025-10-24T09:00:00,88.4,88.4
2025-10-24T10:00:00,88.4,88.4
2025-10-24T11:00:00,88.4,88.4
2025-10-24T12:00:00,88.01,88.01
2025-10-24T13:00:00,87.62,87.62
2025-10-24T14:00:00,87.47,87.47
2025-10-24T15:00:00,87.47,87.47
2025-10-24T16:00:00,87.47,87.47
2025-10-24T17:00:00,87.47,87.47
2025-10-24T18:00:00,88.01,88.01
2025-10-24T19:00:00,88.4,88.4
2025-10-24T20:00:00,88.4,88.4
2025-10-24T21:00:00,90.01,90.01
2025-10-24T22:00:00,90.67,90.67
2025-10-24T23:00:00,93.87,93.87
2025-10-25T00:00:00,98.89,98.89
2025-10-25T01:00:00,97.76,97.76
2025-10-25T02:00:00,97.28,97.28
2025-10-25T03:00:00,96.41,96.41
2025-10-25T04:00:00,96.41,96.41
2025-10-25T05:00:00,95.4,95.4
2025-10-25T06:00:00,91.0,91.0
2025-10-25T07:00:00,89.5,89.5
2025-10-25T08:00:00,90.65,90.65
2025-10-25T09:00:00,88.9,88.9
2025-10-25T10:00:00,86.44,86.44
2025-10-25T11:00:00,84.86,84.86
2025-10-25T12:00:00,84.86,84.86
2025-10-25T13:00:00,84.86,84.86
2025-10-25T14:00:00,84.86,84.86
2025-10-25T15:00:00,83.28,83.28
2025-10-25T16:00:00,95.4,95.4
2025-10-25T17:00:00,95.4,95.4
2025-10-25T18:00:00,95.4,95.4
2025-10-25T19:00:00,95.4,95.4
2025-10-25T20:00:00,96.05,96.05
2025-10-25T21:00:00,96.05,96.05
2025-10-25T22:00:00,96.41,96.41
2025-10-25T23:00:00,97.04,97.04
2025-10-26T00:00:00,105.19,105.19
2025-10-26T01:00:00,96.69,96.69
2025-10-26T02:00:00,94.4,94.4
2025-10-26T03:00:00,93.68,93.68
2025-10-26T04:00:00,90.29,90.29
2025-10-26T05:00:00,88.4,88.4
2025-10-26T06:00:00,86.44,86.44
2025-10-26T07:00:00,84.86,84.86
2025-10-26T08:00:00,70.0,70.0
2025-10-26T09:00:00,61.33,61.33
2025-10-26T10:00:00,61.12,61.12
2025-10-26T11:00:00,60.0,60.0
2025-10-26T12:00:00,58.07,58.07
2025-10-26T13:00:00,57.81,57.81
2025-10-26T14:00:00,57.42,57.42
2025-10-26T15:00:00,56.1,56.1
2025-10-26T16:00:00,60.1,60.1
2025-10-26T17:00:00,58.2,58.2
2025-10-26T18:00:00,57.94,57.94
2025-10-26T19:00:00,57.94,57.94
2025-10-26T20:00:00,57.81,57.81
2025-10-26T21:00:00,57.68,57.68
2025-10-26T22:00:00,57.42,57.42
2025-10-26T23:00:00,57.42,57.42
2025-10-27T00:00:00,90.92,90.92
2025-10-27T01:00:00,87.87,87.87
2025-10-27T02:00:00,85.0,85.0
2025-10-27T03:00:00,84.21,84.21
2025-10-27T04:00:00,77.5,77.5
2025-10-27T05:00:00,77.5,77.5
2025-10-27T06:00:00,77.33,77.33
2025-10-27T07:00:00,77.33,77.33
2025-10-27T08:00:00,76.87,76.87
2025-10-27T09:00:00,76.87,76.87
2025-10-27T10:00:00,76.87,76.87
2025-10-27T11:00:00,77.12,77.12
2025-10-27T12:00:00,77.12,77.12
2025-10-27T13:00:00,77.12,77.12
2025-10-27T14:00:00,77.12,77.12
2025-10-27T15:00:00,77.12,77.12
2025-10-27T16:00:00,77.33,77.33
2025-10-27T17:00:00,77.5,77.5
2025-10-27T18:00:00,80.0,80.0
2025-10-27T19:00:00,83.57,83.57
2025-10-27T20:00:00,100.88,100.88
2025-10-27T21:00:00,101.33,101.33
2025-10-27T22:00:00,105.44,105.44
2025-10-27T23:00:00,106.35,106.35
2025-10-28T00:00:00,108.64,108.64
2025-10-28T01:00:00,108.4,108.4
2025-10-28T02:00:00,108.16,108.16
2025-10-28T03:00:00,107.92,107.92
2025-10-28T04:00:00,107.37,107.37
2025-10-28T05:00:00,107.2,107.2
2025-10-28T06:00:00,105.0,105.0
2025-10-28T07:00:00,103.5,103.5
2025-10-28T08:00:00,106.39,106.39
2025-10-28T09:00:00,105.59,105.59
2025-10-28T10:00:00,105.0,105.0
2025-10-28T11:00:00,105.0,105.0
2025-10-28T12:00:00,104.79,104.79
2025-10-28T13:00:00,104.33,104.33
2025-10-28T14:00:00,103.99,103.99
2025-10-28T15:00:00,103.99,103.99
2025-10-28T16:00:00,103.99,103.99
2025-10-28T17:00:00,103.99,103.99
2025-10-28T18:00:00,104.4,104.4
2025-10-28T19:00:00,104.79,104.79
2025-10-28T20:00:00,95.0,95.0
2025-10-28T21:00:00,96.28,96.28
2025-10-28T22:00:00,100.0,100.0
2025-10-28T23:00:00,107.2,107.2
2025-10-29T00:00:00,92.05,92.05
2025-10-29T01:00:00,90.01,90.01
2025-10-29T02:00:00,88.0,88.0
2025-10-29T03:00:00,85.01,85.01
2025-10-29T04:00:00,87.51,87.51
2025-10-29T05:00:00,84.5,84.5
2025-10-29T06:00:00,82.76,82.76
2025-10-29T07:00:00,82.51,82.51
2025-10-29T08:00:00,80.07,80.07
2025-10-29T09:00:00,80.01,80.01
2025-10-29T10:00:00,80.01,80.01
2025-10-29T11:00:00,80.01,80.01
2025-10-29T12:00:00,78.86,78.86
2025-10-29T13:00:00,77.15,77.15
2025-10-29T14:00:00,74.99,74.99
2025-10-29T15:00:00,74.99,74.99
2025-10-29T16:00:00,77.27,77.27
2025-10-29T17:00:00,77.0,77.0
2025-10-29T18:00:00,80.0,80.0
2025-10-29T19:00:00,80.01,80.01
2025-10-29T20:00:00,80.07,80.07
2025-10-29T21:00:00,81.01,81.01
2025-10-29T22:00:00,83.27,83.27
2025-10-29T23:00:00,85.01,85.01
2025-10-30T00:00:00,85.0,85.0
2025-10-30T01:00:00,87.04,87.04
2025-10-30T02:00:00,90.0,90.0
2025-10-30T03:00:00,99.0,99.0
2025-10-30T04:00:00,105.93,105.93
2025-10-30T05:00:00,107.68,107.68
2025-10-30T06:00:00,110.41,110.41
2025-10-30T07:00:00,109.29,109.29
2025-10-30T08:00:00,116.49,116.49
2025-10-30T09:00:00,112.36,112.36
2025-10-30T10:00:00,109.56,109.56
2025-10-30T11:00:00,108.4,108.4
2025-10-30T12:00:00,108.78,108.78
2025-10-30T13:00:00,105.4,105.4
2025-10-30T14:00:00,100.88,100.88
2025-10-30T15:00:00,95.0,95.0
2025-10-30T16:00:00,95.0,95.0
2025-10-30T17:00:00,90.0,90.0
2025-10-30T18:00:00,86.22,86.22
2025-10-30T19:00:00,85.0,85.0
2025-10-30T20:00:00,85.01,85.01
2025-10-30T21:00:00,82.51,82.51
2025-10-30T22:00:00,82.51,82.51
2025-10-30T23:00:00,82.51,82.51
2025-10-31T00:00:00,77.8,77.8
2025-10-31T01:00:00,72.9,72.9
2025-10-31T02:00:00,67.34,67.34
2025-10-31T03:00:00,59.0,59.0
2025-10-31T04:00:00,55.5,55.5
2025-10-31T05:00:00,55.12,55.12
2025-10-31T06:00:00,54.87,54.87
2025-10-31T07:00:00,51.93,51.93
2025-10-31T08:00:00,54.87,54.87
2025-10-31T09:00:00,51.93,51.93
2025-10-31T10:00:00,51.2,51.2
2025-10-31T11:00:00,51.07,51.07
2025-10-31T12:00:00,50.94,50.94
2025-10-31T13:00:00,50.81,50.81
2025-10-31T14:00:00,50.81,50.81
2025-10-31T15:00:00,50.68,50.68
2025-10-31T16:00:00,50.55,50.55
2025-10-31T17:00:00,50.4,50.4
2025-10-31T18:00:00,50.1,50.1
2025-10-31T19:00:00,50.55,50.55
2025-10-31T20:00:00,50.55,50.55
2025-10-31T21:00:00,50.68,50.68
2025-10-31T22:00:00,50.81,50.81
2025-10-31T23:00:00,51.2,51.2
2025-11-01T00:00:00,49.3,49.3
2025-11-01T01:00:00,47.8,47.8
2025-11-01T02:00:00,44.3,44.3
2025-11-01T03:00:00,42.3,42.3
2025-11-01T04:00:00,32.69,32.69
2025-11-01T05:00:00,30.0,30.0
2025-11-01T06:00:00,20.0,20.0
2025-11-01T07:00:00,15.0,15.0
2025-11-01T08:00:00,20.0,20.0
2025-11-01T09:00:00,20.1,20.1
2025-11-01T10:00:00,20.1,20.1
2025-11-01T11:00:00,29.74,29.74
2025-11-01T12:00:00,30.0,30.0
2025-11-01T13:00:00,30.0,30.0
2025-11-01T14:00:00,30.0,30.0
2025-11-01T15:00:00,30.0,30.0
2025-11-01T16:00:00,30.0,30.0
2025-11-01T17:00:00,30.0,30.0
2025-11-01T18:00:00,30.05,30.05
2025-11-01T19:00:00,30.3,30.3
2025-11-01T20:00:00,30.3,30.3
2025-11-01T21:00:00,32.36,32.36
2025-11-01T22:00:00,35.05,35.05
2025-11-01T23:00:00,37.73,37.73
2025-11-02T00:00:00,81.86,81.86
2025-11-02T01:00:00,80.8,80.8
2025-11-02T02:00:00,71.0,71.0
2025-11-02T03:00:00,64.1,64.1
2025-11-02T04:00:00,60.0,60.0
2025-11-02T05:00:00,53.62,53.62
2025-11-02T06:00:00,51.93,51.93
2025-11-02T07:00:00,50.0,50.0
2025-11-02T08:00:00,40.0,40.0
2025-11-02T09:00:00,34.94,34.94
2025-11-02T10:00:00,30.05,30.05
2025-11-02T11:00:00,20.1,20.1
2025-11-02T12:00:00,23.27,23.27
2025-11-02T13:00:00,15.0,15.0
2025-11-02T14:00:00,16.62,16.62
2025-11-02T15:00:00,11.93,11.93
2025-11-02T16:00:00,16.79,16.79
2025-11-02T17:00:00,16.9,16.9
2025-11-02T18:00:00,16.79,16.79
2025-11-02T19:00:00,16.68,16.68
2025-11-02T20:00:00,20.58,20.58
2025-11-02T21:00:00,16.9,16.9
2025-11-02T22:00:00,16.79,16.79
2025-11-02T23:00:00,16.9,16.9
2025-11-03T00:00:00,92.1,92.1
2025-11-03T01:00:00,90.1,90.1
2025-11-03T02:00:00,87.5,87.5
2025-11-03T03:00:00,86.14,86.14
2025-11-03T04:00:00,84.56,84.56
2025-11-03T05:00:00,83.69,83.69
2025-11-03T06:00:00,83.64,83.64
2025-11-03T07:00:00,83.4,83.4
2025-11-03T08:00:00,83.16,83.16
2025-11-03T09:00:00,82.98,82.98
2025-11-03T10:00:00,82.92,82.92
2025-11-03T11:00:00,82.92,82.92
2025-11-03T12:00:00,82.68,82.68
2025-11-03T13:00:00,82.44,82.44
2025-11-03T14:00:00,82.44,82.44
2025-11-03T15:00:00,82.68,82.68
2025-11-03T16:00:00,82.44,82.44
2025-11-03T17:00:00,82.68,82.68
2025-11-03T18:00:00,82.98,82.98
2025-11-03T19:00:00,83.16,83.16
2025-11-03T20:00:00,83.64,83.64
2025-11-03T21:00:00,83.69,83.69
2025-11-03T22:00:00,85.37,85.37
2025-11-03T23:00:00,91.33,91.33
2025-11-04T00:00:00,80.54,80.54
2025-11-04T01:00:00,77.64,77.64
2025-11-04T02:00:00,77.16,77.16
2025-11-04T03:00:00,76.2,76.2
2025-11-04T04:00:00,75.8,75.8
2025-11-04T05:00:00,68.68,68.68
2025-11-04T06:00:00,67.03,67.03
2025-11-04T07:00:00,62.0,62.0
2025-11-04T08:00:00,68.68,68.68
2025-11-04T09:00:00,68.68,68.68
2025-11-04T10:00:00,67.03,67.03
2025-11-04T11:00:00,65.0,65.0
2025-11-04T12:00:00,60.85,60.85
2025-11-04T13:00:00,58.92,58.92
2025-11-04T14:00:00,52.92,52.92
2025-11-04T15:00:00,52.79,52.79
2025-11-04T16:00:00,50.05,50.05
2025-11-04T17:00:00,50.0,50.0
2025-11-04T18:00:00,50.0,50.0
2025-11-04T19:00:00,50.05,50.05
2025-11-04T20:00:00,50.0,50.0
2025-11-04T21:00:00,52.0,52.0
2025-11-04T22:00:00,54.79,54.79
2025-11-04T23:00:00,65.0,65.0
2025-11-05T00:00:00,35.01,35.01
2025-11-05T01:00:00,30.0,30.0
2025-11-05T02:00:00,29.47,29.47
2025-11-05T03:00:00,29.07,29.07
2025-11-05T04:00:00,28.81,28.81
2025-11-05T05:00:00,28.33,28.33
2025-11-05T06:00:00,21.2,21.2
2025-11-05T07:00:00,20.0,20.0
2025-11-05T08:00:00,20.1,20.1
2025-11-05T09:00:00,16.79,16.79
2025-11-05T10:00:00,16.35,16.35
2025-11-05T11:00:00,15.6,15.6
2025-11-05T12:00:00,16.46,16.46
2025-11-05T13:00:00,16.46,16.46
2025-11-05T14:00:00,12.57,12.57
2025-11-05T15:00:00,10.0,10.0
2025-11-05T16:00:00,7.0,7.0
2025-11-05T17:00:00,7.0,7.0
2025-11-05T18:00:00,7.0,7.0
2025-11-05T19:00:00,7.0,7.0
2025-11-05T20:00:00,8.07,8.07
2025-11-05T21:00:00,14.0,14.0
2025-11-05T22:00:00,16.68,16.68
2025-11-05T23:00:00,16.79,16.79
2025-11-06T00:00:00,20.81,20.81
2025-11-06T01:00:00,20.55,20.55
2025-11-06T02:00:00,21.07,21.07
2025-11-06T03:00:00,20.94,20.94
2025-11-06T04:00:00,20.0,20.0
2025-11-06T05:00:00,16.36,16.36
2025-11-06T06:00:00,13.71,13.71
2025-11-06T07:00:00,10.28,10.28
2025-11-06T08:00:00,20.0,20.0
2025-11-06T09:00:00,15.24,15.24
2025-11-06T10:00:00,14.0,14.0
2025-11-06T11:00:00,12.22,12.22
2025-11-06T12:00:00,14.0,14.0
2025-11-06T13:00:00,13.08,13.08
2025-11-06T14:00:00,10.0,10.0
2025-11-06T15:00:00,9.33,9.33
2025-11-06T16:00:00,9.49,9.49
2025-11-06T17:00:00,8.71,8.71
2025-11-06T18:00:00,5.73,5.73
2025-11-06T19:00:00,7.5,7.5
2025-11-06T20:00:00,13.73,13.73
2025-11-06T21:00:00,11.42,11.42
2025-11-06T22:00:00,19.33,19.33
2025-11-06T23:00:00,20.81,20.81
2025-11-07T00:00:00,65.55,65.55
2025-11-07T01:00:00,62.52,62.52
2025-11-07T02:00:00,57.26,57.26
2025-11-07T03:00:00,52.52,52.52
2025-11-07T04:00:00,55.01,55.01
2025-11-07T05:00:00,54.1,54.1
2025-11-07T06:00:00,52.86,52.86
2025-11-07T07:00:00,49.66,49.66
2025-11-07T08:00:00,54.1,54.1
2025-11-07T09:00:00,50.0,50.0
2025-11-07T10:00:00,49.66,49.66
2025-11-07T11:00:00,45.0,45.0
2025-11-07T12:00:00,42.0,42.0
2025-11-07T13:00:00,38.17,38.17
2025-11-07T14:00:00,35.91,35.91
2025-11-07T15:00:00,34.73,34.73
2025-11-07T16:00:00,34.56,34.56
2025-11-07T17:00:00,33.0,33.0
2025-11-07T18:00:00,33.0,33.0
2025-11-07T19:00:00,34.46,34.46
2025-11-07T20:00:00,38.0,38.0
2025-11-07T21:00:00,40.67,40.67
2025-11-07T22:00:00,45.01,45.01
2025-11-07T23:00:00,49.66,49.66
2025-11-08T00:00:00,80.68,80.68
2025-11-08T01:00:00,74.59,74.59
2025-11-08T02:00:00,63.64,63.64
2025-11-08T03:00:00,51.43,51.43
2025-11-08T04:00:00,63.67,63.67
2025-11-08T05:00:00,54.0,54.0
2025-11-08T06:00:00,56.3,56.3
2025-11-08T07:00:00,51.43,51.43
2025-11-08T08:00:00,51.91,51.91
2025-11-08T09:00:00,51.07,51.07
2025-11-08T10:00:00,50.94,50.94
2025-11-08T11:00:00,50.0,50.0
2025-11-08T12:00:00,50.81,50.81
2025-11-08T13:00:00,50.0,50.0
2025-11-08T14:00:00,45.67,45.67
2025-11-08T15:00:00,35.63,35.63
2025-11-08T16:00:00,38.25,38.25
2025-11-08T17:00:00,35.0,35.0
2025-11-08T18:00:00,34.8,34.8
2025-11-08T19:00:00,34.8,34.8
2025-11-08T20:00:00,34.8,34.8
2025-11-08T21:00:00,34.7,34.7
2025-11-08T22:00:00,35.75,35.75
2025-11-08T23:00:00,42.7,42.7
2025-11-09T00:00:00,78.81,78.81
2025-11-09T01:00:00,72.11,72.11
2025-11-09T02:00:00,70.52,61.15
2025-11-09T03:00:00,70.52,59.6
2025-11-09T04:00:00,65.0,65.0
2025-11-09T05:00:00,62.72,62.72
2025-11-09T06:00:00,59.9,59.9
2025-11-09T07:00:00,59.49,59.49
2025-11-09T08:00:00,60.1,60.1
2025-11-09T09:00:00,54.67,54.67
2025-11-09T10:00:00,53.6,53.6
2025-11-09T11:00:00,53.43,53.43
2025-11-09T12:00:00,53.6,53.6
2025-11-09T13:00:00,53.43,53.43
2025-11-09T14:00:00,53.59,53.59
2025-11-09T15:00:00,52.81,52.81
2025-11-09T16:00:00,52.81,52.81
2025-11-09T17:00:00,52.81,52.81
2025-11-09T18:00:00,53.43,53.43
2025-11-09T19:00:00,53.43,53.43
2025-11-09T20:00:00,55.36,55.36
2025-11-09T21:00:00,55.0,55.0
2025-11-09T22:00:00,55.0,55.0
2025-11-09T23:00:00,59.7,59.7
2025-11-10T00:00:00,91.52,91.52
2025-11-10T01:00:00,90.8,90.8
2025-11-10T02:00:00,90.0,90.0
2025-11-10T03:00:00,85.0,85.0
2025-11-10T04:00:00,85.25,85.25
2025-11-10T05:00:00,80.0,80.0
2025-11-10T06:00:00,76.29,76.29
2025-11-10T07:00:00,73.27,73.27
2025-11-10T08:00:00,71.31,71.31
2025-11-10T09:00:00,69.99,69.99
2025-11-10T10:00:00,63.78,63.78
2025-11-10T11:00:00,60.33,60.33
2025-11-10T12:00:00,60.1,60.1
2025-11-10T13:00:00,60.0,60.0
2025-11-10T14:00:00,59.9,59.9
2025-11-10T15:00:00,59.7,59.7
2025-11-10T16:00:00,59.6,59.6
2025-11-10T17:00:00,59.6,59.6
2025-11-10T18:00:00,59.7,59.7
2025-11-10T19:00:00,59.8,59.8
2025-11-10T20:00:00,60.0,60.0
2025-11-10T21:00:00,60.0,60.0
2025-11-10T22:00:00,70.0,70.0
2025-11-10T23:00:00,77.46,77.46
2025-11-11T00:00:00,93.5,93.5
2025-11-11T01:00:00,91.84,91.84
2025-11-11T02:00:00,90.24,90.24
2025-11-11T03:00:00,89.52,89.52
2025-11-11T04:00:00,89.76,89.76
2025-11-11T05:00:00,89.04,89.04
2025-11-11T06:00:00,88.68,88.68
2025-11-11T07:00:00,87.1,87.1
2025-11-11T08:00:00,89.76,89.76
2025-11-11T09:00:00,89.28,89.28
2025-11-11T10:00:00,89.04,89.04
2025-11-11T11:00:00,88.8,88.8
2025-11-11T12:00:00,89.28,89.28
2025-11-11T13:00:00,89.04,89.04
2025-11-11T14:00:00,88.8,88.8
2025-11-11T15:00:00,88.68,88.68
2025-11-11T16:00:00,88.68,88.68
2025-11-11T17:00:00,88.68,88.68
2025-11-11T18:00:00,88.68,88.68
2025-11-11T19:00:00,88.8,88.8
2025-11-11T20:00:00,88.68,88.68
2025-11-11T21:00:00,87.1,87.1
2025-11-11T22:00:00,88.68,88.68
2025-11-11T23:00:00,89.28,89.28
2025-11-12T00:00:00,50.0,50.0
2025-11-12T01:00:00,43.27,43.27
2025-11-12T02:00:00,34.0,34.0
2025-11-12T03:00:00,20.31,20.31
2025-11-12T04:00:00,24.93,24.93
2025-11-12T05:00:00,17.43,17.43
2025-11-12T06:00:00,16.43,16.43
2025-11-12T07:00:00,16.04,16.04
2025-11-12T08:00:00,17.65,17.65
2025-11-12T09:00:00,16.6,16.6
2025-11-12T10:00:00,14.81,14.81
2025-11-12T11:00:00,14.01,14.01
2025-11-12T12:00:00,14.54,14.54
2025-11-12T13:00:00,14.17,14.17
2025-11-12T14:00:00,11.1,11.1
2025-11-12T15:00:00,9.22,9.22
2025-11-12T16:00:00,9.89,9.89
2025-11-12T17:00:00,8.78,8.78
2025-11-12T18:00:00,7.3,7.3
2025-11-12T19:00:00,10.87,10.87
2025-11-12T20:00:00,14.0,14.0
2025-11-12T21:00:00,14.43,14.43
2025-11-12T22:00:00,14.81,14.81
2025-11-12T23:00:00,14.68,14.68
2025-11-13T00:00:00,31.65,31.65
2025-11-13T01:00:00,24.8,24.8
2025-11-13T02:00:00,21.62,21.62
2025-11-13T03:00:00,20.0,20.0
2025-11-13T04:00:00,25.0,25.0
2025-11-13T05:00:00,22.6,22.6
2025-11-13T06:00:00,20.82,20.82
2025-11-13T07:00:00,17.81,17.81
2025-11-13T08:00:00,17.81,17.81
2025-11-13T09:00:00,16.9,16.9
2025-11-13T10:00:00,17.55,17.55
2025-11-13T11:00:00,16.79,16.79
2025-11-13T12:00:00,14.6,14.6
2025-11-13T13:00:00,14.0,14.0
2025-11-13T14:00:00,14.0,14.0
2025-11-13T15:00:00,14.33,14.33
2025-11-13T16:00:00,14.0,14.0
2025-11-13T17:00:00,13.0,13.0
2025-11-13T18:00:00,14.0,14.0
2025-11-13T19:00:00,14.6,14.6
2025-11-13T20:00:00,14.6,14.6
2025-11-13T21:00:00,16.9,16.9
2025-11-13T22:00:00,17.55,17.55
2025-11-13T23:00:00,18.98,18.98
2025-11-14T00:00:00,22.81,22.81
2025-11-14T01:00:00,22.68,22.68
2025-11-14T02:00:00,15.2,15.2
2025-11-14T03:00:00,16.9,16.9
2025-11-14T04:00:00,22.55,22.55
2025-11-14T05:00:00,20.9,20.9
2025-11-14T06:00:00,17.64,17.64
2025-11-14T07:00:00,16.68,16.68
2025-11-14T08:00:00,15.05,15.05
2025-11-14T09:00:00,13.73,13.73
2025-11-14T10:00:00,10.49,10.49
2025-11-14T11:00:00,11.64,11.64
2025-11-14T12:00:00,12.74,12.74
2025-11-14T13:00:00,10.0,10.0
2025-11-14T14:00:00,7.19,7.19
2025-11-14T15:00:00,5.77,5.77
2025-11-14T16:00:00,5.33,5.33
2025-11-14T17:00:00,5.11,5.11
2025-11-14T18:00:00,5.11,5.11
2025-11-14T19:00:00,5.71,5.71
2025-11-14T20:00:00,7.96,7.96
2025-11-14T21:00:00,9.24,9.24
2025-11-14T22:00:00,13.38,13.38
2025-11-14T23:00:00,14.88,14.88
2025-11-15T00:00:00,31.5,31.5
2025-11-15T01:00:00,22.2,22.2
2025-11-15T02:00:00,21.14,21.14
2025-11-15T03:00:00,17.11,17.11
2025-11-15T04:00:00,23.04,23.04
2025-11-15T05:00:00,19.1,19.1
2025-11-15T06:00:00,19.51,19.51
2025-11-15T07:00:00,17.37,17.37
2025-11-15T08:00:00,18.92,18.92
2025-11-15T09:00:00,17.37,17.37
2025-11-15T10:00:00,17.11,17.11
2025-11-15T11:00:00,17.0,17.0
2025-11-15T12:00:00,17.03,17.03
2025-11-15T13:00:00,17.03,17.03
2025-11-15T14:00:00,16.9,16.9
2025-11-15T15:00:00,16.57,16.57
2025-11-15T16:00:00,16.49,16.49
2025-11-15T17:00:00,16.46,16.46
2025-11-15T18:00:00,16.46,16.46
2025-11-15T19:00:00,16.57,16.57
2025-11-15T20:00:00,17.08,17.08
2025-11-15T21:00:00,17.03,17.03
2025-11-15T22:00:00,17.1,17.1
2025-11-15T23:00:00,17.2,17.2
2025-11-16T00:00:00,45.0,45.0
2025-11-16T01:00:00,41.36,41.36
2025-11-16T02:00:00,29.9,29.9
2025-11-16T03:00:00,25.0,25.0
2025-11-16T04:00:00,33.12,33.12
2025-11-16T05:00:00,29.8,29.8
2025-11-16T06:00:00,29.9,29.9
2025-11-16T07:00:00,25.0,25.0
2025-11-16T08:00:00,29.7,29.7
2025-11-16T09:00:00,24.19,24.19
2025-11-16T10:00:00,25.0,25.0
2025-11-16T11:00:00,24.2,24.2
2025-11-16T12:00:00,24.2,24.2
2025-11-16T13:00:00,23.5,23.5
2025-11-16T14:00:00,23.37,23.37
2025-11-16T15:00:00,23.24,23.24
2025-11-16T16:00:00,23.11,23.11
2025-11-16T17:00:00,22.98,22.98
2025-11-16T18:00:00,22.85,22.85
2025-11-16T19:00:00,22.85,22.85
2025-11-16T20:00:00,22.98,22.98
2025-11-16T21:00:00,22.98,22.98
2025-11-16T22:00:00,23.11,23.11
2025-11-16T23:00:00,23.24,23.24
2025-11-17T00:00:00,85.04,85.04
2025-11-17T01:00:00,79.7,79.7
2025-11-17T02:00:00,73.36,73.36
2025-11-17T03:00:00,72.02,72.02
2025-11-17T04:00:00,72.17,72.17
2025-11-17T05:00:00,72.02,72.02
2025-11-17T06:00:00,69.05,69.05
2025-11-17T07:00:00,66.94,66.94
2025-11-17T08:00:00,66.94,66.94
2025-11-17T09:00:00,66.0,66.0
2025-11-17T10:00:00,66.0,66.0
2025-11-17T11:00:00,66.0,66.0
2025-11-17T12:00:00,65.36,65.36
2025-11-17T13:00:00,65.36,65.36
2025-11-17T14:00:00,65.36,65.36
2025-11-17T15:00:00,65.36,65.36
2025-11-17T16:00:00,65.36,65.36
2025-11-17T17:00:00,65.36,65.36
2025-11-17T18:00:00,66.0,66.0
2025-11-17T19:00:00,66.94,66.94
2025-11-17T20:00:00,70.18,70.18
2025-11-17T21:00:00,72.02,72.02
2025-11-17T22:00:00,72.17,72.17
2025-11-17T23:00:00,83.0,83.0
2025-11-18T00:00:00,89.07,89.07
2025-11-18T01:00:00,83.52,83.52
2025-11-18T02:00:00,73.38,73.38
2025-11-18T03:00:00,70.0,70.0
2025-11-18T04:00:00,79.7,79.7
2025-11-18T05:00:00,75.99,75.99
2025-11-18T06:00:00,74.06,74.06
2025-11-18T07:00:00,72.02,72.02
2025-11-18T08:00:00,72.02,72.02
2025-11-18T09:00:00,72.02,72.02
2025-11-18T10:00:00,72.02,72.02
2025-11-18T11:00:00,70.05,70.05
2025-11-18T12:00:00,72.02,72.02
2025-11-18T13:00:00,70.0,70.0
2025-11-18T14:00:00,68.06,68.06
2025-11-18T15:00:00,67.62,67.62
2025-11-18T16:00:00,66.87,66.87
2025-11-18T17:00:00,66.99,66.99
2025-11-18T18:00:00,70.0,70.0
2025-11-18T19:00:00,70.99,70.99
2025-11-18T20:00:00,67.0,67.0
2025-11-18T21:00:00,66.59,66.59
2025-11-18T22:00:00,68.65,68.65
2025-11-18T23:00:00,73.25,73.25
2025-11-19T00:00:00,122.58,122.58
2025-11-19T01:00:00,122.34,122.34
2025-11-19T02:00:00,118.95,118.95
2025-11-19T03:00:00,113.57,113.57
2025-11-19T04:00:00,110.04,110.04
2025-11-19T05:00:00,106.1,106.1
2025-11-19T06:00:00,103.56,103.56
2025-11-19T07:00:00,100.0,100.0
2025-11-19T08:00:00,97.5,97.5
2025-11-19T09:00:00,96.99,96.99
2025-11-19T10:00:00,96.99,96.99
2025-11-19T11:00:00,96.54,96.54
2025-11-19T12:00:00,97.22,97.22
2025-11-19T13:00:00,96.99,96.99
2025-11-19T14:00:00,96.99,96.99
2025-11-19T15:00:00,96.44,96.44
2025-11-19T16:00:00,95.9,95.9
2025-11-19T17:00:00,95.0,95.0
2025-11-19T18:00:00,95.0,95.0
2025-11-19T19:00:00,96.44,96.44
2025-11-19T20:00:00,96.99,96.99
2025-11-19T21:00:00,96.99,96.99
2025-11-19T22:00:00,97.22,97.22
2025-11-19T23:00:00,100.64,100.64
2025-11-20T00:00:00,89.0,89.0
2025-11-20T01:00:00,88.71,88.71
2025-11-20T02:00:00,81.41,81.41
2025-11-20T03:00:00,75.0,75.0
2025-11-20T04:00:00,78.36,78.36
2025-11-20T05:00:00,76.59,76.59
2025-11-20T06:00:00,75.01,75.01
2025-11-20T07:00:00,73.02,73.02
2025-11-20T08:00:00,76.02,76.02
2025-11-20T09:00:00,75.0,75.0
2025-11-20T10:00:00,73.36,73.36
2025-11-20T11:00:00,72.35,72.35
2025-11-20T12:00:00,73.36,73.36
2025-11-20T13:00:00,73.25,73.25
2025-11-20T14:00:00,71.76,71.76
2025-11-20T15:00:00,71.29,71.29
2025-11-20T16:00:00,70.0,70.0
2025-11-20T17:00:00,70.0,70.0
2025-11-20T18:00:00,73.37,73.37
2025-11-20T19:00:00,78.12,78.12
2025-11-20T20:00:00,80.28,80.28
2025-11-20T21:00:00,82.23,82.23
2025-11-20T22:00:00,83.63,83.63
2025-11-20T23:00:00,88.02,88.02
2025-11-21T00:00:00,83.88,83.88
2025-11-21T01:00:00,75.0,75.0
2025-11-21T02:00:00,69.32,69.32
2025-11-21T03:00:00,64.5,64.5
2025-11-21T04:00:00,68.05,68.05
2025-11-21T05:00:00,67.22,67.22
2025-11-21T06:00:00,62.9,62.9
2025-11-21T07:00:00,59.27,59.27
2025-11-21T08:00:00,67.22,67.22
2025-11-21T09:00:00,62.9,62.9
2025-11-21T10:00:00,60.0,60.0
2025-11-21T11:00:00,59.27,59.27
2025-11-21T12:00:00,58.89,58.89
2025-11-21T13:00:00,58.57,58.57
2025-11-21T14:00:00,58.44,58.44
2025-11-21T15:00:00,58.44,58.44
2025-11-21T16:00:00,58.31,58.31
2025-11-21T17:00:00,58.05,58.05
2025-11-21T18:00:00,58.31,58.31
2025-11-21T19:00:00,58.44,58.44
2025-11-21T20:00:00,48.0,48.0
2025-11-21T21:00:00,50.99,50.99
2025-11-21T22:00:00,55.0,55.0
2025-11-21T23:00:00,57.92,57.92
2025-11-22T00:00:00,95.68,95.68
2025-11-22T01:00:00,92.23,92.23
2025-11-22T02:00:00,85.98,85.98
2025-11-22T03:00:00,84.19,84.19
2025-11-22T04:00:00,84.4,84.4
2025-11-22T05:00:00,82.98,82.98
2025-11-22T06:00:00,77.0,77.0
2025-11-22T07:00:00,72.26,72.26
2025-11-22T08:00:00,84.19,84.19
2025-11-22T09:00:00,77.0,77.0
2025-11-22T10:00:00,72.35,72.35
2025-11-22T11:00:00,68.25,68.25
2025-11-22T12:00:00,74.0,74.0
2025-11-22T13:00:00,70.0,70.0
2025-11-22T14:00:00,68.05,68.05
2025-11-22T15:00:00,68.05,68.05
2025-11-22T16:00:00,67.22,67.22
2025-11-22T17:00:00,67.22,67.22
2025-11-22T18:00:00,67.22,67.22
2025-11-22T19:00:00,67.22,67.22
2025-11-22T20:00:00,67.22,67.22
2025-11-22T21:00:00,67.22,67.22
2025-11-22T22:00:00,67.22,67.22
2025-11-22T23:00:00,67.22,67.22
2025-11-23T00:00:00,76.4,76.4
2025-11-23T01:00:00,75.58,75.58
2025-11-23T02:00:00,73.91,73.91
2025-11-23T03:00:00,67.22,67.22
2025-11-23T04:00:00,69.8,69.8
2025-11-23T05:00:00,67.22,67.22
2025-11-23T06:00:00,62.07,62.07
2025-11-23T07:00:00,50.03,50.03
2025-11-23T08:00:00,49.0,49.0
2025-11-23T09:00:00,43.96,43.96
2025-11-23T10:00:00,38.5,38.5
2025-11-23T11:00:00,36.0,36.0
2025-11-23T12:00:00,43.96,43.96
2025-11-23T13:00:00,41.35,41.35
2025-11-23T14:00:00,37.0,37.0
2025-11-23T15:00:00,35.25,35.25
2025-11-23T16:00:00,34.9,34.9
2025-11-23T17:00:00,34.6,34.6
2025-11-23T18:00:00,34.5,34.5
2025-11-23T19:00:00,34.5,34.5
2025-11-23T20:00:00,42.0,42.0
2025-11-23T21:00:00,41.35,41.35
2025-11-23T22:00:00,42.0,42.0
2025-11-23T23:00:00,43.02,43.02
2025-11-24T00:00:00,35.35,35.35
2025-11-24T01:00:00,30.54,30.54
2025-11-24T02:00:00,25.0,25.0
2025-11-24T03:00:00,19.5,19.5
2025-11-24T04:00:00,16.9,16.9
2025-11-24T05:00:00,14.0,14.0
2025-11-24T06:00:00,7.3,7.3
2025-11-24T07:00:00,5.0,5.0
2025-11-24T08:00:00,5.0,5.0
2025-11-24T09:00:00,3.6,3.6
2025-11-24T10:00:00,3.52,3.52
2025-11-24T11:00:00,3.52,3.52
2025-11-24T12:00:00,3.52,3.52
2025-11-24T13:00:00,3.52,3.52
2025-11-24T14:00:00,3.52,3.52
2025-11-24T15:00:00,3.52,3.52
2025-11-24T16:00:00,3.52,3.52
2025-11-24T17:00:00,3.52,3.52
2025-11-24T18:00:00,3.52,3.52
2025-11-24T19:00:00,3.52,3.52
2025-11-24T20:00:00,3.52,3.52
2025-11-24T21:00:00,3.52,3.52
2025-11-24T22:00:00,3.52,3.52
2025-11-24T23:00:00,3.52,3.52
2025-11-25T00:00:00,46.35,46.35
2025-11-25T01:00:00,44.0,44.0
2025-11-25T02:00:00,41.11,41.11
2025-11-25T03:00:00,40.2,40.2
2025-11-25T04:00:00,41.11,41.11
2025-11-25T05:00:00,39.82,39.82
2025-11-25T06:00:00,39.82,39.82
2025-11-25T07:00:00,38.25,38.25
2025-11-25T08:00:00,38.25,38.25
2025-11-25T09:00:00,34.98,34.98
2025-11-25T10:00:00,26.49,26.49
2025-11-25T11:00:00,19.63,19.63
2025-11-25T12:00:00,28.07,28.07
2025-11-25T13:00:00,25.77,25.77
2025-11-25T14:00:00,18.18,18.18
2025-11-25T15:00:00,14.0,14.0
2025-11-25T16:00:00,11.29,11.29
2025-11-25T17:00:00,12.84,12.84
2025-11-25T18:00:00,19.64,19.64
2025-11-25T19:00:00,23.05,23.05
2025-11-25T20:00:00,25.0,25.0
2025-11-25T21:00:00,26.81,26.81
2025-11-25T22:00:00,34.64,34.64
2025-11-25T23:00:00,40.85,40.85
2025-11-26T00:00:00,84.98,84.98
2025-11-26T01:00:00,83.4,83.4
2025-11-26T02:00:00,74.16,74.16
2025-11-26T03:00:00,70.0,70.0
2025-11-26T04:00:00,73.91,73.91
2025-11-26T05:00:00,68.05,68.05
2025-11-26T06:00:00,67.22,67.22
2025-11-26T07:00:00,66.7,66.7
2025-11-26T08:00:00,67.22,67.22
2025-11-26T09:00:00,62.05,62.05
2025-11-26T10:00:00,60.24,60.24
2025-11-26T11:00:00,60.0,60.0
2025-11-26T12:00:00,66.13,66.13
2025-11-26T13:00:00,64.05,64.05
2025-11-26T14:00:00,61.89,61.89
2025-11-26T15:00:00,60.25,60.25
2025-11-26T16:00:00,60.73,60.73
2025-11-26T17:00:00,60.46,60.46
2025-11-26T18:00:00,61.12,61.12
2025-11-26T19:00:00,65.65,65.65
2025-11-26T20:00:00,67.22,67.22
2025-11-26T21:00:00,67.22,67.22
2025-11-26T22:00:00,77.51,77.51
2025-11-26T23:00:00,83.7,83.7
2025-11-27T00:00:00,71.63,71.63
2025-11-27T01:00:00,80.0,80.0
2025-11-27T02:00:00,84.98,84.98
2025-11-27T03:00:00,87.58,87.58
2025-11-27T04:00:00,87.34,87.34
2025-11-27T05:00:00,90.8,90.8
2025-11-27T06:00:00,94.98,94.98
2025-11-27T07:00:00,105.05,105.05
2025-11-27T08:00:00,107.53,107.53
2025-11-27T09:00:00,115.29,115.29
2025-11-27T10:00:00,105.05,105.05
2025-11-27T11:00:00,90.8,90.8
2025-11-27T12:00:00,88.3,88.3
2025-11-27T13:00:00,80.0,80.0
2025-11-27T14:00:00,58.5,58.5
2025-11-27T15:00:00,50.0,50.0
2025-11-27T16:00:00,50.67,50.67
2025-11-27T17:00:00,40.81,40.81
2025-11-27T18:00:00,27.21,27.21
2025-11-27T19:00:00,16.46,16.46
2025-11-27T20:00:00,29.69,7.5
2025-11-27T21:00:00,23.77,5.11
2025-11-27T22:00:00,15.35,5.0
2025-11-27T23:00:00,9.39,3.6
2025-11-28T00:00:00,95.6,95.6
2025-11-28T01:00:00,92.9,92.9
2025-11-28T02:00:00,90.01,90.01
2025-11-28T03:00:00,88.28,88.28
2025-11-28T04:00:00,90.2,90.2
2025-11-28T05:00:00,88.4,88.4
2025-11-28T06:00:00,85.51,85.51
2025-11-28T07:00:00,84.19,84.19
2025-11-28T08:00:00,92.05,92.05
2025-11-28T09:00:00,90.8,90.8
2025-11-28T10:00:00,90.0,90.0
2025-11-28T11:00:00,89.98,89.98
2025-11-28T12:00:00,89.98,89.98
2025-11-28T13:00:00,88.4,88.4
2025-11-28T14:00:00,88.79,88.79
2025-11-28T15:00:00,88.4,88.4
2025-11-28T16:00:00,88.4,88.4
2025-11-28T17:00:00,88.4,88.4
2025-11-28T18:00:00,88.4,88.4
2025-11-28T19:00:00,89.98,89.98
2025-11-28T20:00:00,89.98,89.98
2025-11-28T21:00:00,90.2,90.2
2025-11-28T22:00:00,93.0,93.0
2025-11-28T23:00:00,95.58,95.58
2025-11-29T00:00:00,110.34,110.34
2025-11-29T01:00:00,106.64,106.64
2025-11-29T02:00:00,103.82,103.82
2025-11-29T03:00:00,102.08,102.08
2025-11-29T04:00:00,102.08,102.08
2025-11-29T05:00:00,100.3,100.3
2025-11-29T06:00:00,100.3,100.3
2025-11-29T07:00:00,95.42,95.42
2025-11-29T08:00:00,100.32,100.32
2025-11-29T09:00:00,100.3,100.3
2025-11-29T10:00:00,96.6,96.6
2025-11-29T11:00:00,91.0,91.0
2025-11-29T12:00:00,100.0,100.0
2025-11-29T13:00:00,95.0,95.0
2025-11-29T14:00:00,91.52,91.52
2025-11-29T15:00:00,90.98,90.98
2025-11-29T16:00:00,85.2,85.2
2025-11-29T17:00:00,85.17,85.17
2025-11-29T18:00:00,84.1,84.1
2025-11-29T19:00:00,84.1,84.1
2025-11-29T20:00:00,84.1,84.1
2025-11-29T21:00:00,83.15,83.15
2025-11-29T22:00:00,82.63,82.63
2025-11-29T23:00:00,83.15,83.15
2025-11-30T00:00:00,85.7,85.7
2025-11-30T01:00:00,79.61,79.61
2025-11-30T02:00:00,72.1,72.1
2025-11-30T03:00:00,70.0,70.0
2025-11-30T04:00:00,74.54,74.54
2025-11-30T05:00:00,70.0,70.0
2025-11-30T06:00:00,69.5,69.5
2025-11-30T07:00:00,68.98,68.98
2025-11-30T08:00:00,69.82,69.82
2025-11-30T09:00:00,69.37,69.37
2025-11-30T10:00:00,68.98,68.98
2025-11-30T11:00:00,65.82,65.82
2025-11-30T12:00:00,68.98,68.98
2025-11-30T13:00:00,68.29,68.29
2025-11-30T14:00:00,66.01,66.01
2025-11-30T15:00:00,62.33,62.33
2025-11-30T16:00:00,67.22,67.22
2025-11-30T17:00:00,66.01,66.01
2025-11-30T18:00:00,65.6,65.6
2025-11-30T19:00:00,65.0,65.0
2025-11-30T20:00:00,67.87,67.87
2025-11-30T21:00:00,66.07,66.07
2025-11-30T22:00:00,65.85,65.85
2025-11-30T23:00:00,66.0,66.0
2025-12-01T00:00:00,92.96,92.96
2025-12-01T01:00:00,90.93,90.93
2025-12-01T02:00:00,84.19,84.19
2025-12-01T03:00:00,80.0,80.0
2025-12-01T04:00:00,81.53,81.53
2025-12-01T05:00:00,75.39,75.39
2025-12-01T06:00:00,74.33,74.33
2025-12-01T07:00:00,71.88,71.88
2025-12-01T08:00:00,71.0,71.0
2025-12-01T09:00:00,70.0,70.0
2025-12-01T10:00:00,71.0,71.0
2025-12-01T11:00:00,70.0,70.0
2025-12-01T12:00:00,69.9,69.9
2025-12-01T13:00:00,70.0,70.0
2025-12-01T14:00:00,70.0,70.0
2025-12-01T15:00:00,70.72,70.72
2025-12-01T16:00:00,75.0,75.0
2025-12-01T17:00:00,75.25,75.25
2025-12-01T18:00:00,79.0,79.0
2025-12-01T19:00:00,80.0,80.0
2025-12-01T20:00:00,82.63,82.63
2025-12-01T21:00:00,84.21,84.21
2025-12-01T22:00:00,93.04,93.04
2025-12-01T23:00:00,95.07,95.07
2025-12-02T00:00:00,82.54,82.54
2025-12-02T01:00:00,80.53,80.53
2025-12-02T02:00:00,78.21,78.21
2025-12-02T03:00:00,74.82,74.82
2025-12-02T04:00:00,80.35,80.35
2025-12-02T05:00:00,78.9,78.9
2025-12-02T06:00:00,74.99,74.99
2025-12-02T07:00:00,71.2,71.2
2025-12-02T08:00:00,75.0,75.0
2025-12-02T09:00:00,72.1,72.1
2025-12-02T10:00:00,71.0,71.0
2025-12-02T11:00:00,70.82,70.82
2025-12-02T12:00:00,70.0,70.0
2025-12-02T13:00:00,68.68,68.68
2025-12-02T14:00:00,68.5,68.5
2025-12-02T15:00:00,67.91,67.91
2025-12-02T16:00:00,67.91,67.91
2025-12-02T17:00:00,67.5,67.5
2025-12-02T18:00:00,67.91,67.91
2025-12-02T19:00:00,68.5,68.5
2025-12-02T20:00:00,67.37,67.37
2025-12-02T21:00:00,67.91,67.91
2025-12-02T22:00:00,70.0,70.0
2025-12-02T23:00:00,75.13,75.13
2025-12-03T00:00:00,92.07,92.07
2025-12-03T01:00:00,88.98,88.98
2025-12-03T02:00:00,80.4,80.4
2025-12-03T03:00:00,78.74,78.74
2025-12-03T04:00:00,81.21,81.21
2025-12-03T05:00:00,78.74,78.74
2025-12-03T06:00:00,78.74,78.74
2025-12-03T07:00:00,78.74,78.74
2025-12-03T08:00:00,78.74,78.74
2025-12-03T09:00:00,76.36,76.36
2025-12-03T10:00:00,72.47,72.47
2025-12-03T11:00:00,70.5,70.5
2025-12-03T12:00:00,70.27,70.27
2025-12-03T13:00:00,67.72,67.72
2025-12-03T14:00:00,67.37,67.37
2025-12-03T15:00:00,67.24,67.24
2025-12-03T16:00:00,67.24,67.24
2025-12-03T17:00:00,66.98,66.98
2025-12-03T18:00:00,67.11,67.11
2025-12-03T19:00:00,67.24,67.24
2025-12-03T20:00:00,70.15,70.15
2025-12-03T21:00:00,71.2,71.2
2025-12-03T22:00:00,72.47,72.47
2025-12-03T23:00:00,75.1,75.1
2025-12-04T00:00:00,70.0,70.0
2025-12-04T01:00:00,65.5,65.5
2025-12-04T02:00:00,56.46,56.46
2025-12-04T03:00:00,52.34,52.34
2025-12-04T04:00:00,64.0,64.0
2025-12-04T05:00:00,55.37,55.37
2025-12-04T06:00:00,54.2,54.2
2025-12-04T07:00:00,50.21,50.21
2025-12-04T08:00:00,54.9,54.9
2025-12-04T09:00:00,52.34,52.34
2025-12-04T10:00:00,45.0,45.0
2025-12-04T11:00:00,38.96,38.96
2025-12-04T12:00:00,50.33,50.33
2025-12-04T13:00:00,45.0,45.0
2025-12-04T14:00:00,40.33,40.33
2025-12-04T15:00:00,36.5,36.5
2025-12-04T16:00:00,35.89,35.89
2025-12-04T17:00:00,32.89,32.89
2025-12-04T18:00:00,35.86,35.86
2025-12-04T19:00:00,38.16,38.16
2025-12-04T20:00:00,42.5,42.5
2025-12-04T21:00:00,41.77,41.77
2025-12-04T22:00:00,50.0,50.0
2025-12-04T23:00:00,51.72,51.72
2025-12-05T00:00:00,76.08,76.08
2025-12-05T01:00:00,75.46,75.46
2025-12-05T02:00:00,74.01,74.01
2025-12-05T03:00:00,70.0,70.0
2025-12-05T04:00:00,70.0,70.0
2025-12-05T05:00:00,63.32,63.32
2025-12-05T06:00:00,60.0,60.0
2025-12-05T07:00:00,56.9,56.9
2025-12-05T08:00:00,56.9,56.9
2025-12-05T09:00:00,56.52,56.52
2025-12-05T10:00:00,56.52,56.52
2025-12-05T11:00:00,56.5,56.5
2025-12-05T12:00:00,55.41,55.41
2025-12-05T13:00:00,55.34,55.34
2025-12-05T14:00:00,55.27,55.27
2025-12-05T15:00:00,55.27,55.27
2025-12-05T16:00:00,54.2,54.2
2025-12-05T17:00:00,54.2,54.2
2025-12-05T18:00:00,55.2,55.2
2025-12-05T19:00:00,55.41,55.41
2025-12-05T20:00:00,56.5,56.5
2025-12-05T21:00:00,56.63,56.63
2025-12-05T22:00:00,57.9,57.9
2025-12-05T23:00:00,66.72,66.72
2025-12-06T00:00:00,48.59,48.59
2025-12-06T01:00:00,35.02,35.02
2025-12-06T02:00:00,28.85,28.85
2025-12-06T03:00:00,22.85,22.85
2025-12-06T04:00:00,23.07,23.07
2025-12-06T05:00:00,20.0,20.0
2025-12-06T06:00:00,22.99,22.99
2025-12-06T07:00:00,25.3,25.3
2025-12-06T08:00:00,25.3,25.3
2025-12-06T09:00:00,18.36,18.36
2025-12-06T10:00:00,16.9,16.9
2025-12-06T11:00:00,16.57,16.57
2025-12-06T12:00:00,16.57,16.57
2025-12-06T13:00:00,15.99,15.99
2025-12-06T14:00:00,14.0,14.0
2025-12-06T15:00:00,14.0,14.0
2025-12-06T16:00:00,14.0,14.0
2025-12-06T17:00:00,13.99,13.99
2025-12-06T18:00:00,12.8,12.8
2025-12-06T19:00:00,10.0,10.0
2025-12-06T20:00:00,10.94,10.94
2025-12-06T21:00:00,13.42,13.42
2025-12-06T22:00:00,15.12,15.12
2025-12-06T23:00:00,15.21,15.21
2025-12-07T00:00:00,40.0,40.0
2025-12-07T01:00:00,37.17,37.17
2025-12-07T02:00:00,31.12,31.12
2025-12-07T03:00:00,25.0,25.0
2025-12-07T04:00:00,27.0,27.0
2025-12-07T05:00:00,26.24,26.24
2025-12-07T06:00:00,22.75,22.75
2025-12-07T07:00:00,20.0,20.0
2025-12-07T08:00:00,25.0,25.0
2025-12-07T09:00:00,25.0,25.0
2025-12-07T10:00:00,23.84,23.84
2025-12-07T11:00:00,17.01,17.01
2025-12-07T12:00:00,21.01,21.01
2025-12-07T13:00:00,17.01,17.01
2025-12-07T14:00:00,16.68,16.68
2025-12-07T15:00:00,16.0,16.0
2025-12-07T16:00:00,14.83,14.83
2025-12-07T17:00:00,10.9,10.9
2025-12-07T18:00:00,10.47,10.47
2025-12-07T19:00:00,7.8,7.8
2025-12-07T20:00:00,13.69,13.69
2025-12-07T21:00:00,14.0,14.0
2025-12-07T22:00:00,14.51,14.51
2025-12-07T23:00:00,15.92,15.92
2025-12-08T00:00:00,72.02,72.02
2025-12-08T01:00:00,71.7,71.7
2025-12-08T02:00:00,71.13,71.13
2025-12-08T03:00:00,70.5,70.5
2025-12-08T04:00:00,70.5,70.5
2025-12-08T05:00:00,68.5,68.5
2025-12-08T06:00:00,65.0,65.0
2025-12-08T07:00:00,58.1,58.1
2025-12-08T08:00:00,55.53,55.53
2025-12-08T09:00:00,54.15,54.15
2025-12-08T10:00:00,50.0,50.0
2025-12-08T11:00:00,50.0,50.0
2025-12-08T12:00:00,50.0,50.0
2025-12-08T13:00:00,50.0,50.0
2025-12-08T14:00:00,50.0,50.0
2025-12-08T15:00:00,50.0,50.0
2025-12-08T16:00:00,47.04,47.04
2025-12-08T17:00:00,47.04,47.04
2025-12-08T18:00:00,47.04,47.04
2025-12-08T19:00:00,48.72,48.72
2025-12-08T20:00:00,50.0,50.0
2025-12-08T21:00:00,50.0,50.0
2025-12-08T22:00:00,50.35,50.35
2025-12-08T23:00:00,50.35,50.35
2025-12-09T00:00:00,60.0,60.0
2025-12-09T01:00:00,57.62,57.62
2025-12-09T02:00:00,54.7,54.7
2025-12-09T03:00:00,50.39,50.39
2025-12-09T04:00:00,50.3,50.3
2025-12-09T05:00:00,48.0,48.0
2025-12-09T06:00:00,45.37,45.37
2025-12-09T07:00:00,45.0,45.0
2025-12-09T08:00:00,45.0,45.0
2025-12-09T09:00:00,44.98,44.98
2025-12-09T10:00:00,44.85,44.85
2025-12-09T11:00:00,40.0,40.0
2025-12-09T12:00:00,44.85,44.85
2025-12-09T13:00:00,40.0,40.0
2025-12-09T14:00:00,37.8,37.8
2025-12-09T15:00:00,37.25,37.25
2025-12-09T16:00:00,36.5,36.5
2025-12-09T17:00:00,36.2,36.2
2025-12-09T18:00:00,36.5,36.5
2025-12-09T19:00:00,37.25,37.25
2025-12-09T20:00:00,38.0,38.0
2025-12-09T21:00:00,40.0,40.0
2025-12-09T22:00:00,44.98,44.98
2025-12-09T23:00:00,45.5,45.5
2025-12-10T00:00:00,100.01,100.01
2025-12-10T01:00:00,99.5,99.5
2025-12-10T02:00:00,97.0,97.0
2025-12-10T03:00:00,92.0,92.0
2025-12-10T04:00:00,90.0,90.0
2025-12-10T05:00:00,89.02,89.02
2025-12-10T06:00:00,85.91,85.91
2025-12-10T07:00:00,84.97,84.97
2025-12-10T08:00:00,86.86,86.86
2025-12-10T09:00:00,85.0,85.0
2025-12-10T10:00:00,85.0,85.0
2025-12-10T11:00:00,84.97,84.97
2025-12-10T12:00:00,82.0,82.0
2025-12-10T13:00:00,81.0,81.0
2025-12-10T14:00:00,81.0,81.0
2025-12-10T15:00:00,83.2,83.2
2025-12-10T16:00:00,83.08,83.08
2025-12-10T17:00:00,83.35,83.35
2025-12-10T18:00:00,84.97,84.97
2025-12-10T19:00:00,85.0,85.0
2025-12-10T20:00:00,85.0,85.0
2025-12-10T21:00:00,85.91,85.91
2025-12-10T22:00:00,89.0,89.0
2025-12-10T23:00:00,89.82,89.82
2025-12-11T00:00:00,112.74,112.74
2025-12-11T01:00:00,105.0,105.0
2025-12-11T02:00:00,100.01,100.01
2025-12-11T03:00:00,96.33,96.33
2025-12-11T04:00:00,99.38,99.38
2025-12-11T05:00:00,96.33,96.33
2025-12-11T06:00:00,91.51,91.51
2025-12-11T07:00:00,88.0,88.0
2025-12-11T08:00:00,96.29,96.29
2025-12-11T09:00:00,93.52,93.52
2025-12-11T10:00:00,91.51,91.51
2025-12-11T11:00:00,88.0,88.0
2025-12-11T12:00:00,83.45,83.45
2025-12-11T13:00:00,82.75,82.75
2025-12-11T14:00:00,82.59,82.59
2025-12-11T15:00:00,82.59,82.59
2025-12-11T16:00:00,81.0,81.0
2025-12-11T17:00:00,80.34,80.34
2025-12-11T18:00:00,80.0,80.0
2025-12-11T19:00:00,80.5,80.5
2025-12-11T20:00:00,81.0,81.0
2025-12-11T21:00:00,81.33,81.33
2025-12-11T22:00:00,82.59,82.59
2025-12-11T23:00:00,84.15,84.15
2025-12-12T00:00:00,99.01,99.01
2025-12-12T01:00:00,96.53,96.53
2025-12-12T02:00:00,91.64,91.64
2025-12-12T03:00:00,89.0,89.0
2025-12-12T04:00:00,84.21,84.21
2025-12-12T05:00:00,79.4,79.4
2025-12-12T06:00:00,77.12,77.12
2025-12-12T07:00:00,75.5,75.5
2025-12-12T08:00:00,79.14,79.14
2025-12-12T09:00:00,77.12,77.12
2025-12-12T10:00:00,75.5,75.5
2025-12-12T11:00:00,75.37,75.37
2025-12-12T12:00:00,75.24,75.24
2025-12-12T13:00:00,75.24,75.24
2025-12-12T14:00:00,75.24,75.24
2025-12-12T15:00:00,75.24,75.24
2025-12-12T16:00:00,75.24,75.24
2025-12-12T17:00:00,75.24,75.24
2025-12-12T18:00:00,75.37,75.37
2025-12-12T19:00:00,77.0,77.0
2025-12-12T20:00:00,77.5,77.5
2025-12-12T21:00:00,79.41,79.41
2025-12-12T22:00:00,83.41,83.41
2025-12-12T23:00:00,88.75,88.75
2025-12-13T00:00:00,98.03,98.03
2025-12-13T01:00:00,95.39,95.39
2025-12-13T02:00:00,87.5,87.5
2025-12-13T03:00:00,82.0,82.0
2025-12-13T04:00:00,87.5,87.5
2025-12-13T05:00:00,83.11,83.11
2025-12-13T06:00:00,78.76,78.76
2025-12-13T07:00:00,75.0,75.0
2025-12-13T08:00:00,75.2,75.2
2025-12-13T09:00:00,74.12,74.12
2025-12-13T10:00:00,74.12,74.12
2025-12-13T11:00:00,74.12,74.12
2025-12-13T12:00:00,70.1,70.1
2025-12-13T13:00:00,69.71,69.71
2025-12-13T14:00:00,69.32,69.32
2025-12-13T15:00:00,66.65,66.65
2025-12-13T16:00:00,68.27,68.27
2025-12-13T17:00:00,65.0,65.0
2025-12-13T18:00:00,64.89,64.89
2025-12-13T19:00:00,64.8,64.8
2025-12-13T20:00:00,65.0,65.0
2025-12-13T21:00:00,65.1,65.1
2025-12-13T22:00:00,68.94,68.94
2025-12-13T23:00:00,69.45,69.45
2025-12-14T00:00:00,97.5,97.5
2025-12-14T01:00:00,91.92,91.92
2025-12-14T02:00:00,82.36,82.36
2025-12-14T03:00:00,75.34,75.34
2025-12-14T04:00:00,81.67,81.67
2025-12-14T05:00:00,75.22,75.22
2025-12-14T06:00:00,74.5,74.5
2025-12-14T07:00:00,72.84,72.84
2025-12-14T08:00:00,71.16,71.16
2025-12-14T09:00:00,70.71,70.71
2025-12-14T10:00:00,70.5,70.5
2025-12-14T11:00:00,70.58,70.58
2025-12-14T12:00:00,70.51,70.51
2025-12-14T13:00:00,70.0,70.0
2025-12-14T14:00:00,68.27,68.27
2025-12-14T15:00:00,65.06,65.06
2025-12-14T16:00:00,65.07,65.07
2025-12-14T17:00:00,65.05,65.05
2025-12-14T18:00:00,65.05,65.05
2025-12-14T19:00:00,65.13,65.13
2025-12-14T20:00:00,63.57,63.57
2025-12-14T21:00:00,65.0,65.0
2025-12-14T22:00:00,65.55,65.55
2025-12-14T23:00:00,70.0,70.0
2025-12-15T00:00:00,87.0,87.0
2025-12-15T01:00:00,85.47,85.47
2025-12-15T02:00:00,82.85,82.85
2025-12-15T03:00:00,78.4,78.4
2025-12-15T04:00:00,74.5,74.5
2025-12-15T05:00:00,71.33,71.33
2025-12-15T06:00:00,70.58,70.58
2025-12-15T07:00:00,70.5,70.5
2025-12-15T08:00:00,72.53,72.53
2025-12-15T09:00:00,70.97,70.97
2025-12-15T10:00:00,70.71,70.71
2025-12-15T11:00:00,70.5,70.5
2025-12-15T12:00:00,70.32,70.32
2025-12-15T13:00:00,70.17,70.17
2025-12-15T14:00:00,70.0,70.0
2025-12-15T15:00:00,70.0,70.0
2025-12-15T16:00:00,65.01,65.01
2025-12-15T17:00:00,65.01,65.01
2025-12-15T18:00:00,68.1,68.1
2025-12-15T19:00:00,70.0,70.0
2025-12-15T20:00:00,70.32,70.32
2025-12-15T21:00:00,70.5,70.5
2025-12-15T22:00:00,70.16,70.16
2025-12-15T23:00:00,72.93,72.93
2025-12-16T00:00:00,100.01,100.01
2025-12-16T01:00:00,97.5,97.5
2025-12-16T02:00:00,95.39,95.39
2025-12-16T03:00:00,90.0,90.0
2025-12-16T04:00:00,92.0,92.0
2025-12-16T05:00:00,86.43,86.43
2025-12-16T06:00:00,84.37,84.37
2025-12-16T07:00:00,81.2,81.2
2025-12-16T08:00:00,84.37,84.37
2025-12-16T09:00:00,82.0,82.0
2025-12-16T10:00:00,80.0,80.0
2025-12-16T11:00:00,79.54,79.54
2025-12-16T12:00:00,79.0,79.0
2025-12-16T13:00:00,76.33,76.33
2025-12-16T14:00:00,75.5,75.5
2025-12-16T15:00:00,75.0,75.0
2025-12-16T16:00:00,74.5,74.5
2025-12-16T17:00:00,74.5,74.5
2025-12-16T18:00:00,74.5,74.5
2025-12-16T19:00:00,74.5,74.5
2025-12-16T20:00:00,75.1,75.1
2025-12-16T21:00:00,75.5,75.5
2025-12-16T22:00:00,76.5,76.5
2025-12-16T23:00:00,77.42,77.42
2025-12-17T00:00:00,86.76,86.76
2025-12-17T01:00:00,84.0,84.0
2025-12-17T02:00:00,82.0,82.0
2025-12-17T03:00:00,79.78,79.78
2025-12-17T04:00:00,85.0,85.0
2025-12-17T05:00:00,82.82,82.82
2025-12-17T06:00:00,81.62,81.62
2025-12-17T07:00:00,79.61,79.61
2025-12-17T08:00:00,84.0,84.0
2025-12-17T09:00:00,81.62,81.62
2025-12-17T10:00:00,80.83,80.83
2025-12-17T11:00:00,78.4,78.4
2025-12-17T12:00:00,77.97,77.97
2025-12-17T13:00:00,77.71,77.71
2025-12-17T14:00:00,77.45,77.45
2025-12-17T15:00:00,77.0,77.0
2025-12-17T16:00:00,76.12,76.12
2025-12-17T17:00:00,76.16,76.16
2025-12-17T18:00:00,76.5,76.5
2025-12-17T19:00:00,77.32,77.32
2025-12-17T20:00:00,77.32,77.32
2025-12-17T21:00:00,77.45,77.45
2025-12-17T22:00:00,77.97,77.97
2025-12-17T23:00:00,81.62,81.62
2025-12-18T00:00:00,113.46,113.46
2025-12-18T01:00:00,112.14,112.14
2025-12-18T02:00:00,108.7,108.7
2025-12-18T03:00:00,103.1,103.1
2025-12-18T04:00:00,104.56,104.56
2025-12-18T05:00:00,98.53,98.53
2025-12-18T06:00:00,98.53,98.53
2025-12-18T07:00:00,96.83,96.83
2025-12-18T08:00:00,100.0,100.0
2025-12-18T09:00:00,98.51,98.51
2025-12-18T10:00:00,96.83,96.83
2025-12-18T11:00:00,94.0,94.0
2025-12-18T12:00:00,90.01,90.01
2025-12-18T13:00:00,87.51,87.51
2025-12-18T14:00:00,87.0,87.0
2025-12-18T15:00:00,86.61,86.61
2025-12-18T16:00:00,85.78,85.78
2025-12-18T17:00:00,84.0,84.0
2025-12-18T18:00:00,83.27,83.27
2025-12-18T19:00:00,83.95,83.95
2025-12-18T20:00:00,81.62,81.62
2025-12-18T21:00:00,83.27,83.27
2025-12-18T22:00:00,85.35,85.35
2025-12-18T23:00:00,88.9,88.9
2025-12-19T00:00:00,93.68,93.68
2025-12-19T01:00:00,91.51,91.51
2025-12-19T02:00:00,87.7,87.7
2025-12-19T03:00:00,85.0,85.0
2025-12-19T04:00:00,87.93,87.93
2025-12-19T05:00:00,86.0,86.0
2025-12-19T06:00:00,86.68,86.68
2025-12-19T07:00:00,85.64,85.64
2025-12-19T08:00:00,84.0,84.0
2025-12-19T09:00:00,84.0,84.0
2025-12-19T10:00:00,83.27,83.27
2025-12-19T11:00:00,82.0,82.0
2025-12-19T12:00:00,80.61,80.61
2025-12-19T13:00:00,81.0,81.0
2025-12-19T14:00:00,82.0,82.0
2025-12-19T15:00:00,82.0,82.0
2025-12-19T16:00:00,81.42,81.42
2025-12-19T17:00:00,82.27,82.27
2025-12-19T18:00:00,84.0,84.0
2025-12-19T19:00:00,85.0,85.0
2025-12-19T20:00:00,85.0,85.0
2025-12-19T21:00:00,87.14,87.14
2025-12-19T22:00:00,88.0,88.0
2025-12-19T23:00:00,93.52,93.52
2025-12-20T00:00:00,96.62,96.62
2025-12-20T01:00:00,96.03,96.03
2025-12-20T02:00:00,91.77,91.77
2025-12-20T03:00:00,87.5,87.5
2025-12-20T04:00:00,87.53,87.53
2025-12-20T05:00:00,83.86,83.86
2025-12-20T06:00:00,82.0,82.0
2025-12-20T07:00:00,80.63,80.63
2025-12-20T08:00:00,85.0,85.0
2025-12-20T09:00:00,80.0,80.0
2025-12-20T10:00:00,75.1,75.1
2025-12-20T11:00:00,70.42,70.42
2025-12-20T12:00:00,74.4,74.4
2025-12-20T13:00:00,70.47,70.47
2025-12-20T14:00:00,66.82,66.82
2025-12-20T15:00:00,61.29,61.29
2025-12-20T16:00:00,69.57,69.57
2025-12-20T17:00:00,69.14,69.14
2025-12-20T18:00:00,67.07,67.07
2025-12-20T19:00:00,64.59,64.59
2025-12-20T20:00:00,69.0,69.0
2025-12-20T21:00:00,67.0,67.0
2025-12-20T22:00:00,66.05,66.05
2025-12-20T23:00:00,66.17,66.17
2025-12-21T00:00:00,56.13,56.13
2025-12-21T01:00:00,49.27,49.27
2025-12-21T02:00:00,47.47,47.47
2025-12-21T03:00:00,46.26,46.26
2025-12-21T04:00:00,60.0,60.0
2025-12-21T05:00:00,60.65,60.65
2025-12-21T06:00:00,54.0,54.0
2025-12-21T07:00:00,51.1,51.1
2025-12-21T08:00:00,54.0,54.0
2025-12-21T09:00:00,50.97,50.97
2025-12-21T10:00:00,50.71,50.71
2025-12-21T11:00:00,50.32,50.32
2025-12-21T12:00:00,50.0,50.0
2025-12-21T13:00:00,47.47,47.47
2025-12-21T14:00:00,44.5,44.5
2025-12-21T15:00:00,44.5,44.5
2025-12-21T16:00:00,44.48,44.48
2025-12-21T17:00:00,40.91,40.91
2025-12-21T18:00:00,43.5,43.5
2025-12-21T19:00:00,41.67,41.67
2025-12-21T20:00:00,40.92,40.92
2025-12-21T21:00:00,40.62,40.62
2025-12-21T22:00:00,41.55,41.55
2025-12-21T23:00:00,43.75,43.75
2025-12-22T00:00:00,62.45,62.45
2025-12-22T01:00:00,59.43,59.43
2025-12-22T02:00:00,52.74,52.74
2025-12-22T03:00:00,50.0,50.0
2025-12-22T04:00:00,50.0,50.0
2025-12-22T05:00:00,47.47,47.47
2025-12-22T06:00:00,44.4,44.4
2025-12-22T07:00:00,44.14,44.14
2025-12-22T08:00:00,44.4,44.4
2025-12-22T09:00:00,44.01,44.01
2025-12-22T10:00:00,43.75,43.75
2025-12-22T11:00:00,42.7,42.7
2025-12-22T12:00:00,40.35,40.35
2025-12-22T13:00:00,38.15,38.15
2025-12-22T14:00:00,37.0,37.0
2025-12-22T15:00:00,35.0,35.0
2025-12-22T16:00:00,25.35,25.35
2025-12-22T17:00:00,25.0,25.0
2025-12-22T18:00:00,25.01,25.01
2025-12-22T19:00:00,28.98,28.98
2025-12-22T20:00:00,27.49,27.49
2025-12-22T21:00:00,34.2,34.2
2025-12-22T22:00:00,40.03,40.03
2025-12-22T23:00:00,43.88,43.88
2025-12-23T00:00:00,80.0,80.0
2025-12-23T01:00:00,74.55,74.55
2025-12-23T02:00:00,67.0,67.0
2025-12-23T03:00:00,62.01,62.01
2025-12-23T04:00:00,65.0,65.0
2025-12-23T05:00:00,61.88,61.88
2025-12-23T06:00:00,61.73,61.73
2025-12-23T07:00:00,59.6,59.6
2025-12-23T08:00:00,62.4,62.4
2025-12-23T09:00:00,62.01,62.01
2025-12-23T10:00:00,60.82,60.82
2025-12-23T11:00:00,60.16,60.16
2025-12-23T12:00:00,60.16,60.16
2025-12-23T13:00:00,59.6,59.6
2025-12-23T14:00:00,58.97,58.97
2025-12-23T15:00:00,58.97,58.97
2025-12-23T16:00:00,57.77,57.77
2025-12-23T17:00:00,55.4,55.4
2025-12-23T18:00:00,55.4,55.4
2025-12-23T19:00:00,58.04,58.04
2025-12-23T20:00:00,59.62,59.62
2025-12-23T21:00:00,60.33,60.33
2025-12-23T22:00:00,61.14,61.14
2025-12-23T23:00:00,62.3,62.3
2025-12-24T00:00:00,79.6,79.6
2025-12-24T01:00:00,73.7,73.7
2025-12-24T02:00:00,68.0,68.0
2025-12-24T03:00:00,60.5,60.5
2025-12-24T04:00:00,57.0,57.0
2025-12-24T05:00:00,54.01,54.01
2025-12-24T06:00:00,45.2,45.2
2025-12-24T07:00:00,38.3,38.3
2025-12-24T08:00:00,40.35,40.35
2025-12-24T09:00:00,32.55,32.55
2025-12-24T10:00:00,26.6,26.6
2025-12-24T11:00:00,26.6,26.6
2025-12-24T12:00:00,35.0,35.0
2025-12-24T13:00:00,33.0,33.0
2025-12-24T14:00:00,29.09,29.09
2025-12-24T15:00:00,26.6,26.6
2025-12-24T16:00:00,26.43,26.43
2025-12-24T17:00:00,26.22,26.22
2025-12-24T18:00:00,26.22,26.22
2025-12-24T19:00:00,25.97,25.97
2025-12-24T20:00:00,25.2,25.2
2025-12-24T21:00:00,25.2,25.2
2025-12-24T22:00:00,25.33,25.33
2025-12-24T23:00:00,25.97,25.97
2025-12-25T00:00:00,35.0,35.0
2025-12-25T01:00:00,37.0,37.0
2025-12-25T02:00:00,30.5,30.5
2025-12-25T03:00:00,30.21,30.21
2025-12-25T04:00:00,34.1,34.1
2025-12-25T05:00:00,32.39,32.39
2025-12-25T06:00:00,30.55,30.55
2025-12-25T07:00:00,23.59,23.59
2025-12-25T08:00:00,30.84,30.84
2025-12-25T09:00:00,26.49,26.49
2025-12-25T10:00:00,19.45,19.45
2025-12-25T11:00:00,16.79,16.79
2025-12-25T12:00:00,16.79,16.79
2025-12-25T13:00:00,15.57,15.57
2025-12-25T14:00:00,15.01,15.01
2025-12-25T15:00:00,13.92,13.92
2025-12-25T16:00:00,13.06,13.06
2025-12-25T17:00:00,9.69,9.69
2025-12-25T18:00:00,10.0,10.0
2025-12-25T19:00:00,9.74,9.74
2025-12-25T20:00:00,13.66,13.66
2025-12-25T21:00:00,16.42,16.42
2025-12-25T22:00:00,16.68,16.68
2025-12-25T23:00:00,17.12,17.12
2025-12-26T00:00:00,106.45,106.45
2025-12-26T01:00:00,99.96,99.96
2025-12-26T02:00:00,91.46,91.46
2025-12-26T03:00:00,90.53,90.53
2025-12-26T04:00:00,95.66,95.66
2025-12-26T05:00:00,91.35,91.35
2025-12-26T06:00:00,90.74,90.74
2025-12-26T07:00:00,86.46,86.46
2025-12-26T08:00:00,90.74,90.74
2025-12-26T09:00:00,85.0,85.0
2025-12-26T10:00:00,83.11,83.11
2025-12-26T11:00:00,81.48,81.48
2025-12-26T12:00:00,85.0,85.0
2025-12-26T13:00:00,82.89,82.89
2025-12-26T14:00:00,78.41,78.41
2025-12-26T15:00:00,74.47,74.47
2025-12-26T16:00:00,75.1,75.1
2025-12-26T17:00:00,71.41,71.41
2025-12-26T18:00:00,72.82,72.82
2025-12-26T19:00:00,69.91,69.91
2025-12-26T20:00:00,69.91,69.91
2025-12-26T21:00:00,71.5,71.5
2025-12-26T22:00:00,75.0,75.0
2025-12-26T23:00:00,75.75,75.75
2025-12-27T00:00:00,101.54,101.54
2025-12-27T01:00:00,96.5,96.5
2025-12-27T02:00:00,87.63,87.63
2025-12-27T03:00:00,83.69,83.69
2025-12-27T04:00:00,92.02,92.02
2025-12-27T05:00:00,88.1,88.1
2025-12-27T06:00:00,87.58,87.58
2025-12-27T07:00:00,84.61,84.61
2025-12-27T08:00:00,88.61,88.61
2025-12-27T09:00:00,82.81,82.81
2025-12-27T10:00:00,75.78,75.78
2025-12-27T11:00:00,74.9,74.9
2025-12-27T12:00:00,74.84,74.84
2025-12-27T13:00:00,70.23,70.23
2025-12-27T14:00:00,69.77,69.77
2025-12-27T15:00:00,69.01,69.01
2025-12-27T16:00:00,70.02,70.02
2025-12-27T17:00:00,69.4,69.4
2025-12-27T18:00:00,69.14,69.14
2025-12-27T19:00:00,68.88,68.88
2025-12-27T20:00:00,69.14,69.14
2025-12-27T21:00:00,68.88,68.88
2025-12-27T22:00:00,68.88,68.88
2025-12-27T23:00:00,68.88,68.88
2025-12-28T00:00:00,70.0,70.0
2025-12-28T01:00:00,65.0,65.0
2025-12-28T02:00:00,60.01,60.01
2025-12-28T03:00:00,55.0,55.0
2025-12-28T04:00:00,70.0,70.0
2025-12-28T05:00:00,65.0,65.0
2025-12-28T06:00:00,60.01,60.01
2025-12-28T07:00:00,60.0,60.0
2025-12-28T08:00:00,55.01,55.01
2025-12-28T09:00:00,55.01,55.01
2025-12-28T10:00:00,55.0,55.0
2025-12-28T11:00:00,53.0,53.0
2025-12-28T12:00:00,50.01,50.01
2025-12-28T13:00:00,49.6,49.6
2025-12-28T14:00:00,48.16,48.16
2025-12-28T15:00:00,47.65,47.65
2025-12-28T16:00:00,49.99,49.99
2025-12-28T17:00:00,50.46,50.46
2025-12-28T18:00:00,53.0,53.0
2025-12-28T19:00:00,54.0,54.0
2025-12-28T20:00:00,52.0,52.0
2025-12-28T21:00:00,53.8,53.8
2025-12-28T22:00:00,55.0,55.0
2025-12-28T23:00:00,60.0,60.0
2025-12-29T00:00:00,103.06,103.06
2025-12-29T01:00:00,100.01,100.01
2025-12-29T02:00:00,98.5,98.5
2025-12-29T03:00:00,96.73,96.73
2025-12-29T04:00:00,95.37,95.37
2025-12-29T05:00:00,91.23,91.23
2025-12-29T06:00:00,91.23,91.23
2025-12-29T07:00:00,87.5,87.5
2025-12-29T08:00:00,91.23,91.23
2025-12-29T09:00:00,91.23,91.23
2025-12-29T10:00:00,89.83,89.83
2025-12-29T11:00:00,86.73,86.73
2025-12-29T12:00:00,89.61,89.61
2025-12-29T13:00:00,87.5,87.5
2025-12-29T14:00:00,87.5,87.5
2025-12-29T15:00:00,87.5,87.5
2025-12-29T16:00:00,87.5,87.5
2025-12-29T17:00:00,90.0,90.0
2025-12-29T18:00:00,91.23,91.23
2025-12-29T19:00:00,91.23,91.23
2025-12-29T20:00:00,87.5,87.5
2025-12-29T21:00:00,91.23,91.23
2025-12-29T22:00:00,92.0,92.0
2025-12-29T23:00:00,97.5,97.5
2025-12-30T00:00:00,107.74,107.74
2025-12-30T01:00:00,105.44,105.44
2025-12-30T02:00:00,103.78,103.78
2025-12-30T03:00:00,102.2,102.2
2025-12-30T04:00:00,103.55,103.55
2025-12-30T05:00:00,100.32,100.32
2025-12-30T06:00:00,97.5,97.5
2025-12-30T07:00:00,89.32,89.32
2025-12-30T08:00:00,92.37,92.37
2025-12-30T09:00:00,88.35,88.35
2025-12-30T10:00:00,86.61,86.61
2025-12-30T11:00:00,82.02,82.02
2025-12-30T12:00:00,88.35,88.35
2025-12-30T13:00:00,86.61,86.61
2025-12-30T14:00:00,84.6,84.6
2025-12-30T15:00:00,82.36,82.36
2025-12-30T16:00:00,83.56,83.56
2025-12-30T17:00:00,82.0,82.0
2025-12-30T18:00:00,81.4,81.4
2025-12-30T19:00:00,81.4,81.4
2025-12-30T20:00:00,81.4,81.4
2025-12-30T21:00:00,81.4,81.4
2025-12-30T22:00:00,82.02,82.02
2025-12-30T23:00:00,84.6,84.6
2025-12-31T00:00:00,105.01,105.01
2025-12-31T01:00:00,104.53,104.53
2025-12-31T02:00:00,99.7,99.7
2025-12-31T03:00:00,92.37,92.37
2025-12-31T04:00:00,90.5,90.5
2025-12-31T05:00:00,86.8,86.8
2025-12-31T06:00:00,82.73,82.73
2025-12-31T07:00:00,81.4,81.4
2025-12-31T08:00:00,83.54,83.54
2025-12-31T09:00:00,81.06,81.06
2025-12-31T10:00:00,80.77,80.77
2025-12-31T11:00:00,80.77,80.77
2025-12-31T12:00:00,80.0,80.0
2025-12-31T13:00:00,76.19,76.19
2025-12-31T14:00:00,75.03,75.03
2025-12-31T15:00:00,75.1,75.1
2025-12-31T16:00:00,75.01,75.01
2025-12-31T17:00:00,75.01,75.01
2025-12-31T18:00:00,75.01,75.01
2025-12-31T19:00:00,75.6,75.6
2025-12-31T20:00:00,75.05,75.05
2025-12-31T21:00:00,75.62,75.62
2025-12-31T22:00:00,78.1,78.1
2025-12-31T23:00:00,80.77,80.77
2026-01-01T00:00:00,112.01,112.01
2026-01-01T01:00:00,110.01,110.01
2026-01-01T02:00:00,107.05,107.05
2026-01-01T03:00:00,106.45,106.45
2026-01-01T04:00:00,104.7,104.7
2026-01-01T05:00:00,103.98,103.98
2026-01-01T06:00:00,103.5,103.5
2026-01-01T07:00:00,102.22,102.22
2026-01-01T08:00:00,102.22,102.22
2026-01-01T09:00:00,101.55,101.55
2026-01-01T10:00:00,98.5,98.5
2026-01-01T11:00:00,94.9,94.9
2026-01-01T12:00:00,93.22,93.22
2026-01-01T13:00:00,88.5,88.5
2026-01-01T14:00:00,86.43,86.43
2026-01-01T15:00:00,85.73,85.73
2026-01-01T16:00:00,83.5,83.5
2026-01-01T17:00:00,79.5,79.5
2026-01-01T18:00:00,77.32,77.32
2026-01-01T19:00:00,75.4,75.4
2026-01-01T20:00:00,75.0,75.0
2026-01-01T21:00:00,70.68,70.68
2026-01-01T22:00:00,70.0,70.0
2026-01-01T23:00:00,70.0,70.0
2026-01-02T00:00:00,87.75,87.75
2026-01-02T01:00:00,83.96,83.96
2026-01-02T02:00:00,80.0,80.0
2026-01-02T03:00:00,70.0,70.0
2026-01-02T04:00:00,68.87,68.87
2026-01-02T05:00:00,65.0,65.0
2026-01-02T06:00:00,61.33,61.33
2026-01-02T07:00:00,59.5,59.5
2026-01-02T08:00:00,59.5,59.5
2026-01-02T09:00:00,59.24,59.24
2026-01-02T10:00:00,58.98,58.98
2026-01-02T11:00:00,58.72,58.72
2026-01-02T12:00:00,58.72,58.72
2026-01-02T13:00:00,56.2,56.2
2026-01-02T14:00:00,55.25,55.25
2026-01-02T15:00:00,55.2,55.2
2026-01-02T16:00:00,55.01,55.01
2026-01-02T17:00:00,55.01,55.01
2026-01-02T18:00:00,55.01,55.01
2026-01-02T19:00:00,55.01,55.01
2026-01-02T20:00:00,55.01,55.01
2026-01-02T21:00:00,55.01,55.01
2026-01-02T22:00:00,55.25,55.25
2026-01-02T23:00:00,56.2,56.2
2026-01-03T00:00:00,84.34,84.34
2026-01-03T01:00:00,82.79,82.79
2026-01-03T02:00:00,78.86,78.86
2026-01-03T03:00:00,75.48,75.48
2026-01-03T04:00:00,80.9,80.9
2026-01-03T05:00:00,77.99,77.99
2026-01-03T06:00:00,77.95,77.95
2026-01-03T07:00:00,77.9,77.9
2026-01-03T08:00:00,79.3,79.3
2026-01-03T09:00:00,77.37,77.37
2026-01-03T10:00:00,76.06,76.06
2026-01-03T11:00:00,74.72,74.72
2026-01-03T12:00:00,77.77,77.77
2026-01-03T13:00:00,76.42,76.42
2026-01-03T14:00:00,75.12,75.12
2026-01-03T15:00:00,74.2,74.2
2026-01-03T16:00:00,74.44,74.44
2026-01-03T17:00:00,73.8,73.8
2026-01-03T18:00:00,73.8,73.8
2026-01-03T19:00:00,73.72,73.72
2026-01-03T20:00:00,74.18,74.18
2026-01-03T21:00:00,74.24,74.24
2026-01-03T22:00:00,75.3,75.3
2026-01-03T23:00:00,77.35,77.35
2026-01-04T00:00:00,94.01,94.01
2026-01-04T01:00:00,89.42,89.42
2026-01-04T02:00:00,87.02,87.02
2026-01-04T03:00:00,80.52,80.52
2026-01-04T04:00:00,74.0,74.0
2026-01-04T05:00:00,65.5,65.5
2026-01-04T06:00:00,62.33,62.33
2026-01-04T07:00:00,61.87,61.87
2026-01-04T08:00:00,61.57,61.57
2026-01-04T09:00:00,60.5,60.5
2026-01-04T10:00:00,60.0,60.0
2026-01-04T11:00:00,58.37,58.37
2026-01-04T12:00:00,58.24,58.24
2026-01-04T13:00:00,57.98,57.98
2026-01-04T14:00:00,57.85,57.85
2026-01-04T15:00:00,56.2,56.2
2026-01-04T16:00:00,55.25,55.25
2026-01-04T17:00:00,54.6,54.6
2026-01-04T18:00:00,52.18,52.18
2026-01-04T19:00:00,51.5,51.5
2026-01-04T20:00:00,51.38,51.38
2026-01-04T21:00:00,50.34,50.34
2026-01-04T22:00:00,50.0,50.0
2026-01-04T23:00:00,50.0,50.0
2026-01-05T00:00:00,94.07,94.07
2026-01-05T01:00:00,90.01,90.01
2026-01-05T02:00:00,86.61,86.61
2026-01-05T03:00:00,82.01,82.01
2026-01-05T04:00:00,79.0,79.0
2026-01-05T05:00:00,72.62,72.62
2026-01-05T06:00:00,70.0,70.0
2026-01-05T07:00:00,65.01,65.01
2026-01-05T08:00:00,65.0,65.0
2026-01-05T09:00:00,62.5,62.5
2026-01-05T10:00:00,62.33,62.33
2026-01-05T11:00:00,62.12,62.12
2026-01-05T12:00:00,62.12,62.12
2026-01-05T13:00:00,61.87,61.87
2026-01-05T14:00:00,61.87,61.87
2026-01-05T15:00:00,61.87,61.87
2026-01-05T16:00:00,61.87,61.87
2026-01-05T17:00:00,61.87,61.87
2026-01-05T18:00:00,61.87,61.87
2026-01-05T19:00:00,62.12,62.12
2026-01-05T20:00:00,62.33,62.33
2026-01-05T21:00:00,62.5,62.5
2026-01-05T22:00:00,65.0,65.0
2026-01-05T23:00:00,67.0,67.0
2026-01-06T00:00:00,107.78,107.78
2026-01-06T01:00:00,105.01,105.01
2026-01-06T02:00:00,97.94,97.94
2026-01-06T03:00:00,91.26,91.26
2026-01-06T04:00:00,89.0,89.0
2026-01-06T05:00:00,85.0,85.0
2026-01-06T06:00:00,79.2,79.2
2026-01-06T07:00:00,74.0,74.0
2026-01-06T08:00:00,75.0,75.0
2026-01-06T09:00:00,69.65,69.65
2026-01-06T10:00:00,69.01,69.01
2026-01-06T11:00:00,68.5,68.5
2026-01-06T12:00:00,69.01,69.01
2026-01-06T13:00:00,68.33,68.33
2026-01-06T14:00:00,68.12,68.12
2026-01-06T15:00:00,67.87,67.87
2026-01-06T16:00:00,67.87,67.87
2026-01-06T17:00:00,65.16,65.16
2026-01-06T18:00:00,64.5,64.5
2026-01-06T19:00:00,64.37,64.37
2026-01-06T20:00:00,64.37,64.37
2026-01-06T21:00:00,64.24,64.24
2026-01-06T22:00:00,64.24,64.24
2026-01-06T23:00:00,64.24,64.24
2026-01-07T00:00:00,104.73,104.73
2026-01-07T01:00:00,100.01,100.01
2026-01-07T02:00:00,90.67,90.67
2026-01-07T03:00:00,86.93,86.93
2026-01-07T04:00:00,95.04,95.04
2026-01-07T05:00:00,91.81,91.81
2026-01-07T06:00:00,87.93,87.93
2026-01-07T07:00:00,86.59,86.59
2026-01-07T08:00:00,88.2,88.2
2026-01-07T09:00:00,86.16,86.16
2026-01-07T10:00:00,86.93,86.93
2026-01-07T11:00:00,84.78,84.78
2026-01-07T12:00:00,84.61,84.61
2026-01-07T13:00:00,82.48,82.48
2026-01-07T14:00:00,81.63,81.63
2026-01-07T15:00:00,80.78,80.78
2026-01-07T16:00:00,81.63,81.63
2026-01-07T17:00:00,81.58,81.58
2026-01-07T18:00:00,81.63,81.63
2026-01-07T19:00:00,83.0,83.0
2026-01-07T20:00:00,85.74,85.74
2026-01-07T21:00:00,85.59,85.59
2026-01-07T22:00:00,87.98,87.98
2026-01-07T23:00:00,92.0,92.0
2026-01-08T00:00:00,88.59,88.59
2026-01-08T01:00:00,86.61,86.61
2026-01-08T02:00:00,83.14,83.14
2026-01-08T03:00:00,80.8,80.8
2026-01-08T04:00:00,85.78,85.78
2026-01-08T05:00:00,83.45,83.45
2026-01-08T06:00:00,83.45,83.45
2026-01-08T07:00:00,81.63,81.63
2026-01-08T08:00:00,83.45,83.45
2026-01-08T09:00:00,83.45,83.45
2026-01-08T10:00:00,81.6,81.6
2026-01-08T11:00:00,80.22,80.22
2026-01-08T12:00:00,80.21,80.21
2026-01-08T13:00:00,79.66,79.66
2026-01-08T14:00:00,78.37,78.37
2026-01-08T15:00:00,78.0,78.0
2026-01-08T16:00:00,75.0,75.0
2026-01-08T17:00:00,73.08,73.08
2026-01-08T18:00:00,75.0,75.0
2026-01-08T19:00:00,74.78,74.78
2026-01-08T20:00:00,74.94,74.94
2026-01-08T21:00:00,75.7,75.7
2026-01-08T22:00:00,80.0,80.0
2026-01-08T23:00:00,81.27,81.27
2026-01-09T00:00:00,76.93,76.93
2026-01-09T01:00:00,66.71,66.71
2026-01-09T02:00:00,52.5,52.5
2026-01-09T03:00:00,50.5,50.5
2026-01-09T04:00:00,49.98,49.98
2026-01-09T05:00:00,46.4,46.4
2026-01-09T06:00:00,42.58,42.58
2026-01-09T07:00:00,38.5,38.5
2026-01-09T08:00:00,42.58,42.58
2026-01-09T09:00:00,40.06,40.06
2026-01-09T10:00:00,35.0,35.0
2026-01-09T11:00:00,35.35,35.35
2026-01-09T12:00:00,30.0,30.0
2026-01-09T13:00:00,28.59,28.59
2026-01-09T14:00:00,20.9,20.9
2026-01-09T15:00:00,20.68,20.68
2026-01-09T16:00:00,20.0,20.0
2026-01-09T17:00:00,19.54,19.54
2026-01-09T18:00:00,20.0,20.0
2026-01-09T19:00:00,20.46,20.46
2026-01-09T20:00:00,33.0,33.0
2026-01-09T21:00:00,33.0,33.0
2026-01-09T22:00:00,35.35,35.35
2026-01-09T23:00:00,41.63,41.63
2026-01-10T00:00:00,81.83,81.83
2026-01-10T01:00:00,76.48,76.48
2026-01-10T02:00:00,72.13,72.13
2026-01-10T03:00:00,70.22,70.22
2026-01-10T04:00:00,73.31,73.31
2026-01-10T05:00:00,70.55,70.55
2026-01-10T06:00:00,69.4,69.4
2026-01-10T07:00:00,67.21,67.21
2026-01-10T08:00:00,67.69,67.69
2026-01-10T09:00:00,65.52,65.52
2026-01-10T10:00:00,64.17,64.17
2026-01-10T11:00:00,63.5,63.5
2026-01-10T12:00:00,62.98,62.98
2026-01-10T13:00:00,62.72,62.72
2026-01-10T14:00:00,58.16,58.16
2026-01-10T15:00:00,55.76,55.76
2026-01-10T16:00:00,55.0,55.0
2026-01-10T17:00:00,55.0,55.0
2026-01-10T18:00:00,55.0,55.0
2026-01-10T19:00:00,55.0,55.0
2026-01-10T20:00:00,53.37,53.37
2026-01-10T21:00:00,53.5,53.5
2026-01-10T22:00:00,55.0,55.0
2026-01-10T23:00:00,55.22,55.22
2026-01-11T00:00:00,108.2,108.2
2026-01-11T01:00:00,97.72,97.72
2026-01-11T02:00:00,93.7,93.7
2026-01-11T03:00:00,87.99,87.99
2026-01-11T04:00:00,90.0,90.0
2026-01-11T05:00:00,86.1,86.1
2026-01-11T06:00:00,85.0,85.0
2026-01-11T07:00:00,81.64,81.64
2026-01-11T08:00:00,85.0,85.0
2026-01-11T09:00:00,81.64,81.64
2026-01-11T10:00:00,80.1,80.1
2026-01-11T11:00:00,79.5,79.5
2026-01-11T12:00:00,84.18,84.18
2026-01-11T13:00:00,83.0,83.0
2026-01-11T14:00:00,81.64,81.64
2026-01-11T15:00:00,81.64,81.64
2026-01-11T16:00:00,82.0,82.0
2026-01-11T17:00:00,81.64,81.64
2026-01-11T18:00:00,81.42,81.42
2026-01-11T19:00:00,81.23,81.23
2026-01-11T20:00:00,81.64,81.64
2026-01-11T21:00:00,81.64,81.64
2026-01-11T22:00:00,82.2,82.2
2026-01-11T23:00:00,83.47,83.47
2026-01-12T00:00:00,80.0,80.0
2026-01-12T01:00:00,77.76,77.76
2026-01-12T02:00:00,76.33,76.33
2026-01-12T03:00:00,75.87,75.87
2026-01-12T04:00:00,81.95,81.95
2026-01-12T05:00:00,78.29,78.29
2026-01-12T06:00:00,76.5,76.5
2026-01-12T07:00:00,75.0,75.0
2026-01-12T08:00:00,75.4,75.4
2026-01-12T09:00:00,74.37,74.37
2026-01-12T10:00:00,73.98,73.98
2026-01-12T11:00:00,68.3,68.3
2026-01-12T12:00:00,65.0,65.0
2026-01-12T13:00:00,63.8,63.8
2026-01-12T14:00:00,61.62,61.62
2026-01-12T15:00:00,63.3,63.3
2026-01-12T16:00:00,60.0,60.0
2026-01-12T17:00:00,60.0,60.0
2026-01-12T18:00:00,60.0,60.0
2026-01-12T19:00:00,60.51,60.51
2026-01-12T20:00:00,61.23,61.23
2026-01-12T21:00:00,64.17,64.17
2026-01-12T22:00:00,70.01,70.01
2026-01-12T23:00:00,76.14,76.14
2026-01-13T00:00:00,87.46,87.46
2026-01-13T01:00:00,85.0,85.0
2026-01-13T02:00:00,81.64,81.64
2026-01-13T03:00:00,79.33,79.33
2026-01-13T04:00:00,82.48,82.48
2026-01-13T05:00:00,79.5,79.5
2026-01-13T06:00:00,79.33,79.33
2026-01-13T07:00:00,78.83,78.83
2026-01-13T08:00:00,79.28,79.28
2026-01-13T09:00:00,78.83,78.83
2026-01-13T10:00:00,78.0,78.0
2026-01-13T11:00:00,77.76,77.76
2026-01-13T12:00:00,76.37,76.37
2026-01-13T13:00:00,76.11,76.11
2026-01-13T14:00:00,75.72,75.72
2026-01-13T15:00:00,75.35,75.35
2026-01-13T16:00:00,74.92,74.92
2026-01-13T17:00:00,73.95,73.95
2026-01-13T18:00:00,74.36,74.36
2026-01-13T19:00:00,75.4,75.4
2026-01-13T20:00:00,76.07,76.07
2026-01-13T21:00:00,76.24,76.24
2026-01-13T22:00:00,77.0,77.0
2026-01-13T23:00:00,78.87,78.87
2026-01-14T00:00:00,109.0,109.0
2026-01-14T01:00:00,102.7,102.7
2026-01-14T02:00:00,100.45,100.45
2026-01-14T03:00:00,99.78,99.78
2026-01-14T04:00:00,100.01,100.01
2026-01-14T05:00:00,99.33,99.33
2026-01-14T06:00:00,93.33,93.33
2026-01-14T07:00:00,90.7,90.7
2026-01-14T08:00:00,90.21,90.21
2026-01-14T09:00:00,89.63,89.63
2026-01-14T10:00:00,88.4,88.4
2026-01-14T11:00:00,87.27,87.27
2026-01-14T12:00:00,89.5,89.5
2026-01-14T13:00:00,88.68,88.68
2026-01-14T14:00:00,88.68,88.68
2026-01-14T15:00:00,89.0,89.0
2026-01-14T16:00:00,88.21,88.21
2026-01-14T17:00:00,88.71,88.71
2026-01-14T18:00:00,89.75,89.75
2026-01-14T19:00:00,91.99,91.99
2026-01-14T20:00:00,91.2,91.2
2026-01-14T21:00:00,95.6,95.6
2026-01-14T22:00:00,99.78,99.78
2026-01-14T23:00:00,99.33,99.33
2026-01-15T00:00:00,126.59,126.59
2026-01-15T01:00:00,125.24,125.24
2026-01-15T02:00:00,114.61,114.61
2026-01-15T03:00:00,109.74,109.74
2026-01-15T04:00:00,113.39,113.39
2026-01-15T05:00:00,107.8,107.8
2026-01-15T06:00:00,105.14,105.14
2026-01-15T07:00:00,103.9,103.9
2026-01-15T08:00:00,105.02,105.02
2026-01-15T09:00:00,101.74,101.74
2026-01-15T10:00:00,100.01,100.01
2026-01-15T11:00:00,98.78,98.78
2026-01-15T12:00:00,98.84,98.84
2026-01-15T13:00:00,95.03,95.03
2026-01-15T14:00:00,93.03,93.03
2026-01-15T15:00:00,92.41,92.41
2026-01-15T16:00:00,89.5,89.5
2026-01-15T17:00:00,87.5,87.5
2026-01-15T18:00:00,85.79,85.79
2026-01-15T19:00:00,85.35,85.35
2026-01-15T20:00:00,85.0,85.0
2026-01-15T21:00:00,84.0,84.0
2026-01-15T22:00:00,86.51,86.51
2026-01-15T23:00:00,89.74,89.74
2026-01-16T00:00:00,105.5,105.5
2026-01-16T01:00:00,102.8,102.8
2026-01-16T02:00:00,100.01,100.01
2026-01-16T03:00:00,95.37,95.37
2026-01-16T04:00:00,95.5,95.5
2026-01-16T05:00:00,95.11,95.11
2026-01-16T06:00:00,94.85,94.85
2026-01-16T07:00:00,94.7,94.7
2026-01-16T08:00:00,95.11,95.11
2026-01-16T09:00:00,94.85,94.85
2026-01-16T10:00:00,94.72,94.72
2026-01-16T11:00:00,94.33,94.33
2026-01-16T12:00:00,95.11,95.11
2026-01-16T13:00:00,94.98,94.98
2026-01-16T14:00:00,94.85,94.85
2026-01-16T15:00:00,94.85,94.85
2026-01-16T16:00:00,94.72,94.72
2026-01-16T17:00:00,94.72,94.72
2026-01-16T18:00:00,94.72,94.72
2026-01-16T19:00:00,94.85,94.85
2026-01-16T20:00:00,94.72,94.72
2026-01-16T21:00:00,94.85,94.85
2026-01-16T22:00:00,95.11,95.11
2026-01-16T23:00:00,97.0,97.0
2026-01-17T00:00:00,139.36,139.36
2026-01-17T01:00:00,136.2,136.2
2026-01-17T02:00:00,135.0,135.0
2026-01-17T03:00:00,131.8,131.8
2026-01-17T04:00:00,130.88,130.88
2026-01-17T05:00:00,127.99,127.99
2026-01-17T06:00:00,124.7,124.7
2026-01-17T07:00:00,123.63,123.63
2026-01-17T08:00:00,124.6,124.6
2026-01-17T09:00:00,123.63,123.63
2026-01-17T10:00:00,122.07,122.07
2026-01-17T11:00:00,121.32,121.32
2026-01-17T12:00:00,120.23,120.23
2026-01-17T13:00:00,119.99,119.99
2026-01-17T14:00:00,119.99,119.99
2026-01-17T15:00:00,119.14,119.14
2026-01-17T16:00:00,119.14,119.14
2026-01-17T17:00:00,119.14,119.14
2026-01-17T18:00:00,119.14,119.14
2026-01-17T19:00:00,119.14,119.14
2026-01-17T20:00:00,118.02,118.02
2026-01-17T21:00:00,119.11,119.11
2026-01-17T22:00:00,119.11,119.11
2026-01-17T23:00:00,119.11,119.11
2026-01-18T00:00:00,136.53,136.53
2026-01-18T01:00:00,133.19,133.19
2026-01-18T02:00:00,131.68,131.68
2026-01-18T03:00:00,127.09,127.09
2026-01-18T04:00:00,125.01,125.01
2026-01-18T05:00:00,121.96,121.96
2026-01-18T06:00:00,120.01,120.01
2026-01-18T07:00:00,113.1,113.1
2026-01-18T08:00:00,119.99,119.99
2026-01-18T09:00:00,109.17,109.17
2026-01-18T10:00:00,105.18,105.18
2026-01-18T11:00:00,104.22,104.22
2026-01-18T12:00:00,103.83,103.83
2026-01-18T13:00:00,103.0,103.0
2026-01-18T14:00:00,101.73,101.73
2026-01-18T15:00:00,101.6,101.6
2026-01-18T16:00:00,102.99,102.99
2026-01-18T17:00:00,102.62,102.62
2026-01-18T18:00:00,101.73,101.73
2026-01-18T19:00:00,101.6,101.6
2026-01-18T20:00:00,101.43,101.43
2026-01-18T21:00:00,101.6,101.6
2026-01-18T22:00:00,102.3,102.3
2026-01-18T23:00:00,102.99,102.99
2026-01-19T00:00:00,126.35,126.35
2026-01-19T01:00:00,121.21,121.21
2026-01-19T02:00:00,117.84,117.84
2026-01-19T03:00:00,112.0,112.0
2026-01-19T04:00:00,117.84,117.84
2026-01-19T05:00:00,111.7,111.7
2026-01-19T06:00:00,105.71,105.71
2026-01-19T07:00:00,104.8,104.8
2026-01-19T08:00:00,104.9,104.9
2026-01-19T09:00:00,103.38,103.38
2026-01-19T10:00:00,100.54,100.54
2026-01-19T11:00:00,100.01,100.01
2026-01-19T12:00:00,100.48,100.48
2026-01-19T13:00:00,100.54,100.54
2026-01-19T14:00:00,100.21,100.21
2026-01-19T15:00:00,100.52,100.52
2026-01-19T16:00:00,99.45,99.45
2026-01-19T17:00:00,100.22,100.22
2026-01-19T18:00:00,100.52,100.52
2026-01-19T19:00:00,100.35,100.35
2026-01-19T20:00:00,97.7,97.7
2026-01-19T21:00:00,100.32,100.32
2026-01-19T22:00:00,101.71,101.71
2026-01-19T23:00:00,112.01,112.01
2026-01-20T00:00:00,110.47,110.47
2026-01-20T01:00:00,108.87,108.87
2026-01-20T02:00:00,100.87,100.87
2026-01-20T03:00:00,94.99,94.99
2026-01-20T04:00:00,105.01,105.01
2026-01-20T05:00:00,99.0,99.0
2026-01-20T06:00:00,97.5,97.5
2026-01-20T07:00:00,91.0,91.0
2026-01-20T08:00:00,95.75,95.75
2026-01-20T09:00:00,91.16,91.16
2026-01-20T10:00:00,88.0,88.0
2026-01-20T11:00:00,86.34,86.34
2026-01-20T12:00:00,86.58,86.58
2026-01-20T13:00:00,86.21,86.21
2026-01-20T14:00:00,86.34,86.34
2026-01-20T15:00:00,85.95,85.95
2026-01-20T16:00:00,85.2,85.2
2026-01-20T17:00:00,84.55,84.55
2026-01-20T18:00:00,83.2,83.2
2026-01-20T19:00:00,82.36,82.36
2026-01-20T20:00:00,85.52,85.52
2026-01-20T21:00:00,85.95,85.95
2026-01-20T22:00:00,86.34,86.34
2026-01-20T23:00:00,92.27,92.27
2026-01-21T00:00:00,95.0,95.0
2026-01-21T01:00:00,92.63,92.63
2026-01-21T02:00:00,84.8,84.8
2026-01-21T03:00:00,76.61,76.61
2026-01-21T04:00:00,89.7,89.7
2026-01-21T05:00:00,81.06,81.06
2026-01-21T06:00:00,76.43,76.43
2026-01-21T07:00:00,71.19,71.19
2026-01-21T08:00:00,81.06,81.06
2026-01-21T09:00:00,76.0,76.0
2026-01-21T10:00:00,71.19,71.19
2026-01-21T11:00:00,66.4,66.4
2026-01-21T12:00:00,69.28,69.28
2026-01-21T13:00:00,65.17,65.17
2026-01-21T14:00:00,64.7,64.7
2026-01-21T15:00:00,64.32,64.32
2026-01-21T16:00:00,64.6,64.6
2026-01-21T17:00:00,64.7,64.7
2026-01-21T18:00:00,64.6,64.6
2026-01-21T19:00:00,64.6,64.6
2026-01-21T20:00:00,65.0,65.0
2026-01-21T21:00:00,66.4,66.4
2026-01-21T22:00:00,71.19,71.19
2026-01-21T23:00:00,76.0,76.0
2026-01-22T00:00:00,58.97,58.97
2026-01-22T01:00:00,50.06,50.06
2026-01-22T02:00:00,35.35,35.35
2026-01-22T03:00:00,19.85,19.85
2026-01-22T04:00:00,39.58,39.58
2026-01-22T05:00:00,35.3,35.3
2026-01-22T06:00:00,35.0,35.0
2026-01-22T07:00:00,25.0,25.0
2026-01-22T08:00:00,50.17,50.17
2026-01-22T09:00:00,45.76,45.76
2026-01-22T10:00:00,41.65,41.65
2026-01-22T11:00:00,40.0,40.0
2026-01-22T12:00:00,41.65,41.65
2026-01-22T13:00:00,35.35,35.35
2026-01-22T14:00:00,30.17,30.17
2026-01-22T15:00:00,30.3,30.3
2026-01-22T16:00:00,26.01,26.01
2026-01-22T17:00:00,27.2,27.2
2026-01-22T18:00:00,35.0,35.0
2026-01-22T19:00:00,34.34,34.34
2026-01-22T20:00:00,42.65,42.65
2026-01-22T21:00:00,35.35,35.35
2026-01-22T22:00:00,45.53,45.53
2026-01-22T23:00:00,50.19,50.19
2026-01-23T00:00:00,38.99,38.99
2026-01-23T01:00:00,35.03,35.03
2026-01-23T02:00:00,32.0,32.0
2026-01-23T03:00:00,19.95,19.95
2026-01-23T04:00:00,25.02,25.02
2026-01-23T05:00:00,25.0,25.0
2026-01-23T06:00:00,25.0,25.0
2026-01-23T07:00:00,19.95,19.95
2026-01-23T08:00:00,21.09,21.09
2026-01-23T09:00:00,20.79,20.79
2026-01-23T10:00:00,20.46,20.46
2026-01-23T11:00:00,19.95,19.95
2026-01-23T12:00:00,20.0,20.0
2026-01-23T13:00:00,16.64,16.64
2026-01-23T14:00:00,15.0,15.0
2026-01-23T15:00:00,12.0,12.0
2026-01-23T16:00:00,14.0,14.0
2026-01-23T17:00:00,14.0,14.0
2026-01-23T18:00:00,15.1,15.1
2026-01-23T19:00:00,20.46,20.46
2026-01-23T20:00:00,20.46,20.46
2026-01-23T21:00:00,20.68,20.68
2026-01-23T22:00:00,25.02,25.02
2026-01-23T23:00:00,33.47,33.47
2026-01-24T00:00:00,48.4,48.4
2026-01-24T01:00:00,47.68,47.68
2026-01-24T02:00:00,40.32,40.32
2026-01-24T03:00:00,35.35,35.35
2026-01-24T04:00:00,39.56,39.56
2026-01-24T05:00:00,31.09,31.09
2026-01-24T06:00:00,29.02,29.02
2026-01-24T07:00:00,20.9,20.9
2026-01-24T08:00:00,29.02,29.02
2026-01-24T09:00:00,25.35,25.35
2026-01-24T10:00:00,20.79,20.79
2026-01-24T11:00:00,20.57,20.57
2026-01-24T12:00:00,20.86,20.86
2026-01-24T13:00:00,20.57,20.57
2026-01-24T14:00:00,19.79,19.79
2026-01-24T15:00:00,15.5,15.5
2026-01-24T16:00:00,19.0,19.0
2026-01-24T17:00:00,15.0,15.0
2026-01-24T18:00:00,14.0,14.0
2026-01-24T19:00:00,14.0,14.0
2026-01-24T20:00:00,12.0,12.0
2026-01-24T21:00:00,10.0,10.0
2026-01-24T22:00:00,10.0,10.0
2026-01-24T23:00:00,10.1,10.1
2026-01-25T00:00:00,27.6,27.6
2026-01-25T01:00:00,20.9,20.9
2026-01-25T02:00:00,19.79,19.79
2026-01-25T03:00:00,17.82,17.82
2026-01-25T04:00:00,17.1,17.1
2026-01-25T05:00:00,16.71,16.71
2026-01-25T06:00:00,16.32,16.32
2026-01-25T07:00:00,14.0,14.0
2026-01-25T08:00:00,8.0,8.0
2026-01-25T09:00:00,5.1,5.1
2026-01-25T10:00:00,4.96,4.96
2026-01-25T11:00:00,3.78,3.78
2026-01-25T12:00:00,3.78,3.78
2026-01-25T13:00:00,3.78,3.78
2026-01-25T14:00:00,3.78,3.78
2026-01-25T15:00:00,3.78,3.78
2026-01-25T16:00:00,3.78,3.78
2026-01-25T17:00:00,3.78,3.78
2026-01-25T18:00:00,3.78,3.78
2026-01-25T19:00:00,3.78,3.78
2026-01-25T20:00:00,3.78,3.78
2026-01-25T21:00:00,3.78,3.78
2026-01-25T22:00:00,3.78,3.78
2026-01-25T23:00:00,3.78,3.78
2026-01-26T00:00:00,5.0,5.0
2026-01-26T01:00:00,3.78,3.78
2026-01-26T02:00:00,3.78,3.78
2026-01-26T03:00:00,3.78,3.78
2026-01-26T04:00:00,3.78,3.78
2026-01-26T05:00:00,3.78,3.78
2026-01-26T06:00:00,2.99,2.99
2026-01-26T07:00:00,1.98,1.98
2026-01-26T08:00:00,2.4,2.4
2026-01-26T09:00:00,1.98,1.98
2026-01-26T10:00:00,1.98,1.98
2026-01-26T11:00:00,1.33,1.33
2026-01-26T12:00:00,3.78,3.78
2026-01-26T13:00:00,3.78,3.78
2026-01-26T14:00:00,3.78,3.78
2026-01-26T15:00:00,3.78,3.78
2026-01-26T16:00:00,3.78,3.78
2026-01-26T17:00:00,3.78,3.78
2026-01-26T18:00:00,3.78,3.78
2026-01-26T19:00:00,3.78,3.78
2026-01-26T20:00:00,3.78,3.78
2026-01-26T21:00:00,3.78,3.78
2026-01-26T22:00:00,5.0,5.0
2026-01-26T23:00:00,9.79,9.79
2026-01-27T00:00:00,20.46,20.46
2026-01-27T01:00:00,20.25,20.25
2026-01-27T02:00:00,19.9,19.9
2026-01-27T03:00:00,13.23,13.23
2026-01-27T04:00:00,7.96,7.96
2026-01-27T05:00:00,4.96,4.96
2026-01-27T06:00:00,3.78,3.78
2026-01-27T07:00:00,3.78,3.78
2026-01-27T08:00:00,3.78,3.78
2026-01-27T09:00:00,3.78,3.78
2026-01-27T10:00:00,3.78,3.78
2026-01-27T11:00:00,3.78,3.78
2026-01-27T12:00:00,3.78,3.78
2026-01-27T13:00:00,3.78,3.78
2026-01-27T14:00:00,3.78,3.78
2026-01-27T15:00:00,3.78,3.78
2026-01-27T16:00:00,3.78,3.78
2026-01-27T17:00:00,3.78,3.78
2026-01-27T18:00:00,3.78,3.78
2026-01-27T19:00:00,3.78,3.78
2026-01-27T20:00:00,3.78,3.78
2026-01-27T21:00:00,3.78,3.78
2026-01-27T22:00:00,3.78,3.78
2026-01-27T23:00:00,3.78,3.78
2026-01-28T00:00:00,3.78,3.78
2026-01-28T01:00:00,3.78,3.78
2026-01-28T02:00:00,3.78,3.78
2026-01-28T03:00:00,3.78,3.78
2026-01-28T04:00:00,3.78,3.78
2026-01-28T05:00:00,3.78,3.78
2026-01-28T06:00:00,3.78,3.78
2026-01-28T07:00:00,3.6,3.6
2026-01-28T08:00:00,2.72,2.72
2026-01-28T09:00:00,1.98,1.98
2026-01-28T10:00:00,1.98,1.98
2026-01-28T11:00:00,1.98,1.98
2026-01-28T12:00:00,1.98,1.98
2026-01-28T13:00:00,1.98,1.98
2026-01-28T14:00:00,1.98,1.98
2026-01-28T15:00:00,1.98,1.98
2026-01-28T16:00:00,1.98,1.98
2026-01-28T17:00:00,1.98,1.98
2026-01-28T18:00:00,2.97,2.97
2026-01-28T19:00:00,3.6,3.6
2026-01-28T20:00:00,2.77,2.77
2026-01-28T21:00:00,3.78,3.78
2026-01-28T22:00:00,3.78,3.78
2026-01-28T23:00:00,3.78,3.78
2026-01-29T00:00:00,27.78,27.78
2026-01-29T01:00:00,25.36,25.36
2026-01-29T02:00:00,23.44,23.44
2026-01-29T03:00:00,20.79,20.79
2026-01-29T04:00:00,20.57,20.57
2026-01-29T05:00:00,19.26,19.26
2026-01-29T06:00:00,17.2,17.2
2026-01-29T07:00:00,15.6,15.6
2026-01-29T08:00:00,14.1,14.1
2026-01-29T09:00:00,14.0,14.0
2026-01-29T10:00:00,4.01,13.84
2026-01-29T11:00:00,4.01,13.84
2026-01-29T12:00:00,4.01,13.84
2026-01-29T13:00:00,4.01,13.71
2026-01-29T14:00:00,4.01,13.71
2026-01-29T15:00:00,4.01,13.71
2026-01-29T16:00:00,4.01,13.58
2026-01-29T17:00:00,3.0,13.45
2026-01-29T18:00:00,3.0,13.58
2026-01-29T19:00:00,3.0,13.58
2026-01-29T20:00:00,3.0,13.58
2026-01-29T21:00:00,3.0,13.71
2026-01-29T22:00:00,3.0,14.0
2026-01-29T23:00:00,3.0,20.38
2026-01-30T00:00:00,3.0,3.0
2026-01-30T01:00:00,2.71,2.71
2026-01-30T02:00:00,1.5,1.5
2026-01-30T03:00:00,0.99,0.99
2026-01-30T04:00:00,0.99,0.99
2026-01-30T05:00:00,0.92,0.92
2026-01-30T06:00:00,0.91,0.91
2026-01-30T07:00:00,0.91,0.91
2026-01-30T08:00:00,0.91,0.91
2026-01-30T09:00:00,0.91,0.91
2026-01-30T10:00:00,0.8,0.8
2026-01-30T11:00:00,0.74,0.74
2026-01-30T12:00:00,0.8,0.8
2026-01-30T13:00:00,0.7,0.7
2026-01-30T14:00:00,0.7,0.7
2026-01-30T15:00:00,0.7,0.7
2026-01-30T16:00:00,0.5,0.5
2026-01-30T17:00:00,0.6,0.6
2026-01-30T18:00:00,0.6,0.91
2026-01-30T19:00:00,0.33,0.91
2026-01-30T20:00:00,0.3,0.91
2026-01-30T21:00:00,0.3,0.91
2026-01-30T22:00:00,0.3,0.92
2026-01-30T23:00:00,0.2,2.4
2026-01-31T00:00:00,0.03,0.03
2026-01-31T01:00:00,0.0,0.0
2026-01-31T02:00:00,0.0,0.0
2026-01-31T03:00:00,0.0,0.0
2026-01-31T04:00:00,0.0,0.0
2026-01-31T05:00:00,0.0,0.0
2026-01-31T06:00:00,-0.01,-0.01
2026-01-31T07:00:00,-0.02,-0.02
2026-01-31T08:00:00,0.0,0.0
2026-01-31T09:00:00,0.0,0.0
2026-01-31T10:00:00,-0.01,-0.01
2026-01-31T11:00:00,-0.01,-0.01
2026-01-31T12:00:00,-0.01,-0.01
2026-01-31T13:00:00,-0.02,-0.02
2026-01-31T14:00:00,-0.02,-0.02
2026-01-31T15:00:00,-0.02,-0.02
2026-01-31T16:00:00,-0.02,-0.02
2026-01-31T17:00:00,-0.03,-0.03
2026-01-31T18:00:00,-0.03,-0.03
2026-01-31T19:00:00,-0.03,-0.03
2026-01-31T20:00:00,-0.42,-0.42
2026-01-31T21:00:00,-0.42,-0.42
2026-01-31T22:00:00,-0.42,-0.42
2026-01-31T23:00:00,-0.42,-0.42
2026-02-01T00:00:00,3.78,3.78
2026-02-01T01:00:00,2.5,3.78
2026-02-01T02:00:00,2.2,2.2
2026-02-01T03:00:00,1.98,1.98
2026-02-01T04:00:00,1.5,1.5
2026-02-01T05:00:00,1.2,1.2
2026-02-01T06:00:00,0.92,0.92
2026-02-01T07:00:00,0.91,0.91
2026-02-01T08:00:00,0.91,0.91
2026-02-01T09:00:00,0.8,0.8
2026-02-01T10:00:00,0.45,0.45
2026-02-01T11:00:00,0.2,0.2
2026-02-01T12:00:00,0.18,0.18
2026-02-01T13:00:00,0.16,0.16
2026-02-01T14:00:00,0.12,0.12
2026-02-01T15:00:00,0.1,0.1
2026-02-01T16:00:00,0.09,0.1
2026-02-01T17:00:00,0.09,0.09
2026-02-01T18:00:00,0.09,0.1
2026-02-01T19:00:00,0.09,0.1
2026-02-01T20:00:00,0.09,0.16
2026-02-01T21:00:00,0.09,0.16
2026-02-01T22:00:00,0.09,0.3
2026-02-01T23:00:00,0.09,0.91
2026-02-02T00:00:00,-0.01,12.4
2026-02-02T01:00:00,-0.03,7.97
2026-02-02T02:00:00,-0.12,5.37
2026-02-02T03:00:00,-0.13,3.78
2026-02-02T04:00:00,-0.14,3.78
2026-02-02T05:00:00,-0.15,3.78
2026-02-02T06:00:00,-0.15,1.98
2026-02-02T07:00:00,-0.2,0.92
2026-02-02T08:00:00,-0.2,0.92
2026-02-02T09:00:00,-0.21,0.91
2026-02-02T10:00:00,-0.25,0.91
2026-02-02T11:00:00,-0.25,0.91
2026-02-02T12:00:00,-0.5,0.5
2026-02-02T13:00:00,-0.5,0.16
2026-02-02T14:00:00,-0.5,0.05
2026-02-02T15:00:00,-0.5,0.01
2026-02-02T16:00:00,-0.5,0.01
2026-02-02T17:00:00,-0.5,0.01
2026-02-02T18:00:00,-0.5,0.0
2026-02-02T19:00:00,-0.5,0.0
2026-02-02T20:00:00,-0.5,0.01
2026-02-02T21:00:00,-0.5,0.01
2026-02-02T22:00:00,-0.5,0.16
2026-02-02T23:00:00,-0.5,0.91
2026-02-03T00:00:00,0.16,0.16
2026-02-03T01:00:00,0.01,0.01
2026-02-03T02:00:00,0.0,0.0
2026-02-03T03:00:00,0.0,0.0
2026-02-03T04:00:00,0.0,0.0
2026-02-03T05:00:00,0.0,0.0
2026-02-03T06:00:00,0.0,0.0
2026-02-03T07:00:00,0.0,0.0
2026-02-03T08:00:00,0.0,0.0
2026-02-03T09:00:00,0.0,0.0
2026-02-03T10:00:00,0.0,0.0
2026-02-03T11:00:00,0.0,0.0
2026-02-03T12:00:00,0.0,0.0
2026-02-03T13:00:00,0.0,0.0
2026-02-03T14:00:00,0.0,0.0
2026-02-03T15:00:00,0.0,0.0
2026-02-03T16:00:00,0.0,0.0
2026-02-03T17:00:00,0.0,0.0
2026-02-03T18:00:00,0.0,0.0
2026-02-03T19:00:00,0.0,0.0
2026-02-03T20:00:00,0.0,0.0
2026-02-03T21:00:00,0.0,0.0
2026-02-03T22:00:00,0.0,0.0
2026-02-03T23:00:00,0.0,0.5
2026-02-04T00:00:00,10.03,10.03
2026-02-04T01:00:00,8.97,8.97
2026-02-04T02:00:00,8.1,8.1
2026-02-04T03:00:00,5.0,5.0
2026-02-04T04:00:00,3.78,3.78
2026-02-04T05:00:00,1.06,3.78
2026-02-04T06:00:00,0.87,3.78
2026-02-04T07:00:00,0.1,3.78
2026-02-04T08:00:00,0.1,3.78
2026-02-04T09:00:00,0.09,3.78
2026-02-04T10:00:00,0.01,3.78
2026-02-04T11:00:00,0.0,3.78
2026-02-04T12:00:00,0.0,1.98
2026-02-04T13:00:00,0.0,1.98
2026-02-04T14:00:00,0.0,1.98
2026-02-04T15:00:00,0.0,1.6
2026-02-04T16:00:00,0.0,0.92
2026-02-04T17:00:00,0.0,0.91
2026-02-04T18:00:00,0.0,0.5
2026-02-04T19:00:00,0.0,0.5
2026-02-04T20:00:00,-0.05,0.16
2026-02-04T21:00:00,-0.05,0.16
2026-02-04T22:00:00,-0.05,0.91
2026-02-04T23:00:00,-0.05,1.94
2026-02-05T00:00:00,3.34,3.78
2026-02-05T01:00:00,2.33,3.78
2026-02-05T02:00:00,1.98,3.78
2026-02-05T03:00:00,1.0,1.98
2026-02-05T04:00:00,0.09,0.91
2026-02-05T05:00:00,0.01,0.01
2026-02-05T06:00:00,0.0,0.01
2026-02-05T07:00:00,0.0,0.0
2026-02-05T08:00:00,0.0,0.0
2026-02-05T09:00:00,0.0,0.0
2026-02-05T10:00:00,0.0,0.0
2026-02-05T11:00:00,0.0,0.0
2026-02-05T12:00:00,-0.05,0.0
2026-02-05T13:00:00,-0.05,0.0
2026-02-05T14:00:00,-0.1,0.0
2026-02-05T15:00:00,-0.1,0.0
2026-02-05T16:00:00,-0.1,0.0
2026-02-05T17:00:00,-0.1,0.0
2026-02-05T18:00:00,-0.1,0.0
2026-02-05T19:00:00,-0.1,0.0
2026-02-05T20:00:00,-0.1,0.0
2026-02-05T21:00:00,-0.1,0.0
2026-02-05T22:00:00,-0.1,0.0
2026-02-05T23:00:00,-0.1,0.0
2026-02-06T00:00:00,0.01,0.01
2026-02-06T01:00:00,0.01,0.01
2026-02-06T02:00:00,0.0,0.0
2026-02-06T03:00:00,0.0,0.0
2026-02-06T04:00:00,0.0,0.0
2026-02-06T05:00:00,-0.01,-0.01
2026-02-06T06:00:00,-0.02,-0.02
2026-02-06T07:00:00,-0.03,-0.03
2026-02-06T08:00:00,-0.1,-0.1
2026-02-06T09:00:00,-0.1,-0.1
2026-02-06T10:00:00,-0.14,-0.14
2026-02-06T11:00:00,-0.15,-0.15
2026-02-06T12:00:00,-0.15,-0.15
2026-02-06T13:00:00,-0.15,-0.15
2026-02-06T14:00:00,-0.15,-0.15
2026-02-06T15:00:00,-0.15,-0.15
2026-02-06T16:00:00,-0.15,-0.15
2026-02-06T17:00:00,-0.15,-0.15
2026-02-06T18:00:00,-0.15,-0.15
2026-02-06T19:00:00,-0.1,-0.1
2026-02-06T20:00:00,-0.1,-0.1
2026-02-06T21:00:00,-0.1,-0.1
2026-02-06T22:00:00,-0.03,-0.03
2026-02-06T23:00:00,-0.01,-0.01
2026-02-07T00:00:00,0.97,0.97
2026-02-07T01:00:00,0.16,0.16
2026-02-07T02:00:00,0.01,0.01
2026-02-07T03:00:00,0.0,0.0
2026-02-07T04:00:00,0.0,0.0
2026-02-07T05:00:00,0.0,0.0
2026-02-07T06:00:00,0.0,0.0
2026-02-07T07:00:00,0.0,0.0
2026-02-07T08:00:00,-0.01,-0.01
2026-02-07T09:00:00,-0.02,-0.02
2026-02-07T10:00:00,-0.07,-0.07
2026-02-07T11:00:00,-0.1,-0.1
2026-02-07T12:00:00,-0.1,-0.1
2026-02-07T13:00:00,-0.14,-0.14
2026-02-07T14:00:00,-0.15,-0.15
2026-02-07T15:00:00,-0.15,-0.15
2026-02-07T16:00:00,-0.15,-0.15
2026-02-07T17:00:00,-0.16,-0.16
2026-02-07T18:00:00,-0.17,-0.17
2026-02-07T19:00:00,-0.17,-0.17
2026-02-07T20:00:00,-0.17,-0.17
2026-02-07T21:00:00,-0.17,-0.17
2026-02-07T22:00:00,-0.17,-0.17
2026-02-07T23:00:00,-0.17,-0.17
2026-02-08T00:00:00,0.01,0.93
2026-02-08T01:00:00,0.0,0.35
2026-02-08T02:00:00,0.0,0.16
2026-02-08T03:00:00,0.0,0.01
2026-02-08T04:00:00,0.0,0.0
2026-02-08T05:00:00,0.0,0.0
2026-02-08T06:00:00,0.0,0.0
2026-02-08T07:00:00,0.0,0.0
2026-02-08T08:00:00,0.0,0.0
2026-02-08T09:00:00,-0.05,-0.01
2026-02-08T10:00:00,-0.05,-0.01
2026-02-08T11:00:00,-0.1,-0.02
2026-02-08T12:00:00,-0.1,-0.1
2026-02-08T13:00:00,-0.1,-0.1
2026-02-08T14:00:00,-0.1,-0.1
2026-02-08T15:00:00,-0.11,-0.11
2026-02-08T16:00:00,-0.1,-0.1
2026-02-08T17:00:00,-0.1,-0.1
2026-02-08T18:00:00,-0.1,-0.1
2026-02-08T19:00:00,-0.1,-0.1
2026-02-08T20:00:00,-0.1,-0.1
2026-02-08T21:00:00,-0.1,-0.1
2026-02-08T22:00:00,-0.05,-0.05
2026-02-08T23:00:00,-0.05,-0.02
2026-02-09T00:00:00,0.98,0.98
2026-02-09T01:00:00,0.74,0.74
2026-02-09T02:00:00,0.16,0.16
2026-02-09T03:00:00,0.02,0.02
2026-02-09T04:00:00,0.01,0.01
2026-02-09T05:00:00,0.0,0.0
2026-02-09T06:00:00,0.0,0.0
2026-02-09T07:00:00,0.0,0.0
2026-02-09T08:00:00,0.0,0.0
2026-02-09T09:00:00,0.0,0.0
2026-02-09T10:00:00,0.0,0.0
2026-02-09T11:00:00,-0.01,-0.01
2026-02-09T12:00:00,-0.01,-0.01
2026-02-09T13:00:00,-0.02,-0.02
2026-02-09T14:00:00,-0.03,-0.03
2026-02-09T15:00:00,-0.03,-0.03
2026-02-09T16:00:00,-0.03,-0.03
2026-02-09T17:00:00,-0.03,-0.03
2026-02-09T18:00:00,-0.01,-0.01
2026-02-09T19:00:00,0.0,0.0
2026-02-09T20:00:00,0.0,0.0
2026-02-09T21:00:00,0.0,0.0
2026-02-09T22:00:00,0.0,0.0
2026-02-09T23:00:00,0.0,0.01
2026-02-10T00:00:00,0.97,0.97
2026-02-10T01:00:00,0.79,0.79
2026-02-10T02:00:00,0.37,0.37
2026-02-10T03:00:00,0.16,0.16
2026-02-10T04:00:00,0.16,0.16
2026-02-10T05:00:00,0.01,0.01
2026-02-10T06:00:00,0.01,0.01
2026-02-10T07:00:00,0.0,0.0
2026-02-10T08:00:00,0.0,0.0
2026-02-10T09:00:00,0.0,0.0
2026-02-10T10:00:00,0.0,0.0
2026-02-10T11:00:00,0.0,0.0
2026-02-10T12:00:00,0.0,0.0
2026-02-10T13:00:00,0.0,0.0
2026-02-10T14:00:00,0.0,0.0
2026-02-10T15:00:00,0.0,0.0
2026-02-10T16:00:00,0.0,0.0
2026-02-10T17:00:00,0.0,0.0
2026-02-10T18:00:00,0.0,0.0
2026-02-10T19:00:00,0.0,0.0
2026-02-10T20:00:00,0.0,0.0
2026-02-10T21:00:00,0.0,0.0
2026-02-10T22:00:00,0.0,0.0
2026-02-10T23:00:00,0.0,0.0
2026-02-11T00:00:00,0.01,0.01
2026-02-11T01:00:00,0.01,0.01
2026-02-11T02:00:00,0.0,0.0
2026-02-11T03:00:00,0.0,0.0
2026-02-11T04:00:00,0.0,0.0
2026-02-11T05:00:00,0.0,0.0
2026-02-11T06:00:00,0.0,0.0
2026-02-11T07:00:00,-0.01,-0.01
2026-02-11T08:00:00,-0.1,-0.1
2026-02-11T09:00:00,-0.42,-0.42
2026-02-11T10:00:00,-0.42,-0.42
2026-02-11T11:00:00,-0.42,-0.42
2026-02-11T12:00:00,-0.42,-0.42
2026-02-11T13:00:00,-0.42,-0.42
2026-02-11T14:00:00,-0.42,-0.42
2026-02-11T15:00:00,-0.42,-0.42
2026-02-11T16:00:00,-0.42,-0.42
2026-02-11T17:00:00,-0.42,-0.42
2026-02-11T18:00:00,-0.42,-0.42
2026-02-11T19:00:00,-0.42,-0.42
2026-02-11T20:00:00,-0.42,-0.42
2026-02-11T21:00:00,-0.42,-0.42
2026-02-11T22:00:00,-0.42,-0.42
2026-02-11T23:00:00,-0.01,-0.01
2026-02-12T00:00:00,0.01,0.01
2026-02-12T01:00:00,0.01,0.01
2026-02-12T02:00:00,0.0,0.0
2026-02-12T03:00:00,0.0,0.0
2026-02-12T04:00:00,0.0,0.0
2026-02-12T05:00:00,0.0,0.0
2026-02-12T06:00:00,0.0,0.0
2026-02-12T07:00:00,-0.01,-0.01
2026-02-12T08:00:00,-0.01,-0.01
2026-02-12T09:00:00,-0.1,-0.1
2026-02-12T10:00:00,-0.42,-0.42
2026-02-12T11:00:00,-0.42,-0.42
2026-02-12T12:00:00,-0.42,-0.42
2026-02-12T13:00:00,-0.42,-0.42
2026-02-12T14:00:00,-0.42,-0.42
2026-02-12T15:00:00,-0.42,-0.42
2026-02-12T16:00:00,-0.42,-0.42
2026-02-12T17:00:00,-0.42,-0.42
2026-02-12T18:00:00,-0.42,-0.42
2026-02-12T19:00:00,-0.42,-0.42
2026-02-12T20:00:00,-0.42,-0.42
2026-02-12T21:00:00,-0.42,-0.42
2026-02-12T22:00:00,-0.02,-0.02
2026-02-12T23:00:00,-0.01,-0.01
2026-02-13T00:00:00,3.78,3.78
2026-02-13T01:00:00,3.78,3.78
2026-02-13T02:00:00,2.38,3.78
2026-02-13T03:00:00,0.91,2.0
2026-02-13T04:00:00,1.84,1.84
2026-02-13T05:00:00,0.91,0.91
2026-02-13T06:00:00,0.6,0.6
2026-02-13T07:00:00,0.41,0.41
2026-02-13T08:00:00,0.33,0.34
2026-02-13T09:00:00,0.15,0.15
2026-02-13T10:00:00,0.09,0.09
2026-02-13T11:00:00,0.05,0.05
2026-02-13T12:00:00,0.1,0.1
2026-02-13T13:00:00,0.09,0.09
2026-02-13T14:00:00,0.05,0.34
2026-02-13T15:00:00,0.05,0.47
2026-02-13T16:00:00,0.04,0.47
2026-02-13T17:00:00,0.03,0.6
2026-02-13T18:00:00,0.03,0.65
2026-02-13T19:00:00,0.03,0.92
2026-02-13T20:00:00,0.03,0.99
2026-02-13T21:00:00,0.02,1.84
2026-02-13T22:00:00,0.02,1.98
2026-02-13T23:00:00,0.02,3.78
2026-02-14T00:00:00,0.11,0.11
2026-02-14T01:00:00,0.03,0.03
2026-02-14T02:00:00,0.01,0.01
2026-02-14T03:00:00,0.0,0.0
2026-02-14T04:00:00,0.0,0.0
2026-02-14T05:00:00,0.0,0.0
2026-02-14T06:00:00,0.0,0.0
2026-02-14T07:00:00,0.0,0.0
2026-02-14T08:00:00,0.0,0.0
2026-02-14T09:00:00,-0.02,-0.02
2026-02-14T10:00:00,-0.04,-0.04
2026-02-14T11:00:00,-0.06,-0.06
2026-02-14T12:00:00,-0.1,-0.1
2026-02-14T13:00:00,-0.17,-0.17
2026-02-14T14:00:00,-0.42,-0.42
2026-02-14T15:00:00,-0.42,-0.42
2026-02-14T16:00:00,-0.42,-0.42
2026-02-14T17:00:00,-0.42,-0.42
2026-02-14T18:00:00,-0.42,-0.42
2026-02-14T19:00:00,-0.42,-0.42
2026-02-14T20:00:00,-0.42,-0.42
2026-02-14T21:00:00,-0.42,-0.42
2026-02-14T22:00:00,-0.42,-0.42
2026-02-14T23:00:00,-0.42,-0.42
2026-02-15T00:00:00,6.4,6.4
2026-02-15T01:00:00,5.37,5.37
2026-02-15T02:00:00,3.78,3.78
2026-02-15T03:00:00,3.78,3.78
2026-02-15T04:00:00,2.91,2.91
2026-02-15T05:00:00,1.98,1.98
2026-02-15T06:00:00,1.1,1.1
2026-02-15T07:00:00,0.56,0.56
2026-02-15T08:00:00,0.5,0.5
2026-02-15T09:00:00,0.29,0.29
2026-02-15T10:00:00,0.1,0.1
2026-02-15T11:00:00,0.05,0.05
2026-02-15T12:00:00,0.0,0.0
2026-02-15T13:00:00,0.01,0.01
2026-02-15T14:00:00,0.01,0.01
2026-02-15T15:00:00,0.0,0.0
2026-02-15T16:00:00,0.0,0.0
2026-02-15T17:00:00,0.0,0.0
2026-02-15T18:00:00,0.0,0.0
2026-02-15T19:00:00,0.0,0.0
2026-02-15T20:00:00,0.0,0.0
2026-02-15T21:00:00,0.0,0.0
2026-02-15T22:00:00,0.0,0.0
2026-02-15T23:00:00,0.0,0.0
2026-02-16T00:00:00,0.02,0.02
2026-02-16T01:00:00,0.01,0.01
2026-02-16T02:00:00,0.0,0.0
2026-02-16T03:00:00,0.0,0.0
2026-02-16T04:00:00,0.0,0.0
2026-02-16T05:00:00,0.0,0.0
2026-02-16T06:00:00,0.0,0.0
2026-02-16T07:00:00,0.0,0.0
2026-02-16T08:00:00,0.0,0.0
2026-02-16T09:00:00,0.0,0.0
2026-02-16T10:00:00,-0.01,-0.01
2026-02-16T11:00:00,-0.02,-0.02
2026-02-16T12:00:00,-0.01,-0.01
2026-02-16T13:00:00,-0.01,-0.01
2026-02-16T14:00:00,-0.02,-0.02
2026-02-16T15:00:00,-0.02,-0.02
2026-02-16T16:00:00,-0.03,-0.03
2026-02-16T17:00:00,-0.04,-0.04
2026-02-16T18:00:00,-0.04,-0.04
2026-02-16T19:00:00,-0.02,-0.02
2026-02-16T20:00:00,-0.02,-0.02
2026-02-16T21:00:00,-0.01,-0.01
2026-02-16T22:00:00,0.0,0.0
2026-02-16T23:00:00,0.0,0.0
2026-02-17T00:00:00,5.37,5.37
2026-02-17T01:00:00,3.78,3.78
2026-02-17T02:00:00,3.78,3.78
2026-02-17T03:00:00,3.42,3.42
2026-02-17T04:00:00,3.78,3.78
2026-02-17T05:00:00,3.42,3.42
2026-02-17T06:00:00,1.98,1.98
2026-02-17T07:00:00,1.27,1.27
2026-02-17T08:00:00,1.27,1.27
2026-02-17T09:00:00,1.16,1.16
2026-02-17T10:00:00,0.91,0.91
2026-02-17T11:00:00,0.56,0.56
2026-02-17T12:00:00,0.29,0.29
2026-02-17T13:00:00,0.2,0.2
2026-02-17T14:00:00,0.1,0.1
2026-02-17T15:00:00,0.1,0.1
2026-02-17T16:00:00,0.09,0.09
2026-02-17T17:00:00,0.09,0.09
2026-02-17T18:00:00,0.1,0.1
2026-02-17T19:00:00,0.2,0.2
2026-02-17T20:00:00,0.92,0.92
2026-02-17T21:00:00,1.03,1.03
2026-02-17T22:00:00,1.16,1.98
2026-02-17T23:00:00,1.16,3.78
2026-02-18T00:00:00,25.2,35.02
2026-02-18T01:00:00,13.12,35.02
2026-02-18T02:00:00,13.12,35.01
2026-02-18T03:00:00,11.0,35.0
2026-02-18T04:00:00,23.0,35.0
2026-02-18T05:00:00,13.12,26.74
2026-02-18T06:00:00,13.12,25.9
2026-02-18T07:00:00,12.0,25.68
2026-02-18T08:00:00,8.85,25.68
2026-02-18T09:00:00,4.2,24.78
2026-02-18T10:00:00,4.2,24.0
2026-02-18T11:00:00,3.99,24.0
2026-02-18T12:00:00,3.99,24.0
2026-02-18T13:00:00,3.99,24.0
2026-02-18T14:00:00,3.78,23.19
2026-02-18T15:00:00,3.78,22.0
2026-02-18T16:00:00,3.78,22.0
2026-02-18T17:00:00,3.78,22.0
2026-02-18T18:00:00,3.78,22.0
2026-02-18T19:00:00,3.53,20.61
2026-02-18T20:00:00,3.53,22.0
2026-02-18T21:00:00,3.53,22.0
2026-02-18T22:00:00,3.53,24.0
2026-02-18T23:00:00,3.53,24.0
2026-02-19T00:00:00,3.78,3.78
2026-02-19T01:00:00,3.5,3.5
2026-02-19T02:00:00,2.0,2.0
2026-02-19T03:00:00,1.35,1.35
2026-02-19T04:00:00,0.91,0.91
2026-02-19T05:00:00,0.27,0.27
2026-02-19T06:00:00,0.22,0.22
2026-02-19T07:00:00,0.19,0.19
2026-02-19T08:00:00,0.03,0.03
2026-02-19T09:00:00,0.02,0.02
2026-02-19T10:00:00,0.16,0.16
2026-02-19T11:00:00,0.01,0.01
2026-02-19T12:00:00,0.0,0.0
2026-02-19T13:00:00,0.0,0.0
2026-02-19T14:00:00,0.0,0.0
2026-02-19T15:00:00,0.0,0.0
2026-02-19T16:00:00,0.0,0.0
2026-02-19T17:00:00,0.0,0.0
2026-02-19T18:00:00,0.0,0.0
2026-02-19T19:00:00,0.01,0.01
2026-02-19T20:00:00,0.01,0.01
2026-02-19T21:00:00,0.08,0.08
2026-02-19T22:00:00,0.42,0.42
2026-02-19T23:00:00,0.91,0.91
2026-02-20T00:00:00,29.2,29.2
2026-02-20T01:00:00,25.57,25.57
2026-02-20T02:00:00,23.0,23.0
2026-02-20T03:00:00,22.0,22.0
2026-02-20T04:00:00,22.5,22.5
2026-02-20T05:00:00,22.0,22.0
2026-02-20T06:00:00,20.12,20.12
2026-02-20T07:00:00,16.89,16.89
2026-02-20T08:00:00,14.0,14.0
2026-02-20T09:00:00,13.99,13.99
2026-02-20T10:00:00,11.82,11.82
2026-02-20T11:00:00,10.0,10.0
2026-02-20T12:00:00,7.85,7.85
2026-02-20T13:00:00,7.2,7.2
2026-02-20T14:00:00,6.99,6.99
2026-02-20T15:00:00,6.99,6.99
2026-02-20T16:00:00,6.89,6.89
2026-02-20T17:00:00,6.89,6.89
2026-02-20T18:00:00,6.89,6.89
2026-02-20T19:00:00,6.89,6.89
2026-02-20T20:00:00,7.2,7.2
2026-02-20T21:00:00,7.99,7.99
2026-02-20T22:00:00,10.0,10.0
2026-02-20T23:00:00,14.0,14.0
2026-02-21T00:00:00,35.0,35.0
2026-02-21T01:00:00,35.0,35.0
2026-02-21T02:00:00,31.3,31.3
2026-02-21T03:00:00,30.58,30.58
2026-02-21T04:00:00,29.99,29.99
2026-02-21T05:00:00,28.71,28.71
2026-02-21T06:00:00,26.63,26.63
2026-02-21T07:00:00,25.68,25.68
2026-02-21T08:00:00,25.57,25.57
2026-02-21T09:00:00,24.84,24.84
2026-02-21T10:00:00,23.0,23.0
2026-02-21T11:00:00,23.0,23.0
2026-02-21T12:00:00,23.0,23.0
2026-02-21T13:00:00,23.0,23.0
2026-02-21T14:00:00,23.0,23.0
2026-02-21T15:00:00,23.0,23.0
2026-02-21T16:00:00,20.0,20.0
2026-02-21T17:00:00,20.0,20.0
2026-02-21T18:00:00,20.01,20.01
2026-02-21T19:00:00,20.01,20.01
2026-02-21T20:00:00,23.0,23.0
2026-02-21T21:00:00,23.0,23.0
2026-02-21T22:00:00,23.0,23.0
2026-02-21T23:00:00,23.0,23.0
2026-02-22T00:00:00,34.94,35.0
2026-02-22T01:00:00,33.36,35.0
2026-02-22T02:00:00,33.36,35.0
2026-02-22T03:00:00,30.2,30.2
2026-02-22T04:00:00,29.34,29.34
2026-02-22T05:00:00,28.91,28.91
2026-02-22T06:00:00,25.68,25.68
2026-02-22T07:00:00,25.0,25.0
2026-02-22T08:00:00,25.0,25.0
2026-02-22T09:00:00,23.0,23.0
2026-02-22T10:00:00,22.0,22.0
2026-02-22T11:00:00,20.79,20.79
2026-02-22T12:00:00,18.3,18.3
2026-02-22T13:00:00,15.88,15.88
2026-02-22T14:00:00,14.89,14.89
2026-02-22T15:00:00,12.0,12.0
2026-02-22T16:00:00,10.0,10.0
2026-02-22T17:00:00,9.18,9.18
2026-02-22T18:00:00,9.18,9.18
2026-02-22T19:00:00,9.18,9.18
2026-02-22T20:00:00,9.18,9.18
2026-02-22T21:00:00,9.18,9.18
2026-02-22T22:00:00,9.18,9.18
2026-02-22T23:00:00,9.18,9.18
2026-02-23T00:00:00,25.9,25.9
2026-02-23T01:00:00,24.99,24.99
2026-02-23T02:00:00,23.0,23.0
2026-02-23T03:00:00,21.66,21.66
2026-02-23T04:00:00,21.31,21.31
2026-02-23T05:00:00,19.8,19.8
2026-02-23T06:00:00,19.38,19.38
2026-02-23T07:00:00,19.13,18.07
2026-02-23T08:00:00,19.07,17.94
2026-02-23T09:00:00,19.07,17.68
2026-02-23T10:00:00,17.81,17.81
2026-02-23T11:00:00,17.02,17.02
2026-02-23T12:00:00,14.0,14.0
2026-02-23T13:00:00,12.17,11.99
2026-02-23T14:00:00,12.17,10.33
2026-02-23T15:00:00,12.17,10.3
2026-02-23T16:00:00,12.0,9.23
2026-02-23T17:00:00,10.0,9.72
2026-02-23T18:00:00,10.0,10.0
2026-02-23T19:00:00,10.3,10.3
2026-02-23T20:00:00,17.55,17.55
2026-02-23T21:00:00,17.68,17.68
2026-02-23T22:00:00,17.81,17.81
2026-02-23T23:00:00,19.07,19.07
2026-02-24T00:00:00,32.57,35.02
2026-02-24T01:00:00,27.94,35.01
2026-02-24T02:00:00,27.61,32.97
2026-02-24T03:00:00,24.78,24.78
2026-02-24T04:00:00,24.99,24.99
2026-02-24T05:00:00,23.25,23.25
2026-02-24T06:00:00,23.0,23.0
2026-02-24T07:00:00,22.34,22.34
2026-02-24T08:00:00,22.82,22.82
2026-02-24T09:00:00,22.0,22.0
2026-02-24T10:00:00,21.31,21.31
2026-02-24T11:00:00,19.07,19.07
2026-02-24T12:00:00,21.7,21.7
2026-02-24T13:00:00,21.31,21.31
2026-02-24T14:00:00,19.07,19.07
2026-02-24T15:00:00,19.07,19.07
2026-02-24T16:00:00,17.15,17.15
2026-02-24T17:00:00,17.4,17.4
2026-02-24T18:00:00,19.61,19.61
2026-02-24T19:00:00,21.31,21.96
2026-02-24T20:00:00,21.31,21.31
2026-02-24T21:00:00,21.31,22.34
2026-02-24T22:00:00,21.31,22.82
2026-02-24T23:00:00,21.31,23.0
2026-02-25T00:00:00,23.0,23.0
2026-02-25T01:00:00,21.31,21.31
2026-02-25T02:00:00,16.07,16.07
2026-02-25T03:00:00,15.68,15.68
2026-02-25T04:00:00,16.07,16.07
2026-02-25T05:00:00,15.68,15.68
2026-02-25T06:00:00,15.55,15.55
2026-02-25T07:00:00,10.91,10.91
2026-02-25T08:00:00,15.68,15.68
2026-02-25T09:00:00,12.36,12.36
2026-02-25T10:00:00,10.0,10.0
2026-02-25T11:00:00,7.17,7.17
2026-02-25T12:00:00,8.87,8.87
2026-02-25T13:00:00,7.57,7.57
2026-02-25T14:00:00,7.17,7.17
2026-02-25T15:00:00,6.79,6.79
2026-02-25T16:00:00,6.09,6.09
2026-02-25T17:00:00,6.42,6.42
2026-02-25T18:00:00,8.17,8.17
2026-02-25T19:00:00,10.0,10.0
2026-02-25T20:00:00,7.82,7.82
2026-02-25T21:00:00,8.0,8.0
2026-02-25T22:00:00,11.05,11.05
2026-02-25T23:00:00,16.07,16.07
2026-02-26T00:00:00,33.97,33.97
2026-02-26T01:00:00,29.94,29.94
2026-02-26T02:00:00,26.78,26.78
2026-02-26T03:00:00,24.34,24.34
2026-02-26T04:00:00,24.82,24.82
2026-02-26T05:00:00,23.04,23.04
2026-02-26T06:00:00,23.0,23.0
2026-02-26T07:00:00,21.32,21.32
2026-02-26T08:00:00,22.0,22.0
2026-02-26T09:00:00,19.07,19.07
2026-02-26T10:00:00,14.35,14.35
2026-02-26T11:00:00,13.78,13.78
2026-02-26T12:00:00,13.07,13.07
2026-02-26T13:00:00,11.63,11.63
2026-02-26T14:00:00,11.2,11.2
2026-02-26T15:00:00,11.07,11.07
2026-02-26T16:00:00,11.07,11.07
2026-02-26T17:00:00,11.07,11.07
2026-02-26T18:00:00,11.2,11.2
2026-02-26T19:00:00,13.88,13.88
2026-02-26T20:00:00,18.18,18.18
2026-02-26T21:00:00,19.07,19.07
2026-02-26T22:00:00,20.73,20.73
2026-02-26T23:00:00,21.83,21.83
2026-02-27T00:00:00,23.06,23.06
2026-02-27T01:00:00,22.82,22.82
2026-02-27T02:00:00,22.0,22.0
2026-02-27T03:00:00,12.4,12.4
2026-02-27T04:00:00,12.4,12.4
2026-02-27T05:00:00,11.54,11.54
2026-02-27T06:00:00,11.41,11.41
2026-02-27T07:00:00,8.38,8.38
2026-02-27T08:00:00,11.98,11.98
2026-02-27T09:00:00,11.67,11.67
2026-02-27T10:00:00,11.67,11.67
2026-02-27T11:00:00,11.15,11.15
2026-02-27T12:00:00,11.15,11.15
2026-02-27T13:00:00,11.15,11.15
2026-02-27T14:00:00,10.0,10.0
2026-02-27T15:00:00,9.65,9.65
2026-02-27T16:00:00,9.37,9.37
2026-02-27T17:00:00,9.24,9.24
2026-02-27T18:00:00,10.0,10.0
2026-02-27T19:00:00,10.2,10.2
2026-02-27T20:00:00,11.15,11.15
2026-02-27T21:00:00,11.28,11.28
2026-02-27T22:00:00,11.28,11.28
2026-02-27T23:00:00,11.67,11.67
2026-02-28T00:00:00,23.75,23.75
2026-02-28T01:00:00,22.82,22.82
2026-02-28T02:00:00,13.32,13.32
2026-02-28T03:00:00,6.0,6.0
2026-02-28T04:00:00,9.29,9.29
2026-02-28T05:00:00,6.0,6.0
2026-02-28T06:00:00,7.58,7.58
2026-02-28T07:00:00,4.29,4.29
2026-02-28T08:00:00,16.46,16.46
2026-02-28T09:00:00,7.0,7.0
2026-02-28T10:00:00,6.0,6.0
2026-02-28T11:00:00,5.53,5.53
2026-02-28T12:00:00,4.27,4.27
2026-02-28T13:00:00,4.17,4.17
2026-02-28T14:00:00,3.96,3.96
2026-02-28T15:00:00,4.2,4.2
2026-02-28T16:00:00,3.78,3.78
2026-02-28T17:00:00,3.46,3.46
2026-02-28T18:00:00,3.4,3.4
2026-02-28T19:00:00,3.46,3.46
2026-02-28T20:00:00,3.78,3.78
2026-02-28T21:00:00,3.78,3.78
2026-02-28T22:00:00,3.78,3.78
2026-02-28T23:00:00,3.96,3.96
2026-03-01T00:00:00,35.01,35.01
2026-03-01T01:00:00,35.01,35.01
2026-03-01T02:00:00,35.0,35.0
2026-03-01T03:00:00,24.84,24.84
2026-03-01T04:00:00,27.25,27.25
2026-03-01T05:00:00,27.25,27.25
2026-03-01T06:00:00,35.0,35.0
2026-03-01T07:00:00,35.0,35.0
2026-03-01T08:00:00,27.25,27.25
2026-03-01T09:00:00,23.42,23.42
2026-03-01T10:00:00,23.0,23.0
2026-03-01T11:00:00,23.0,23.0
2026-03-01T12:00:00,23.0,23.0
2026-03-01T13:00:00,23.0,23.0
2026-03-01T14:00:00,23.0,23.0
2026-03-01T15:00:00,23.0,23.0
2026-03-01T16:00:00,23.0,23.0
2026-03-01T17:00:00,23.0,23.0
2026-03-01T18:00:00,23.0,23.0
2026-03-01T19:00:00,23.0,23.0
2026-03-01T20:00:00,23.0,23.0
2026-03-01T21:00:00,23.0,23.0
2026-03-01T22:00:00,23.0,23.0
2026-03-01T23:00:00,23.0,23.0
2026-03-02T00:00:00,23.0,23.0
2026-03-02T01:00:00,20.01,20.01
2026-03-02T02:00:00,14.0,14.0
2026-03-02T03:00:00,6.5,6.5
2026-03-02T04:00:00,14.0,14.0
2026-03-02T05:00:00,7.01,7.01
2026-03-02T06:00:00,8.49,8.49
2026-03-02T07:00:00,6.0,6.0
2026-03-02T08:00:00,5.5,5.5
2026-03-02T09:00:00,5.0,5.0
2026-03-02T10:00:00,5.37,5.37
2026-03-02T11:00:00,5.0,5.0
2026-03-02T12:00:00,5.0,5.0
2026-03-02T13:00:00,5.0,5.0
2026-03-02T14:00:00,5.0,5.0
2026-03-02T15:00:00,4.5,4.5
2026-03-02T16:00:00,4.4,4.4
2026-03-02T17:00:00,4.4,4.4
2026-03-02T18:00:00,5.0,5.0
2026-03-02T19:00:00,4.26,4.26
2026-03-02T20:00:00,6.0,6.0
2026-03-02T21:00:00,6.0,6.0
2026-03-02T22:00:00,7.96,7.96
2026-03-02T23:00:00,17.53,17.53
2026-03-03T00:00:00,35.0,35.0
2026-03-03T01:00:00,35.0,35.0
2026-03-03T02:00:00,34.8,34.8
2026-03-03T03:00:00,32.84,32.84
2026-03-03T04:00:00,32.84,32.84
2026-03-03T05:00:00,28.3,28.3
2026-03-03T06:00:00,28.06,28.06
2026-03-03T07:00:00,27.58,27.58
2026-03-03T08:00:00,27.1,27.1
2026-03-03T09:00:00,24.0,24.0
2026-03-03T10:00:00,23.0,23.0
2026-03-03T11:00:00,23.0,23.0
2026-03-03T12:00:00,23.0,23.0
2026-03-03T13:00:00,23.0,23.0
2026-03-03T14:00:00,23.0,23.0
2026-03-03T15:00:00,23.0,23.0
2026-03-03T16:00:00,23.0,23.0
2026-03-03T17:00:00,23.0,23.0
2026-03-03T18:00:00,23.0,23.0
2026-03-03T19:00:00,23.0,23.0
2026-03-03T20:00:00,23.0,23.0
2026-03-03T21:00:00,23.0,23.0
2026-03-03T22:00:00,27.1,27.1
2026-03-03T23:00:00,28.06,28.06
2026-03-04T00:00:00,69.62,69.62
2026-03-04T01:00:00,59.37,59.37
2026-03-04T02:00:00,68.31,68.31
2026-03-04T03:00:00,59.0,59.0
2026-03-04T04:00:00,62.28,62.28
2026-03-04T05:00:00,50.0,50.0
2026-03-04T06:00:00,48.08,48.08
2026-03-04T07:00:00,44.74,44.74
2026-03-04T08:00:00,45.05,45.05
2026-03-04T09:00:00,43.67,43.67
2026-03-04T10:00:00,41.59,41.59
2026-03-04T11:00:00,39.93,39.93
2026-03-04T12:00:00,39.93,39.93
2026-03-04T13:00:00,39.93,39.93
2026-03-04T14:00:00,38.72,38.72
2026-03-04T15:00:00,36.93,36.93
2026-03-04T16:00:00,37.39,37.39
2026-03-04T17:00:00,37.18,37.18
2026-03-04T18:00:00,37.39,37.39
2026-03-04T19:00:00,37.18,37.18
2026-03-04T20:00:00,37.54,37.54
2026-03-04T21:00:00,39.93,39.93
2026-03-04T22:00:00,43.93,43.93
2026-03-04T23:00:00,49.2,49.2
2026-03-05T00:00:00,102.4,102.4
2026-03-05T01:00:00,101.2,101.2
2026-03-05T02:00:00,92.15,92.15
2026-03-05T03:00:00,83.58,83.58
2026-03-05T04:00:00,87.98,87.98
2026-03-05T05:00:00,85.2,85.2
2026-03-05T06:00:00,85.2,85.2
2026-03-05T07:00:00,83.53,83.53
2026-03-05T08:00:00,88.02,88.02
2026-03-05T09:00:00,85.01,85.01
2026-03-05T10:00:00,84.76,84.76
2026-03-05T11:00:00,79.4,79.4
2026-03-05T12:00:00,78.2,78.2
2026-03-05T13:00:00,75.01,75.01
2026-03-05T14:00:00,71.62,71.62
2026-03-05T15:00:00,71.24,71.24
2026-03-05T16:00:00,74.58,74.58
2026-03-05T17:00:00,75.1,75.1
2026-03-05T18:00:00,76.46,76.46
2026-03-05T19:00:00,78.7,78.7
2026-03-05T20:00:00,79.84,79.84
2026-03-05T21:00:00,85.0,85.0
2026-03-05T22:00:00,86.97,86.97
2026-03-05T23:00:00,93.87,93.87
2026-03-06T00:00:00,75.0,75.0
2026-03-06T01:00:00,60.03,60.03
2026-03-06T02:00:00,58.6,58.6
2026-03-06T03:00:00,54.6,54.6
2026-03-06T04:00:00,58.6,58.6
2026-03-06T05:00:00,56.6,56.6
2026-03-06T06:00:00,54.6,54.6
2026-03-06T07:00:00,53.05,53.05
2026-03-06T08:00:00,53.56,53.56
2026-03-06T09:00:00,52.0,52.0
2026-03-06T10:00:00,50.5,50.5
2026-03-06T11:00:00,49.98,49.98
2026-03-06T12:00:00,50.0,50.0
2026-03-06T13:00:00,45.3,45.3
2026-03-06T14:00:00,45.0,45.0
2026-03-06T15:00:00,36.41,36.41
2026-03-06T16:00:00,35.0,35.0
2026-03-06T17:00:00,34.65,34.65
2026-03-06T18:00:00,34.7,34.7
2026-03-06T19:00:00,34.7,34.7
2026-03-06T20:00:00,34.65,34.65
2026-03-06T21:00:00,34.7,34.7
2026-03-06T22:00:00,35.0,35.0
2026-03-06T23:00:00,45.0,45.0
2026-03-07T00:00:00,84.9,84.9
2026-03-07T01:00:00,80.1,80.1
2026-03-07T02:00:00,70.11,70.11
2026-03-07T03:00:00,65.2,65.2
2026-03-07T04:00:00,70.0,70.0
2026-03-07T05:00:00,65.01,65.01
2026-03-07T06:00:00,61.43,61.43
2026-03-07T07:00:00,61.43,61.43
2026-03-07T08:00:00,63.7,63.7
2026-03-07T09:00:00,61.43,61.43
2026-03-07T10:00:00,61.42,61.42
2026-03-07T11:00:00,59.43,59.43
2026-03-07T12:00:00,56.02,56.02
2026-03-07T13:00:00,54.86,54.86
2026-03-07T14:00:00,54.0,54.0
2026-03-07T15:00:00,50.1,50.1
2026-03-07T16:00:00,50.59,50.59
2026-03-07T17:00:00,50.59,50.59
2026-03-07T18:00:00,50.65,50.65
2026-03-07T19:00:00,50.65,50.65
2026-03-07T20:00:00,51.17,51.17
2026-03-07T21:00:00,51.17,51.17
2026-03-07T22:00:00,55.0,55.0
2026-03-07T23:00:00,56.86,56.86
2026-03-08T00:00:00,115.08,115.08
2026-03-08T01:00:00,107.77,107.77
2026-03-08T02:00:00,106.74,106.74
2026-03-08T03:00:00,97.01,97.01
2026-03-08T04:00:00,101.59,101.59
2026-03-08T05:00:00,98.73,98.73
2026-03-08T06:00:00,95.47,95.47
2026-03-08T07:00:00,95.04,95.04
2026-03-08T08:00:00,95.04,95.04
2026-03-08T09:00:00,93.46,93.46
2026-03-08T10:00:00,92.5,92.5
2026-03-08T11:00:00,90.3,90.3
2026-03-08T12:00:00,87.92,87.92
2026-03-08T13:00:00,85.42,85.42
2026-03-08T14:00:00,85.22,85.22
2026-03-08T15:00:00,85.42,85.42
2026-03-08T16:00:00,85.01,85.01
2026-03-08T17:00:00,82.11,82.11
2026-03-08T18:00:00,82.59,82.59
2026-03-08T19:00:00,82.0,82.0
2026-03-08T20:00:00,84.0,84.0
2026-03-08T21:00:00,85.01,85.01
2026-03-08T22:00:00,85.9,85.9
2026-03-08T23:00:00,83.91,83.91
2026-03-09T00:00:00,123.64,123.64
2026-03-09T01:00:00,115.88,115.88
2026-03-09T02:00:00,114.0,114.0
2026-03-09T03:00:00,108.46,108.46
2026-03-09T04:00:00,112.6,112.6
2026-03-09T05:00:00,110.56,110.56
2026-03-09T06:00:00,109.41,109.41
2026-03-09T07:00:00,107.73,107.73
2026-03-09T08:00:00,105.0,105.0
2026-03-09T09:00:00,98.56,98.56
2026-03-09T10:00:00,97.0,97.0
2026-03-09T11:00:00,87.85,87.85
2026-03-09T12:00:00,85.0,85.0
2026-03-09T13:00:00,82.13,82.13
2026-03-09T14:00:00,79.14,79.14
2026-03-09T15:00:00,75.1,75.1
2026-03-09T16:00:00,80.0,80.0
2026-03-09T17:00:00,80.0,80.0
2026-03-09T18:00:00,84.19,84.19
2026-03-09T19:00:00,85.69,85.69
2026-03-09T20:00:00,98.56,98.56
2026-03-09T21:00:00,98.56,98.56
2026-03-09T22:00:00,105.0,105.0
2026-03-09T23:00:00,115.4,115.4
2026-03-10T00:00:00,150.17,150.17
2026-03-10T01:00:00,141.46,141.46
2026-03-10T02:00:00,138.3,138.3
2026-03-10T03:00:00,130.18,130.18
2026-03-10T04:00:00,135.82,135.82
2026-03-10T05:00:00,126.0,126.0
2026-03-10T06:00:00,126.0,126.0
2026-03-10T07:00:00,125.32,125.32
2026-03-10T08:00:00,128.43,128.43
2026-03-10T09:00:00,122.0,122.0
2026-03-10T10:00:00,120.0,120.0
2026-03-10T11:00:00,115.88,115.88
2026-03-10T12:00:00,110.56,110.56
2026-03-10T13:00:00,110.0,110.0
2026-03-10T14:00:00,107.29,107.29
2026-03-10T15:00:00,104.7,104.7
2026-03-10T16:00:00,110.0,110.0
2026-03-10T17:00:00,109.54,109.54
2026-03-10T18:00:00,104.89,104.89
2026-03-10T19:00:00,107.9,107.9
2026-03-10T20:00:00,120.0,120.0
2026-03-10T21:00:00,116.88,116.88
2026-03-10T22:00:00,118.35,118.35
2026-03-10T23:00:00,118.35,118.35
2026-03-11T00:00:00,145.75,145.75
2026-03-11T01:00:00,141.46,141.46
2026-03-11T02:00:00,139.98,139.98
2026-03-11T03:00:00,135.5,135.5
2026-03-11T04:00:00,135.5,135.5
2026-03-11T05:00:00,126.58,126.58
2026-03-11T06:00:00,120.51,120.51
2026-03-11T07:00:00,113.72,113.72
2026-03-11T08:00:00,125.39,125.39
2026-03-11T09:00:00,120.51,120.51
2026-03-11T10:00:00,120.01,120.01
2026-03-11T11:00:00,115.25,115.25
2026-03-11T12:00:00,113.93,113.93
2026-03-11T13:00:00,112.0,112.0
2026-03-11T14:00:00,111.1,111.1
2026-03-11T15:00:00,111.0,111.0
2026-03-11T16:00:00,115.0,115.0
2026-03-11T17:00:00,114.0,114.0
2026-03-11T18:00:00,115.52,115.52
2026-03-11T19:00:00,120.0,120.0
2026-03-11T20:00:00,117.14,117.14
2026-03-11T21:00:00,120.1,120.1
2026-03-11T22:00:00,124.5,124.5
2026-03-11T23:00:00,131.05,131.05
2026-03-12T00:00:00,106.46,106.46
2026-03-12T01:00:00,100.11,100.11
2026-03-12T02:00:00,98.76,98.76
2026-03-12T03:00:00,96.54,96.54
2026-03-12T04:00:00,96.16,96.16
2026-03-12T05:00:00,95.1,95.1
2026-03-12T06:00:00,93.84,93.84
2026-03-12T07:00:00,91.86,91.86
2026-03-12T08:00:00,95.1,95.1
2026-03-12T09:00:00,95.0,95.0
2026-03-12T10:00:00,93.84,93.84
2026-03-12T11:00:00,93.84,93.84
2026-03-12T12:00:00,93.84,93.84
2026-03-12T13:00:00,93.84,93.84
2026-03-12T14:00:00,93.84,93.84
2026-03-12T15:00:00,93.16,93.16
2026-03-12T16:00:00,93.84,93.84
2026-03-12T17:00:00,93.84,93.84
2026-03-12T18:00:00,93.84,93.84
2026-03-12T19:00:00,95.0,95.0
2026-03-12T20:00:00,93.16,93.16
2026-03-12T21:00:00,95.0,95.0
2026-03-12T22:00:00,95.3,95.3
2026-03-12T23:00:00,96.54,96.54
2026-03-13T00:00:00,73.01,73.01
2026-03-13T01:00:00,70.0,70.0
2026-03-13T02:00:00,60.0,60.0
2026-03-13T03:00:00,47.42,47.42
2026-03-13T04:00:00,60.1,60.1
2026-03-13T05:00:00,50.94,50.94
2026-03-13T06:00:00,50.0,50.0
2026-03-13T07:00:00,45.0,45.0
2026-03-13T08:00:00,45.0,45.0
2026-03-13T09:00:00,40.0,40.0
2026-03-13T10:00:00,38.12,38.12
2026-03-13T11:00:00,38.12,38.12
2026-03-13T12:00:00,45.0,45.0
2026-03-13T13:00:00,40.01,40.01
2026-03-13T14:00:00,39.7,39.7
2026-03-13T15:00:00,38.57,38.57
2026-03-13T16:00:00,38.12,38.12
2026-03-13T17:00:00,38.12,38.12
2026-03-13T18:00:00,38.12,38.12
2026-03-13T19:00:00,39.7,39.7
2026-03-13T20:00:00,38.12,38.12
2026-03-13T21:00:00,39.7,39.7
2026-03-13T22:00:00,40.01,40.01
2026-03-13T23:00:00,45.0,45.0
2026-03-14T00:00:00,35.01,35.01
2026-03-14T01:00:00,35.0,35.0
2026-03-14T02:00:00,35.0,35.0
2026-03-14T03:00:00,34.2,34.2
2026-03-14T04:00:00,24.9,24.9
2026-03-14T05:00:00,22.0,22.0
2026-03-14T06:00:00,18.44,18.44
2026-03-14T07:00:00,14.98,14.98
2026-03-14T08:00:00,14.0,14.0
2026-03-14T09:00:00,10.38,10.38
2026-03-14T10:00:00,10.17,10.17
2026-03-14T11:00:00,10.04,10.04
2026-03-14T12:00:00,10.04,10.04
2026-03-14T13:00:00,9.91,9.91
2026-03-14T14:00:00,9.78,9.78
2026-03-14T15:00:00,7.96,7.96
2026-03-14T16:00:00,9.78,9.78
2026-03-14T17:00:00,7.96,7.96
2026-03-14T18:00:00,6.5,6.5
2026-03-14T19:00:00,7.01,7.01
2026-03-14T20:00:00,9.78,9.78
2026-03-14T21:00:00,9.78,9.78
2026-03-14T22:00:00,9.78,9.78
2026-03-14T23:00:00,9.91,9.91
2026-03-15T00:00:00,5.37,5.37
2026-03-15T01:00:00,4.5,4.5
2026-03-15T02:00:00,3.78,3.78
2026-03-15T03:00:00,3.78,3.78
2026-03-15T04:00:00,3.78,3.78
2026-03-15T05:00:00,2.15,2.15
2026-03-15T06:00:00,1.94,1.94
2026-03-15T07:00:00,1.83,1.83
2026-03-15T08:00:00,3.78,3.78
2026-03-15T09:00:00,3.78,3.78
2026-03-15T10:00:00,3.78,3.78
2026-03-15T11:00:00,3.78,3.78
2026-03-15T12:00:00,2.0,2.0
2026-03-15T13:00:00,1.98,1.98
2026-03-15T14:00:00,1.94,1.94
2026-03-15T15:00:00,1.83,1.83
2026-03-15T16:00:00,1.66,1.66
2026-03-15T17:00:00,1.0,1.0
2026-03-15T18:00:00,0.91,0.91
2026-03-15T19:00:00,0.69,0.69
2026-03-15T20:00:00,0.69,0.69
2026-03-15T21:00:00,0.69,0.69
2026-03-15T22:00:00,0.91,0.91
2026-03-15T23:00:00,0.99,0.99
2026-03-16T00:00:00,10.0,10.0
2026-03-16T01:00:00,7.0,7.0
2026-03-16T02:00:00,5.37,5.37
2026-03-16T03:00:00,5.0,5.0
2026-03-16T04:00:00,7.0,7.0
2026-03-16T05:00:00,6.81,6.81
2026-03-16T06:00:00,6.81,6.81
2026-03-16T07:00:00,6.0,6.0
2026-03-16T08:00:00,6.0,6.0
2026-03-16T09:00:00,5.37,5.37
2026-03-16T10:00:00,5.37,5.37
2026-03-16T11:00:00,5.0,5.0
2026-03-16T12:00:00,5.0,5.0
2026-03-16T13:00:00,4.88,4.88
2026-03-16T14:00:00,4.88,4.88
2026-03-16T15:00:00,4.88,4.88
2026-03-16T16:00:00,4.5,4.5
2026-03-16T17:00:00,4.77,4.77
2026-03-16T18:00:00,5.0,5.0
2026-03-16T19:00:00,5.0,5.0
2026-03-16T20:00:00,4.99,4.99
2026-03-16T21:00:00,5.0,5.0
2026-03-16T22:00:00,6.0,6.0
2026-03-16T23:00:00,6.81,6.81
2026-03-17T00:00:00,130.0,130.0
2026-03-17T01:00:00,113.0,113.0
2026-03-17T02:00:00,105.0,105.0
2026-03-17T03:00:00,86.0,86.0
2026-03-17T04:00:00,91.0,91.0
2026-03-17T05:00:00,84.5,84.5
2026-03-17T06:00:00,83.13,83.13
2026-03-17T07:00:00,80.13,80.13
2026-03-17T08:00:00,75.07,75.07
2026-03-17T09:00:00,70.0,70.0
2026-03-17T10:00:00,59.0,59.0
2026-03-17T11:00:00,51.49,51.49
2026-03-17T12:00:00,60.85,60.85
2026-03-17T13:00:00,49.38,49.38
2026-03-17T14:00:00,48.72,48.72
2026-03-17T15:00:00,47.91,47.91
2026-03-17T16:00:00,47.91,47.91
2026-03-17T17:00:00,47.91,47.91
2026-03-17T18:00:00,47.91,47.91
2026-03-17T19:00:00,49.0,49.0
2026-03-17T20:00:00,47.91,47.91
2026-03-17T21:00:00,50.09,50.09
2026-03-17T22:00:00,65.0,65.0
2026-03-17T23:00:00,75.0,75.0
2026-03-18T00:00:00,52.2,52.2
2026-03-18T01:00:00,45.04,45.04
2026-03-18T02:00:00,30.0,30.0
2026-03-18T03:00:00,23.0,23.0
2026-03-18T04:00:00,30.64,30.64
2026-03-18T05:00:00,25.4,25.4
2026-03-18T06:00:00,30.0,30.0
2026-03-18T07:00:00,25.2,25.2
2026-03-18T08:00:00,37.28,37.28
2026-03-18T09:00:00,30.6,30.6
2026-03-18T10:00:00,37.62,37.62
2026-03-18T11:00:00,29.65,29.65
2026-03-18T12:00:00,29.17,29.17
2026-03-18T13:00:00,28.78,28.78
2026-03-18T14:00:00,28.91,28.91
2026-03-18T15:00:00,27.63,27.63
2026-03-18T16:00:00,28.78,28.78
2026-03-18T17:00:00,28.2,28.2
2026-03-18T18:00:00,28.78,28.78
2026-03-18T19:00:00,29.04,29.04
2026-03-18T20:00:00,25.49,25.49
2026-03-18T21:00:00,25.4,25.4
2026-03-18T22:00:00,28.91,28.91
2026-03-18T23:00:00,33.8,33.8
2026-03-19T00:00:00,35.01,35.01
2026-03-19T01:00:00,35.0,35.0
2026-03-19T02:00:00,22.84,22.84
2026-03-19T03:00:00,20.0,20.0
2026-03-19T04:00:00,34.2,34.2
2026-03-19T05:00:00,24.6,24.6
2026-03-19T06:00:00,25.0,25.0
2026-03-19T07:00:00,21.8,21.8
2026-03-19T08:00:00,24.69,24.69
2026-03-19T09:00:00,20.3,20.3
2026-03-19T10:00:00,19.91,19.91
2026-03-19T11:00:00,17.56,17.56
2026-03-19T12:00:00,19.52,19.52
2026-03-19T13:00:00,15.0,15.0
2026-03-19T14:00:00,14.0,14.0
2026-03-19T15:00:00,11.91,11.91
2026-03-19T16:00:00,15.91,15.91
2026-03-19T17:00:00,14.0,14.0
2026-03-19T18:00:00,13.07,13.07
2026-03-19T19:00:00,18.46,18.46
2026-03-19T20:00:00,20.11,20.11
2026-03-19T21:00:00,20.3,20.3
2026-03-19T22:00:00,23.0,23.0
2026-03-19T23:00:00,30.0,30.0
2026-03-20T00:00:00,30.06,30.06
2026-03-20T01:00:00,29.42,29.42
2026-03-20T02:00:00,16.32,16.32
2026-03-20T03:00:00,12.54,12.54
2026-03-20T04:00:00,31.0,31.0
2026-03-20T05:00:00,30.0,30.0
2026-03-20T06:00:00,30.0,30.0
2026-03-20T07:00:00,26.92,26.92
2026-03-20T08:00:00,30.0,30.0
2026-03-20T09:00:00,24.22,24.22
2026-03-20T10:00:00,20.0,20.0
2026-03-20T11:00:00,19.62,19.62
2026-03-20T12:00:00,15.47,15.47
2026-03-20T13:00:00,15.48,15.48
2026-03-20T14:00:00,16.32,16.32
2026-03-20T15:00:00,19.62,19.62
2026-03-20T16:00:00,19.62,19.62
2026-03-20T17:00:00,19.62,19.62
2026-03-20T18:00:00,25.14,25.14
2026-03-20T19:00:00,30.0,30.0
2026-03-20T20:00:00,31.0,31.0
2026-03-20T21:00:00,34.6,34.6
2026-03-20T22:00:00,40.05,40.05
2026-03-20T23:00:00,46.88,46.88
2026-03-21T00:00:00,78.35,78.35
2026-03-21T01:00:00,69.0,69.0
2026-03-21T02:00:00,45.0,45.0
2026-03-21T03:00:00,40.92,40.92
2026-03-21T04:00:00,51.08,51.08
2026-03-21T05:00:00,49.4,49.4
2026-03-21T06:00:00,55.0,55.0
2026-03-21T07:00:00,51.73,51.73
2026-03-21T08:00:00,53.9,53.9
2026-03-21T09:00:00,50.0,50.0
2026-03-21T10:00:00,43.58,43.58
2026-03-21T11:00:00,41.4,41.4
2026-03-21T12:00:00,40.2,40.2
2026-03-21T13:00:00,40.2,40.2
2026-03-21T14:00:00,41.16,41.16
2026-03-21T15:00:00,40.92,40.92
2026-03-21T16:00:00,41.4,41.4
2026-03-21T17:00:00,40.92,40.92
2026-03-21T18:00:00,40.92,40.92
2026-03-21T19:00:00,41.16,41.16
2026-03-21T20:00:00,47.68,47.68
2026-03-21T21:00:00,45.0,45.0
2026-03-21T22:00:00,45.0,45.0
2026-03-21T23:00:00,47.92,47.92
2026-03-22T00:00:00,95.0,95.0
2026-03-22T01:00:00,82.19,82.19
2026-03-22T02:00:00,68.11,68.11
2026-03-22T03:00:00,49.36,49.36
2026-03-22T04:00:00,76.48,76.48
2026-03-22T05:00:00,58.53,58.53
2026-03-22T06:00:00,51.99,51.99
2026-03-22T07:00:00,45.0,45.0
2026-03-22T08:00:00,56.84,56.84
2026-03-22T09:00:00,45.0,45.0
2026-03-22T10:00:00,42.04,42.04
2026-03-22T11:00:00,39.64,39.64
2026-03-22T12:00:00,43.45,43.45
2026-03-22T13:00:00,40.0,40.0
2026-03-22T14:00:00,41.35,41.35
2026-03-22T15:00:00,40.0,40.0
2026-03-22T16:00:00,44.85,44.85
2026-03-22T17:00:00,40.35,40.35
2026-03-22T18:00:00,40.0,40.0
2026-03-22T19:00:00,41.02,41.02
2026-03-22T20:00:00,39.4,39.4
2026-03-22T21:00:00,39.16,39.16
2026-03-22T22:00:00,39.16,39.16
2026-03-22T23:00:00,39.4,39.4
2026-03-23T00:00:00,22.08,22.08
2026-03-23T01:00:00,19.96,19.96
2026-03-23T02:00:00,14.0,14.0
2026-03-23T03:00:00,11.35,11.35
2026-03-23T04:00:00,12.54,12.54
2026-03-23T05:00:00,11.35,11.35
2026-03-23T06:00:00,11.35,11.35
2026-03-23T07:00:00,9.0,9.0
2026-03-23T08:00:00,9.0,9.0
2026-03-23T09:00:00,9.0,9.0
2026-03-23T10:00:00,7.96,7.96
2026-03-23T11:00:00,7.8,7.8
2026-03-23T12:00:00,9.0,9.0
2026-03-23T13:00:00,7.96,7.96
2026-03-23T14:00:00,10.0,10.0
2026-03-23T15:00:00,11.35,11.35
2026-03-23T16:00:00,9.67,9.67
2026-03-23T17:00:00,11.0,11.0
2026-03-23T18:00:00,11.35,11.35
2026-03-23T19:00:00,12.54,12.54
2026-03-23T20:00:00,10.0,10.0
2026-03-23T21:00:00,11.35,11.35
2026-03-23T22:00:00,14.0,14.0
2026-03-23T23:00:00,21.29,21.29
2026-03-24T00:00:00,79.35,79.35
2026-03-24T01:00:00,70.48,70.48
2026-03-24T02:00:00,61.04,61.04
2026-03-24T03:00:00,58.16,58.16
2026-03-24T04:00:00,58.64,58.64
2026-03-24T05:00:00,58.16,58.16
2026-03-24T06:00:00,57.92,57.92
2026-03-24T07:00:00,57.88,57.88
2026-03-24T08:00:00,58.03,58.03
2026-03-24T09:00:00,57.92,57.92
2026-03-24T10:00:00,57.68,57.68
2026-03-24T11:00:00,56.84,56.84
2026-03-24T12:00:00,58.64,58.64
2026-03-24T13:00:00,58.4,58.4
2026-03-24T14:00:00,58.4,58.4
2026-03-24T15:00:00,58.16,58.16
2026-03-24T16:00:00,57.88,57.88
2026-03-24T17:00:00,57.88,57.88
2026-03-24T18:00:00,58.16,58.16
2026-03-24T19:00:00,58.64,58.64
2026-03-24T20:00:00,61.04,61.04
2026-03-24T21:00:00,62.31,62.31
2026-03-24T22:00:00,66.46,66.46
2026-03-24T23:00:00,76.0,76.0
2026-03-25T00:00:00,50.8,50.8
2026-03-25T01:00:00,44.2,44.2
2026-03-25T02:00:00,35.02,35.02
2026-03-25T03:00:00,35.02,35.02
2026-03-25T04:00:00,35.02,35.02
2026-03-25T05:00:00,35.02,35.02
2026-03-25T06:00:00,35.01,35.01
2026-03-25T07:00:00,35.01,35.01
2026-03-25T08:00:00,45.0,45.0
2026-03-25T09:00:00,40.0,40.0
2026-03-25T10:00:00,39.35,39.35
2026-03-25T11:00:00,35.02,35.02
2026-03-25T12:00:00,35.02,35.02
2026-03-25T13:00:00,35.02,35.02
2026-03-25T14:00:00,35.02,35.02
2026-03-25T15:00:00,35.02,35.02
2026-03-25T16:00:00,35.02,35.02
2026-03-25T17:00:00,35.01,35.01
2026-03-25T18:00:00,35.01,35.01
2026-03-25T19:00:00,35.01,35.01
2026-03-25T20:00:00,35.0,35.0
2026-03-25T21:00:00,32.59,32.59
2026-03-25T22:00:00,35.0,35.0
2026-03-25T23:00:00,35.0,35.0
2026-03-26T00:00:00,6.1,6.1
2026-03-26T01:00:00,5.9,5.9
2026-03-26T02:00:00,5.2,5.2
2026-03-26T03:00:00,4.0,4.0
2026-03-26T04:00:00,3.78,3.78
2026-03-26T05:00:00,3.51,3.51
2026-03-26T06:00:00,3.51,3.51
2026-03-26T07:00:00,3.51,3.51
2026-03-26T08:00:00,3.51,3.51
2026-03-26T09:00:00,3.51,3.51
2026-03-26T10:00:00,3.51,3.51
2026-03-26T11:00:00,3.51,3.51
2026-03-26T12:00:00,3.51,3.51
2026-03-26T13:00:00,3.51,3.51
2026-03-26T14:00:00,3.51,3.51
2026-03-26T15:00:00,3.51,3.51
2026-03-26T16:00:00,3.51,3.51
2026-03-26T17:00:00,3.51,3.51
2026-03-26T18:00:00,3.51,3.51
2026-03-26T19:00:00,3.51,3.51
2026-03-26T20:00:00,3.0,3.0
2026-03-26T21:00:00,3.51,3.51
2026-03-26T22:00:00,3.51,3.51
2026-03-26T23:00:00,3.51,3.51
2026-03-27T00:00:00,5.53,5.53
2026-03-27T01:00:00,5.41,5.41
2026-03-27T02:00:00,5.41,5.41
2026-03-27T03:00:00,5.0,5.0
2026-03-27T04:00:00,4.8,4.8
2026-03-27T05:00:00,3.08,3.08
2026-03-27T06:00:00,3.08,3.08
2026-03-27T07:00:00,2.69,2.69
2026-03-27T08:00:00,3.08,3.08
2026-03-27T09:00:00,3.0,3.0
2026-03-27T10:00:00,2.69,2.69
2026-03-27T11:00:00,2.5,2.5
2026-03-27T12:00:00,2.69,2.69
2026-03-27T13:00:00,2.69,2.69
2026-03-27T14:00:00,2.69,2.69
2026-03-27T15:00:00,2.6,2.6
2026-03-27T16:00:00,2.41,2.41
2026-03-27T17:00:00,2.41,2.41
2026-03-27T18:00:00,2.41,2.41
2026-03-27T19:00:00,2.6,2.6
2026-03-27T20:00:00,1.8,1.8
2026-03-27T21:00:00,1.95,1.95
2026-03-27T22:00:00,2.01,2.01
2026-03-27T23:00:00,2.69,2.69
2026-03-28T00:00:00,14.0,14.0
2026-03-28T01:00:00,11.82,11.82
2026-03-28T02:00:00,11.1,11.1
2026-03-28T03:00:00,9.8,9.8
2026-03-28T04:00:00,9.37,9.37
2026-03-28T05:00:00,8.72,8.72
2026-03-28T06:00:00,8.39,8.39
2026-03-28T07:00:00,7.96,7.96
2026-03-28T08:00:00,8.72,8.72
2026-03-28T09:00:00,8.5,8.5
2026-03-28T10:00:00,8.28,8.28
2026-03-28T11:00:00,8.17,8.17
2026-03-28T12:00:00,8.39,8.39
2026-03-28T13:00:00,8.28,8.28
2026-03-28T14:00:00,8.17,8.17
2026-03-28T15:00:00,8.06,8.06
2026-03-28T16:00:00,8.28,8.28
2026-03-28T17:00:00,8.17,8.17
2026-03-28T18:00:00,8.17,8.17
2026-03-28T19:00:00,8.17,8.17
2026-03-28T20:00:00,8.72,8.72
2026-03-28T21:00:00,8.72,8.72
2026-03-28T22:00:00,8.72,8.72
2026-03-28T23:00:00,9.37,9.37
2026-03-29T00:00:00,5.41,5.41
2026-03-29T01:00:00,5.41,5.41
2026-03-29T02:00:00,4.81,4.81
2026-03-29T03:00:00,3.08,3.08
2026-03-29T04:00:00,2.0,2.0
2026-03-29T05:00:00,1.99,1.99
2026-03-29T06:00:00,1.94,1.94
2026-03-29T07:00:00,1.7,1.7
2026-03-29T08:00:00,1.7,1.7
2026-03-29T09:00:00,1.3,1.3
2026-03-29T10:00:00,1.0,1.0
2026-03-29T11:00:00,0.99,0.99
2026-03-29T12:00:00,1.95,1.95
2026-03-29T13:00:00,1.95,1.95
2026-03-29T14:00:00,1.94,1.94
2026-03-29T15:00:00,1.94,1.94
2026-03-29T16:00:00,1.99,1.99
2026-03-29T17:00:00,1.99,1.99
2026-03-29T18:00:00,2.0,2.0
2026-03-29T19:00:00,2.0,2.0
2026-03-29T20:00:00,3.08,3.08
2026-03-29T21:00:00,3.08,3.08
2026-03-29T22:00:00,3.08,3.08
2026-03-29T23:00:00,3.08,3.08
2026-03-30T00:00:00,8.99,8.99
2026-03-30T01:00:00,7.96,7.96
2026-03-30T02:00:00,7.28,7.28
2026-03-30T03:00:00,7.06,7.06
2026-03-30T04:00:00,6.27,6.27
2026-03-30T05:00:00,5.59,5.59
2026-03-30T06:00:00,5.59,5.59
2026-03-30T07:00:00,5.41,5.41
2026-03-30T08:00:00,5.41,5.41
2026-03-30T09:00:00,5.41,5.41
2026-03-30T10:00:00,4.81,4.81
2026-03-30T11:00:00,3.08,3.08
2026-03-30T12:00:00,3.08,3.08
2026-03-30T13:00:00,3.08,3.08
2026-03-30T14:00:00,3.08,3.08
2026-03-30T15:00:00,2.35,2.35
2026-03-30T16:00:00,2.0,2.0
2026-03-30T17:00:00,2.15,2.15
2026-03-30T18:00:00,2.42,2.42
2026-03-30T19:00:00,3.08,3.08
2026-03-30T20:00:00,3.08,3.08
2026-03-30T21:00:00,3.0,3.0
2026-03-30T22:00:00,5.41,5.41
2026-03-30T23:00:00,5.41,5.41
2026-03-31T00:00:00,11.99,11.99
2026-03-31T01:00:00,11.06,11.06
2026-03-31T02:00:00,10.34,10.34
2026-03-31T03:00:00,9.37,9.37
2026-03-31T04:00:00,9.37,9.37
2026-03-31T05:00:00,9.0,9.0
2026-03-31T06:00:00,7.5,7.5
2026-03-31T07:00:00,7.17,7.17
2026-03-31T08:00:00,7.39,7.39
2026-03-31T09:00:00,7.17,7.17
2026-03-31T10:00:00,6.97,6.97
2026-03-31T11:00:00,7.06,7.06
2026-03-31T12:00:00,6.66,6.66
2026-03-31T13:00:00,6.0,6.0
2026-03-31T14:00:00,6.0,6.0
2026-03-31T15:00:00,5.59,5.59
2026-03-31T16:00:00,5.41,5.41
2026-03-31T17:00:00,5.41,5.41
2026-03-31T18:00:00,5.41,5.41
2026-03-31T19:00:00,5.41,5.41
2026-03-31T20:00:00,5.41,5.41
2026-03-31T21:00:00,5.41,5.41
2026-03-31T22:00:00,5.41,5.41
2026-03-31T23:00:00,6.68,6.68
2026-04-01T00:00:00,9.17,9.17
2026-04-01T01:00:00,7.49,7.49
2026-04-01T02:00:00,7.06,7.06
2026-04-01T03:00:00,5.59,5.59
2026-04-01T04:00:00,5.41,5.41
2026-04-01T05:00:00,5.41,5.41
2026-04-01T06:00:00,5.41,5.41
2026-04-01T07:00:00,4.57,4.57
2026-04-01T08:00:00,5.41,5.41
2026-04-01T09:00:00,5.41,5.41
2026-04-01T10:00:00,5.41,5.41
2026-04-01T11:00:00,5.0,5.0
2026-04-01T12:00:00,5.41,5.41
2026-04-01T13:00:00,5.41,5.41
2026-04-01T14:00:00,5.41,5.41
2026-04-01T15:00:00,5.41,5.41
2026-04-01T16:00:00,4.96,4.96
2026-04-01T17:00:00,4.5,4.5
2026-04-01T18:00:00,5.41,5.41
2026-04-01T19:00:00,4.87,4.87
2026-04-01T20:00:00,5.41,5.41
2026-04-01T21:00:00,5.41,5.41
2026-04-01T22:00:00,5.41,5.41
2026-04-01T23:00:00,5.59,5.59
2026-04-02T00:00:00,11.06,11.06
2026-04-02T01:00:00,10.82,10.82
2026-04-02T02:00:00,10.53,10.53
2026-04-02T03:00:00,8.5,8.5
2026-04-02T04:00:00,8.5,8.5
2026-04-02T05:00:00,7.39,7.39
2026-04-02T06:00:00,7.17,7.17
2026-04-02T07:00:00,6.0,6.0
2026-04-02T08:00:00,5.59,5.59
2026-04-02T09:00:00,5.41,5.41
2026-04-02T10:00:00,5.41,5.41
2026-04-02T11:00:00,5.41,5.41
2026-04-02T12:00:00,5.59,5.59
2026-04-02T13:00:00,5.59,5.59
2026-04-02T14:00:00,5.41,5.41
2026-04-02T15:00:00,5.41,5.41
2026-04-02T16:00:00,5.59,5.59
2026-04-02T17:00:00,5.41,5.41
2026-04-02T18:00:00,5.41,5.41
2026-04-02T19:00:00,5.41,5.41
2026-04-02T20:00:00,5.41,5.41
2026-04-02T21:00:00,5.59,5.59
2026-04-02T22:00:00,5.59,5.59
2026-04-02T23:00:00,6.0,6.0
2026-04-03T00:00:00,15.44,15.44
2026-04-03T01:00:00,14.0,14.0
2026-04-03T02:00:00,13.86,13.86
2026-04-03T03:00:00,12.3,12.3
2026-04-03T04:00:00,12.28,12.28
2026-04-03T05:00:00,12.06,12.06
2026-04-03T06:00:00,11.82,11.82
2026-04-03T07:00:00,11.34,11.34
2026-04-03T08:00:00,11.34,11.34
2026-04-03T09:00:00,11.1,11.1
2026-04-03T10:00:00,11.1,11.1
2026-04-03T11:00:00,11.34,11.34
2026-04-03T12:00:00,12.28,12.28
2026-04-03T13:00:00,12.06,12.06
2026-04-03T14:00:00,12.06,12.06
2026-04-03T15:00:00,12.06,12.06
2026-04-03T16:00:00,11.82,11.82
2026-04-03T17:00:00,11.82,11.82
2026-04-03T18:00:00,12.06,12.06
2026-04-03T19:00:00,12.06,12.06
2026-04-03T20:00:00,12.28,12.28
2026-04-03T21:00:00,12.28,12.28
2026-04-03T22:00:00,13.02,13.02
2026-04-03T23:00:00,12.71,12.71
2026-04-04T00:00:00,33.77,33.77
2026-04-04T01:00:00,30.21,30.21
2026-04-04T02:00:00,28.35,28.35
2026-04-04T03:00:00,23.32,23.32
2026-04-04T04:00:00,28.35,28.35
2026-04-04T05:00:00,24.05,24.05
2026-04-04T06:00:00,22.62,22.62
2026-04-04T07:00:00,17.56,17.56
2026-04-04T08:00:00,30.37,30.37
2026-04-04T09:00:00,29.3,29.3
2026-04-04T10:00:00,26.28,26.28
2026-04-04T11:00:00,24.18,24.18
2026-04-04T12:00:00,26.77,26.77
2026-04-04T13:00:00,27.59,27.59
2026-04-04T14:00:00,28.35,28.35
2026-04-04T15:00:00,29.86,29.86
2026-04-04T16:00:00,25.5,25.5
2026-04-04T17:00:00,29.93,29.93
2026-04-04T18:00:00,30.21,30.21
2026-04-04T19:00:00,33.26,33.26
2026-04-04T20:00:00,26.77,26.77
2026-04-04T21:00:00,30.21,30.21
2026-04-04T22:00:00,30.79,30.79
2026-04-04T23:00:00,33.97,33.97
2026-04-05T00:00:00,51.05,51.05
2026-04-05T01:00:00,50.0,50.0
2026-04-05T02:00:00,41.79,41.79
2026-04-05T03:00:00,37.0,37.0
2026-04-05T04:00:00,35.02,35.02
2026-04-05T05:00:00,35.02,35.02
2026-04-05T06:00:00,35.01,35.01
2026-04-05T07:00:00,35.01,35.01
2026-04-05T08:00:00,35.01,35.01
2026-04-05T09:00:00,35.01,35.01
2026-04-05T10:00:00,35.0,35.0
2026-04-05T11:00:00,35.0,35.0
2026-04-05T12:00:00,35.01,35.01
2026-04-05T13:00:00,35.01,35.01
2026-04-05T14:00:00,35.01,35.01
2026-04-05T15:00:00,35.0,35.0
2026-04-05T16:00:00,35.0,35.0
2026-04-05T17:00:00,35.0,35.0
2026-04-05T18:00:00,35.0,35.0
2026-04-05T19:00:00,35.0,35.0
2026-04-05T20:00:00,35.0,35.0
2026-04-05T21:00:00,35.0,35.0
2026-04-05T22:00:00,35.0,35.0
2026-04-05T23:00:00,35.0,35.0
2026-04-06T00:00:00,54.4,54.4
2026-04-06T01:00:00,50.9,50.9
2026-04-06T02:00:00,39.49,39.49
2026-04-06T03:00:00,36.44,36.44
2026-04-06T04:00:00,41.79,41.79
2026-04-06T05:00:00,40.93,40.93
2026-04-06T06:00:00,36.44,36.44
2026-04-06T07:00:00,35.01,35.01
2026-04-06T08:00:00,37.2,37.2
2026-04-06T09:00:00,35.02,35.02
2026-04-06T10:00:00,35.01,35.01
2026-04-06T11:00:00,35.01,35.01
2026-04-06T12:00:00,35.0,35.0
2026-04-06T13:00:00,35.0,35.0
2026-04-06T14:00:00,34.86,34.86
2026-04-06T15:00:00,34.86,34.86
2026-04-06T16:00:00,33.28,33.28
2026-04-06T17:00:00,33.5,33.5
2026-04-06T18:00:00,33.74,33.74
2026-04-06T19:00:00,35.0,35.0
2026-04-06T20:00:00,33.7,33.7
2026-04-06T21:00:00,34.18,34.18
2026-04-06T22:00:00,35.0,35.0
2026-04-06T23:00:00,35.01,35.01
2026-04-07T00:00:00,35.01,35.01
2026-04-07T01:00:00,35.01,35.01
2026-04-07T02:00:00,35.0,35.0
2026-04-07T03:00:00,23.9,23.9
2026-04-07T04:00:00,31.83,31.83
2026-04-07T05:00:00,31.0,31.0
2026-04-07T06:00:00,30.0,30.0
2026-04-07T07:00:00,23.89,23.89
2026-04-07T08:00:00,23.9,23.9
2026-04-07T09:00:00,23.64,23.64
2026-04-07T10:00:00,23.43,23.43
2026-04-07T11:00:00,23.25,23.25
2026-04-07T12:00:00,23.25,23.25
2026-04-07T13:00:00,23.12,23.12
2026-04-07T14:00:00,20.89,20.89
2026-04-07T15:00:00,23.12,23.12
2026-04-07T16:00:00,23.25,23.25
2026-04-07T17:00:00,23.38,23.38
2026-04-07T18:00:00,23.43,23.43
2026-04-07T19:00:00,23.64,23.64
2026-04-07T20:00:00,23.9,23.9
2026-04-07T21:00:00,29.67,29.67
2026-04-07T22:00:00,35.0,35.0
2026-04-07T23:00:00,35.0,35.0
2026-04-08T00:00:00,83.91,83.91
2026-04-08T01:00:00,75.7,75.7
2026-04-08T02:00:00,62.47,62.47
2026-04-08T03:00:00,59.5,59.5
2026-04-08T04:00:00,61.0,61.0
2026-04-08T05:00:00,60.49,60.49
2026-04-08T06:00:00,62.01,62.01
2026-04-08T07:00:00,59.3,59.3
2026-04-08T08:00:00,65.14,65.14
2026-04-08T09:00:00,62.34,62.34
2026-04-08T10:00:00,59.5,59.5
2026-04-08T11:00:00,58.78,58.78
2026-04-08T12:00:00,58.78,58.78
2026-04-08T13:00:00,59.02,59.02
2026-04-08T14:00:00,59.02,59.02
2026-04-08T15:00:00,59.02,59.02
2026-04-08T16:00:00,59.26,59.26
2026-04-08T17:00:00,59.26,59.26
2026-04-08T18:00:00,59.26,59.26
2026-04-08T19:00:00,59.5,59.5
2026-04-08T20:00:00,58.78,58.78
2026-04-08T21:00:00,59.02,59.02
2026-04-08T22:00:00,61.76,61.76
2026-04-08T23:00:00,73.69,73.69
2026-04-09T00:00:00,105.7,105.7
2026-04-09T01:00:00,98.7,98.7
2026-04-09T02:00:00,90.75,90.75
2026-04-09T03:00:00,85.28,85.28
2026-04-09T04:00:00,96.2,96.2
2026-04-09T05:00:00,90.75,90.75
2026-04-09T06:00:00,90.01,90.01
2026-04-09T07:00:00,86.2,86.2
2026-04-09T08:00:00,86.0,86.0
2026-04-09T09:00:00,82.0,82.0
2026-04-09T10:00:00,80.75,80.75
2026-04-09T11:00:00,74.0,74.0
2026-04-09T12:00:00,79.5,79.5
2026-04-09T13:00:00,75.71,75.71
2026-04-09T14:00:00,74.53,74.53
2026-04-09T15:00:00,74.0,74.0
2026-04-09T16:00:00,74.0,74.0
2026-04-09T17:00:00,73.9,73.9
2026-04-09T18:00:00,74.26,74.26
2026-04-09T19:00:00,74.53,74.53
2026-04-09T20:00:00,69.69,69.69
2026-04-09T21:00:00,72.23,72.23
2026-04-09T22:00:00,80.75,80.75
2026-04-09T23:00:00,82.0,82.0
2026-04-10T00:00:00,54.7,54.7
2026-04-10T01:00:00,51.2,51.2
2026-04-10T02:00:00,47.12,47.12
2026-04-10T03:00:00,38.9,38.9
2026-04-10T04:00:00,39.9,39.9
2026-04-10T05:00:00,38.9,38.9
2026-04-10T06:00:00,39.64,39.64
2026-04-10T07:00:00,39.51,39.51
2026-04-10T08:00:00,39.89,39.89
2026-04-10T09:00:00,39.77,39.77
2026-04-10T10:00:00,39.77,39.77
2026-04-10T11:00:00,39.77,39.77
2026-04-10T12:00:00,39.77,39.77
2026-04-10T13:00:00,39.77,39.77
2026-04-10T14:00:00,39.77,39.77
2026-04-10T15:00:00,39.89,39.89
2026-04-10T16:00:00,39.77,39.77
2026-04-10T17:00:00,39.89,39.89
2026-04-10T18:00:00,39.89,39.89
2026-04-10T19:00:00,39.9,39.9
2026-04-10T20:00:00,39.89,39.89
2026-04-10T21:00:00,40.0,40.0
2026-04-10T22:00:00,39.9,39.9
2026-04-10T23:00:00,50.2,50.2
2026-04-11T00:00:00,92.0,92.0
2026-04-11T01:00:00,84.0,84.0
2026-04-11T02:00:00,80.0,80.0
2026-04-11T03:00:00,71.77,71.77
2026-04-11T04:00:00,65.48,65.48
2026-04-11T05:00:00,65.2,65.2
2026-04-11T06:00:00,60.45,60.45
2026-04-11T07:00:00,55.0,55.0
2026-04-11T08:00:00,54.7,54.7
2026-04-11T09:00:00,50.9,50.9
2026-04-11T10:00:00,50.0,50.0
2026-04-11T11:00:00,50.0,50.0
2026-04-11T12:00:00,50.2,50.2
2026-04-11T13:00:00,50.0,50.0
2026-04-11T14:00:00,50.0,50.0
2026-04-11T15:00:00,45.0,45.0
2026-04-11T16:00:00,49.57,49.57
2026-04-11T17:00:00,42.18,42.18
2026-04-11T18:00:00,42.0,42.0
2026-04-11T19:00:00,39.93,39.93
2026-04-11T20:00:00,50.2,50.2
2026-04-11T21:00:00,50.0,50.0
2026-04-11T22:00:00,50.0,50.0
2026-04-11T23:00:00,50.0,50.0
2026-04-12T00:00:00,17.12,17.12
2026-04-12T01:00:00,17.0,17.0
2026-04-12T02:00:00,14.11,14.11
2026-04-12T03:00:00,12.4,12.4
2026-04-12T04:00:00,14.33,14.33
2026-04-12T05:00:00,10.7,10.7
2026-04-12T06:00:00,11.42,11.42
2026-04-12T07:00:00,7.73,7.73
2026-04-12T08:00:00,10.7,10.7
2026-04-12T09:00:00,7.26,7.26
2026-04-12T10:00:00,9.26,9.26
2026-04-12T11:00:00,10.53,10.53
2026-04-12T12:00:00,13.0,13.0
2026-04-12T13:00:00,11.63,11.63
2026-04-12T14:00:00,10.0,10.0
2026-04-12T15:00:00,9.12,9.12
2026-04-12T16:00:00,10.31,10.31
2026-04-12T17:00:00,11.6,11.6
2026-04-12T18:00:00,9.49,9.49
2026-04-12T19:00:00,10.7,10.7
2026-04-12T20:00:00,11.59,11.59
2026-04-12T21:00:00,10.58,10.58
2026-04-12T22:00:00,10.0,10.0
2026-04-12T23:00:00,11.1,11.1
2026-04-13T00:00:00,35.01,35.01
2026-04-13T01:00:00,35.01,35.01
2026-04-13T02:00:00,30.69,30.69
2026-04-13T03:00:00,20.0,20.0
2026-04-13T04:00:00,26.02,26.02
2026-04-13T05:00:00,17.12,17.12
2026-04-13T06:00:00,16.55,16.55
2026-04-13T07:00:00,15.9,15.9
2026-04-13T08:00:00,15.0,15.0
2026-04-13T09:00:00,15.0,15.0
2026-04-13T10:00:00,14.0,14.0
2026-04-13T11:00:00,14.0,14.0
2026-04-13T12:00:00,11.1,11.1
2026-04-13T13:00:00,10.53,10.53
2026-04-13T14:00:00,9.92,9.92
2026-04-13T15:00:00,10.0,10.0
2026-04-13T16:00:00,7.39,7.39
2026-04-13T17:00:00,7.39,7.39
2026-04-13T18:00:00,7.5,7.5
2026-04-13T19:00:00,8.9,8.9
2026-04-13T20:00:00,10.0,10.0
2026-04-13T21:00:00,11.23,11.23
2026-04-13T22:00:00,14.0,14.0
2026-04-13T23:00:00,17.12,17.12
2026-04-14T00:00:00,71.27,71.27
2026-04-14T01:00:00,65.36,65.36
2026-04-14T02:00:00,63.78,63.78
2026-04-14T03:00:00,61.5,61.5
2026-04-14T04:00:00,65.05,65.05
2026-04-14T05:00:00,61.74,61.74
2026-04-14T06:00:00,61.26,61.26
2026-04-14T07:00:00,60.3,60.3
2026-04-14T08:00:00,69.0,69.0
2026-04-14T09:00:00,65.2,65.2
2026-04-14T10:00:00,64.9,64.9
2026-04-14T11:00:00,55.0,55.0
2026-04-14T12:00:00,64.9,64.9
2026-04-14T13:00:00,60.0,60.0
2026-04-14T14:00:00,56.22,56.22
2026-04-14T15:00:00,55.31,55.31
2026-04-14T16:00:00,55.0,55.0
2026-04-14T17:00:00,55.0,55.0
2026-04-14T18:00:00,59.0,59.0
2026-04-14T19:00:00,60.0,60.0
2026-04-14T20:00:00,60.0,60.0
2026-04-14T21:00:00,60.3,60.3
2026-04-14T22:00:00,61.02,61.02
2026-04-14T23:00:00,61.74,61.74
2026-04-15T00:00:00,112.45,112.45
2026-04-15T01:00:00,107.63,107.63
2026-04-15T02:00:00,100.98,100.98
2026-04-15T03:00:00,93.9,93.9
2026-04-15T04:00:00,95.9,95.9
2026-04-15T05:00:00,93.34,93.34
2026-04-15T06:00:00,92.06,92.06
2026-04-15T07:00:00,85.0,85.0
2026-04-15T08:00:00,88.9,88.9
2026-04-15T09:00:00,82.9,82.9
2026-04-15T10:00:00,82.9,82.9
2026-04-15T11:00:00,81.87,81.87
2026-04-15T12:00:00,75.43,75.43
2026-04-15T13:00:00,74.33,74.33
2026-04-15T14:00:00,74.09,74.09
2026-04-15T15:00:00,74.09,74.09
2026-04-15T16:00:00,74.09,74.09
2026-04-15T17:00:00,74.09,74.09
2026-04-15T18:00:00,74.81,74.81
2026-04-15T19:00:00,75.01,75.01
2026-04-15T20:00:00,74.57,74.57
2026-04-15T21:00:00,75.43,75.43
2026-04-15T22:00:00,76.75,76.75
2026-04-15T23:00:00,82.9,82.9
2026-04-16T00:00:00,101.0,101.0
2026-04-16T01:00:00,94.74,94.74
2026-04-16T02:00:00,93.06,93.06
2026-04-16T03:00:00,89.86,89.86
2026-04-16T04:00:00,90.99,90.99
2026-04-16T05:00:00,89.85,89.85
2026-04-16T06:00:00,89.7,89.7
2026-04-16T07:00:00,88.08,88.08
2026-04-16T08:00:00,89.96,89.96
2026-04-16T09:00:00,88.99,88.99
2026-04-16T10:00:00,88.99,88.99
2026-04-16T11:00:00,88.99,88.99
2026-04-16T12:00:00,89.65,89.65
2026-04-16T13:00:00,88.99,88.99
2026-04-16T14:00:00,88.99,88.99
2026-04-16T15:00:00,89.44,89.44
2026-04-16T16:00:00,89.85,89.85
2026-04-16T17:00:00,89.99,89.99
2026-04-16T18:00:00,90.0,90.0
2026-04-16T19:00:00,91.0,91.0
2026-04-16T20:00:00,89.99,89.99
2026-04-16T21:00:00,90.99,90.99
2026-04-16T22:00:00,92.43,92.43
2026-04-16T23:00:00,96.38,96.38
2026-04-17T00:00:00,128.48,128.48
2026-04-17T01:00:00,123.41,123.41
2026-04-17T02:00:00,115.01,115.01
2026-04-17T03:00:00,112.77,112.77
2026-04-17T04:00:00,118.0,118.0
2026-04-17T05:00:00,115.01,115.01
2026-04-17T06:00:00,113.79,113.79
2026-04-17T07:00:00,112.77,112.77
2026-04-17T08:00:00,113.04,113.04
2026-04-17T09:00:00,112.77,112.77
2026-04-17T10:00:00,112.31,112.31
2026-04-17T11:00:00,112.01,112.01
2026-04-17T12:00:00,109.22,109.22
2026-04-17T13:00:00,105.27,105.27
2026-04-17T14:00:00,105.27,105.27
2026-04-17T15:00:00,104.35,104.35
2026-04-17T16:00:00,104.35,104.35
2026-04-17T17:00:00,104.35,104.35
2026-04-17T18:00:00,104.35,104.35
2026-04-17T19:00:00,105.27,105.27
2026-04-17T20:00:00,105.27,105.27
2026-04-17T21:00:00,106.51,106.51
2026-04-17T22:00:00,112.77,112.77
2026-04-17T23:00:00,112.77,112.77
2026-04-18T00:00:00,107.65,107.65
2026-04-18T01:00:00,105.23,105.23
2026-04-18T02:00:00,87.5,87.5
2026-04-18T03:00:00,86.15,86.15
2026-04-18T04:00:00,100.93,100.93
2026-04-18T05:00:00,89.31,89.31
2026-04-18T06:00:00,88.4,88.4
2026-04-18T07:00:00,85.18,85.18
2026-04-18T08:00:00,85.18,85.18
2026-04-18T09:00:00,84.0,84.0
2026-04-18T10:00:00,83.15,83.15
2026-04-18T11:00:00,80.8,80.8
2026-04-18T12:00:00,80.68,80.68
2026-04-18T13:00:00,76.34,76.34
2026-04-18T14:00:00,77.1,77.1
2026-04-18T15:00:00,74.85,74.85
2026-04-18T16:00:00,75.1,75.1
2026-04-18T17:00:00,75.15,75.15
2026-04-18T18:00:00,75.06,75.06
2026-04-18T19:00:00,74.85,74.85
2026-04-18T20:00:00,76.34,76.34
2026-04-18T21:00:00,75.15,75.15
2026-04-18T22:00:00,75.32,75.32
2026-04-18T23:00:00,80.0,80.0
2026-04-19T00:00:00,84.8,84.8
2026-04-19T01:00:00,82.0,82.0
2026-04-19T02:00:00,60.0,60.0
2026-04-19T03:00:00,52.8,52.8
2026-04-19T04:00:00,69.85,69.85
2026-04-19T05:00:00,60.01,60.01
2026-04-19T06:00:00,60.0,60.0
2026-04-19T07:00:00,52.0,52.0
2026-04-19T08:00:00,69.85,69.85
2026-04-19T09:00:00,52.0,52.0
2026-04-19T10:00:00,49.18,49.18
2026-04-19T11:00:00,45.56,45.56
2026-04-19T12:00:00,51.1,51.1
2026-04-19T13:00:00,49.0,49.0
2026-04-19T14:00:00,46.7,46.7
2026-04-19T15:00:00,49.0,49.0
2026-04-19T16:00:00,45.56,45.56
2026-04-19T17:00:00,45.0,45.0
2026-04-19T18:00:00,45.53,45.53
2026-04-19T19:00:00,46.53,46.53
2026-04-19T20:00:00,56.99,56.99
2026-04-19T21:00:00,58.63,58.63
2026-04-19T22:00:00,57.0,57.0
2026-04-19T23:00:00,60.1,60.1
2026-04-20T00:00:00,85.0,85.0
2026-04-20T01:00:00,81.14,81.14
2026-04-20T02:00:00,79.97,79.97
2026-04-20T03:00:00,77.99,77.99
2026-04-20T04:00:00,78.2,78.2
2026-04-20T05:00:00,75.75,75.75
2026-04-20T06:00:00,75.3,75.3
2026-04-20T07:00:00,74.36,74.36
2026-04-20T08:00:00,75.2,75.2
2026-04-20T09:00:00,75.0,75.0
2026-04-20T10:00:00,74.36,74.36
2026-04-20T11:00:00,74.3,74.3
2026-04-20T12:00:00,72.78,72.78
2026-04-20T13:00:00,72.78,72.78
2026-04-20T14:00:00,72.78,72.78
2026-04-20T15:00:00,72.78,72.78
2026-04-20T16:00:00,72.78,72.78
2026-04-20T17:00:00,74.3,74.3
2026-04-20T18:00:00,74.36,74.36
2026-04-20T19:00:00,75.07,75.07
2026-04-20T20:00:00,75.15,75.15
2026-04-20T21:00:00,75.45,75.45
2026-04-20T22:00:00,75.94,75.94
2026-04-20T23:00:00,79.97,79.97
2026-04-21T00:00:00,92.98,92.98
2026-04-21T01:00:00,90.0,90.0
2026-04-21T02:00:00,87.08,87.08
2026-04-21T03:00:00,81.14,81.14
2026-04-21T04:00:00,84.0,84.0
2026-04-21T05:00:00,79.94,79.94
2026-04-21T06:00:00,78.48,78.48
2026-04-21T07:00:00,77.26,77.26
2026-04-21T08:00:00,77.02,77.02
2026-04-21T09:00:00,76.78,76.78
2026-04-21T10:00:00,76.3,76.3
2026-04-21T11:00:00,75.23,75.23
2026-04-21T12:00:00,75.22,75.22
2026-04-21T13:00:00,75.18,75.18
2026-04-21T14:00:00,74.0,74.0
2026-04-21T15:00:00,72.73,72.73
2026-04-21T16:00:00,72.28,72.28
2026-04-21T17:00:00,72.28,72.28
2026-04-21T18:00:00,72.28,72.28
2026-04-21T19:00:00,72.28,72.28
2026-04-21T20:00:00,72.13,72.13
2026-04-21T21:00:00,72.28,72.28
2026-04-21T22:00:00,72.73,72.73
2026-04-21T23:00:00,75.2,75.2
2026-04-22T00:00:00,91.57,91.57
2026-04-22T01:00:00,86.27,86.27
2026-04-22T02:00:00,79.94,79.94
2026-04-22T03:00:00,77.09,77.09
2026-04-22T04:00:00,78.36,78.36
2026-04-22T05:00:00,76.5,76.5
2026-04-22T06:00:00,75.78,75.78
2026-04-22T07:00:00,75.3,75.3
2026-04-22T08:00:00,75.2,75.2
2026-04-22T09:00:00,74.0,74.0
2026-04-22T10:00:00,72.91,72.91
2026-04-22T11:00:00,70.97,70.97
2026-04-22T12:00:00,74.57,74.57
2026-04-22T13:00:00,74.27,74.27
2026-04-22T14:00:00,73.97,73.97
2026-04-22T15:00:00,72.73,72.73
2026-04-22T16:00:00,72.28,72.28
2026-04-22T17:00:00,72.13,72.13
2026-04-22T18:00:00,72.28,72.28
2026-04-22T19:00:00,73.97,73.97
2026-04-22T20:00:00,70.43,70.43
2026-04-22T21:00:00,72.13,72.13
2026-04-22T22:00:00,74.57,74.57
2026-04-22T23:00:00,75.78,75.78
2026-04-23T00:00:00,95.47,95.47
2026-04-23T01:00:00,91.27,91.27
2026-04-23T02:00:00,86.01,86.01
2026-04-23T03:00:00,83.36,83.36
2026-04-23T04:00:00,81.82,81.82
2026-04-23T05:00:00,81.26,81.26
2026-04-23T06:00:00,81.22,81.22
2026-04-23T07:00:00,81.02,81.02
2026-04-23T08:00:00,83.36,83.36
2026-04-23T09:00:00,81.78,81.78
2026-04-23T10:00:00,81.5,81.5
2026-04-23T11:00:00,81.26,81.26
2026-04-23T12:00:00,81.26,81.26
2026-04-23T13:00:00,81.22,81.22
2026-04-23T14:00:00,81.02,81.02
2026-04-23T15:00:00,81.02,81.02
2026-04-23T16:00:00,80.92,80.92
2026-04-23T17:00:00,80.78,80.78
2026-04-23T18:00:00,80.78,80.78
2026-04-23T19:00:00,80.92,80.92
2026-04-23T20:00:00,80.54,80.54
2026-04-23T21:00:00,80.62,80.62
2026-04-23T22:00:00,80.78,80.78
2026-04-23T23:00:00,81.5,81.5
2026-04-24T00:00:00,85.56,85.56
2026-04-24T01:00:00,85.26,85.26
2026-04-24T02:00:00,83.36,83.36
2026-04-24T03:00:00,82.5,82.5
2026-04-24T04:00:00,84.0,84.0
2026-04-24T05:00:00,83.36,83.36
2026-04-24T06:00:00,82.26,82.26
2026-04-24T07:00:00,82.02,82.02
2026-04-24T08:00:00,81.78,81.78
2026-04-24T09:00:00,81.78,81.78
2026-04-24T10:00:00,81.78,81.78
2026-04-24T11:00:00,81.78,81.78
2026-04-24T12:00:00,81.54,81.54
2026-04-24T13:00:00,81.78,81.78
2026-04-24T14:00:00,81.78,81.78
2026-04-24T15:00:00,81.78,81.78
2026-04-24T16:00:00,81.78,81.78
2026-04-24T17:00:00,81.78,81.78
2026-04-24T18:00:00,82.02,82.02
2026-04-24T19:00:00,82.5,82.5
2026-04-24T20:00:00,82.5,82.5
2026-04-24T21:00:00,83.36,83.36
2026-04-24T22:00:00,85.41,85.41
2026-04-24T23:00:00,86.61,86.61
2026-04-25T00:00:00,95.47,95.47
2026-04-25T01:00:00,93.99,93.99
2026-04-25T02:00:00,90.69,90.69
2026-04-25T03:00:00,89.5,89.5
2026-04-25T04:00:00,90.69,90.69
2026-04-25T05:00:00,89.5,89.5
2026-04-25T06:00:00,89.02,89.02
2026-04-25T07:00:00,89.02,89.02
2026-04-25T08:00:00,89.07,89.07
2026-04-25T09:00:00,88.94,88.94
2026-04-25T10:00:00,88.78,88.78
2026-04-25T11:00:00,88.54,88.54
2026-04-25T12:00:00,89.5,89.5
2026-04-25T13:00:00,89.26,89.26
2026-04-25T14:00:00,89.07,89.07
2026-04-25T15:00:00,89.02,89.02
2026-04-25T16:00:00,89.07,89.07
2026-04-25T17:00:00,89.02,89.02
2026-04-25T18:00:00,89.0,89.0
2026-04-25T19:00:00,88.94,88.94
2026-04-25T20:00:00,88.77,88.77
2026-04-25T21:00:00,88.77,88.77
2026-04-25T22:00:00,88.54,88.54
2026-04-25T23:00:00,88.54,88.54
2026-04-26T00:00:00,81.02,81.02
2026-04-26T01:00:00,80.54,80.54
2026-04-26T02:00:00,79.2,79.2
2026-04-26T03:00:00,69.36,69.36
2026-04-26T04:00:00,64.78,64.78
2026-04-26T05:00:00,63.63,63.63
2026-04-26T06:00:00,59.9,59.9
2026-04-26T07:00:00,55.3,55.3
2026-04-26T08:00:00,60.8,60.8
2026-04-26T09:00:00,60.0,60.0
2026-04-26T10:00:00,50.0,50.0
2026-04-26T11:00:00,50.0,50.0
2026-04-26T12:00:00,50.0,50.0
2026-04-26T13:00:00,50.0,50.0
2026-04-26T14:00:00,47.99,47.99
2026-04-26T15:00:00,50.0,50.0
2026-04-26T16:00:00,50.0,50.0
2026-04-26T17:00:00,50.0,50.0
2026-04-26T18:00:00,50.0,50.0
2026-04-26T19:00:00,50.0,50.0
2026-04-26T20:00:00,50.0,50.0
2026-04-26T21:00:00,50.0,50.0
2026-04-26T22:00:00,54.0,54.0
2026-04-26T23:00:00,60.1,60.1
2026-04-27T00:00:00,84.99,84.99
2026-04-27T01:00:00,81.3,81.3
2026-04-27T02:00:00,80.58,80.58
2026-04-27T03:00:00,80.1,80.1
2026-04-27T04:00:00,80.47,80.47
2026-04-27T05:00:00,80.1,80.1
2026-04-27T06:00:00,78.04,78.04
2026-04-27T07:00:00,72.99,72.99
2026-04-27T08:00:00,69.36,69.36
2026-04-27T09:00:00,65.0,65.0
2026-04-27T10:00:00,61.01,61.01
2026-04-27T11:00:00,60.0,60.0
2026-04-27T12:00:00,64.01,64.01
2026-04-27T13:00:00,57.0,57.0
2026-04-27T14:00:00,57.0,57.0
2026-04-27T15:00:00,57.0,57.0
2026-04-27T16:00:00,53.02,53.02
2026-04-27T17:00:00,53.02,53.02
2026-04-27T18:00:00,54.8,54.8
2026-04-27T19:00:00,59.0,59.0
2026-04-27T20:00:00,60.0,60.0
2026-04-27T21:00:00,60.0,60.0
2026-04-27T22:00:00,78.04,78.04
2026-04-27T23:00:00,80.34,80.34
2026-04-28T00:00:00,87.57,87.57
2026-04-28T01:00:00,84.26,84.26
2026-04-28T02:00:00,83.54,83.54
2026-04-28T03:00:00,80.49,80.49
2026-04-28T04:00:00,82.2,82.2
2026-04-28T05:00:00,80.49,80.49
2026-04-28T06:00:00,80.0,80.0
2026-04-28T07:00:00,75.86,75.86
2026-04-28T08:00:00,78.07,78.07
2026-04-28T09:00:00,77.0,77.0
2026-04-28T10:00:00,75.86,75.86
2026-04-28T11:00:00,75.3,75.3
2026-04-28T12:00:00,75.0,75.0
2026-04-28T13:00:00,74.0,74.0
2026-04-28T14:00:00,74.0,74.0
2026-04-28T15:00:00,75.0,75.0
2026-04-28T16:00:00,72.1,72.1
2026-04-28T17:00:00,74.0,74.0
2026-04-28T18:00:00,75.3,75.3
2026-04-28T19:00:00,75.9,75.9
2026-04-28T20:00:00,72.1,72.1
2026-04-28T21:00:00,75.3,75.3
2026-04-28T22:00:00,80.0,80.0
2026-04-28T23:00:00,83.3,83.3
2026-04-29T00:00:00,104.5,104.5
2026-04-29T01:00:00,100.0,100.0
2026-04-29T02:00:00,95.63,95.63
2026-04-29T03:00:00,94.0,94.0
2026-04-29T04:00:00,94.01,94.01
2026-04-29T05:00:00,94.0,94.0
2026-04-29T06:00:00,92.0,92.0
2026-04-29T07:00:00,90.38,90.38
2026-04-29T08:00:00,90.0,90.0
2026-04-29T09:00:00,89.5,89.5
2026-04-29T10:00:00,90.0,90.0
2026-04-29T11:00:00,89.5,89.5
2026-04-29T12:00:00,89.5,89.5
2026-04-29T13:00:00,89.34,89.34
2026-04-29T14:00:00,89.26,89.26
2026-04-29T15:00:00,89.26,89.26
2026-04-29T16:00:00,89.02,89.02
2026-04-29T17:00:00,89.02,89.02
2026-04-29T18:00:00,89.25,89.25
2026-04-29T19:00:00,89.26,89.26
2026-04-29T20:00:00,89.5,89.5
2026-04-29T21:00:00,90.38,90.38
2026-04-29T22:00:00,91.4,91.4
2026-04-29T23:00:00,94.64,94.64
2026-04-30T00:00:00,104.54,104.54
2026-04-30T01:00:00,102.99,102.99
2026-04-30T02:00:00,98.53,98.53
2026-04-30T03:00:00,93.4,93.4
2026-04-30T04:00:00,104.32,104.32
2026-04-30T05:00:00,100.99,100.99
2026-04-30T06:00:00,100.0,100.0
2026-04-30T07:00:00,96.56,96.56
2026-04-30T08:00:00,100.0,100.0
2026-04-30T09:00:00,95.47,95.47
2026-04-30T10:00:00,95.0,95.0
2026-04-30T11:00:00,94.0,94.0
2026-04-30T12:00:00,95.0,95.0
2026-04-30T13:00:00,95.0,95.0
2026-04-30T14:00:00,95.4,95.4
2026-04-30T15:00:00,95.47,95.47
2026-04-30T16:00:00,95.0,95.0
2026-04-30T17:00:00,95.47,95.47
2026-04-30T18:00:00,100.0,100.0
2026-04-30T19:00:00,99.99,99.99
2026-04-30T20:00:00,93.4,93.4
2026-04-30T21:00:00,93.99,93.99
2026-04-30T22:00:00,95.99,95.99
2026-04-30T23:00:00,103.48,103.48
2026-05-01T00:00:00,109.54,109.54
2026-05-01T01:00:00,108.5,108.5
2026-05-01T02:00:00,107.5,107.5
2026-05-01T03:00:00,105.0,105.0
2026-05-01T04:00:00,103.74,103.74
2026-05-01T05:00:00,103.2,103.2
2026-05-01T06:00:00,102.78,102.78
2026-05-01T07:00:00,102.3,102.3
2026-05-01T08:00:00,103.26,103.26
2026-05-01T09:00:00,103.02,103.02
2026-05-01T10:00:00,102.78,102.78
2026-05-01T11:00:00,102.54,102.54
2026-05-01T12:00:00,102.78,102.78
2026-05-01T13:00:00,102.54,102.54
2026-05-01T14:00:00,102.54,102.54
2026-05-01T15:00:00,102.5,102.5
2026-05-01T16:00:00,102.3,102.3
2026-05-01T17:00:00,102.3,102.3
2026-05-01T18:00:00,102.3,102.3
2026-05-01T19:00:00,102.3,102.3
2026-05-01T20:00:00,102.78,102.78
2026-05-01T21:00:00,102.54,102.54
2026-05-01T22:00:00,102.78,102.78
2026-05-01T23:00:00,102.78,102.78
2026-05-02T00:00:00,92.94,92.94
2026-05-02T01:00:00,89.78,89.78
2026-05-02T02:00:00,83.5,83.5
2026-05-02T03:00:00,83.08,83.08
2026-05-02T04:00:00,87.5,87.5
2026-05-02T05:00:00,84.7,84.7
2026-05-02T06:00:00,83.83,83.83
2026-05-02T07:00:00,83.74,83.74
2026-05-02T08:00:00,83.23,83.23
2026-05-02T09:00:00,82.3,82.3
2026-05-02T10:00:00,60.38,60.38
2026-05-02T11:00:00,55.49,55.49
2026-05-02T12:00:00,54.3,54.3
2026-05-02T13:00:00,54.17,54.17
2026-05-02T14:00:00,54.04,54.04
2026-05-02T15:00:00,54.04,54.04
2026-05-02T16:00:00,55.28,55.28
2026-05-02T17:00:00,54.3,54.3
2026-05-02T18:00:00,54.17,54.17
2026-05-02T19:00:00,54.3,54.3
2026-05-02T20:00:00,54.17,54.17
2026-05-02T21:00:00,54.17,54.17
2026-05-02T22:00:00,54.17,54.17
2026-05-02T23:00:00,55.03,55.03
2026-05-03T00:00:00,89.5,89.5
2026-05-03T01:00:00,87.0,87.0
2026-05-03T02:00:00,85.8,85.8
2026-05-03T03:00:00,85.0,85.0
2026-05-03T04:00:00,85.0,85.0
2026-05-03T05:00:00,81.36,81.36
2026-05-03T06:00:00,80.0,80.0
2026-05-03T07:00:00,78.2,78.2
2026-05-03T08:00:00,79.5,79.5
2026-05-03T09:00:00,78.2,78.2
2026-05-03T10:00:00,75.5,75.5
2026-05-03T11:00:00,67.0,67.0
2026-05-03T12:00:00,78.2,78.2
2026-05-03T13:00:00,75.07,75.07
2026-05-03T14:00:00,75.0,75.0
2026-05-03T15:00:00,74.79,74.79
2026-05-03T16:00:00,65.47,65.47
2026-05-03T17:00:00,65.47,65.47
2026-05-03T18:00:00,69.5,69.5
2026-05-03T19:00:00,75.0,75.0
2026-05-03T20:00:00,57.11,57.11
2026-05-03T21:00:00,57.11,57.11
2026-05-03T22:00:00,60.0,60.0
2026-05-03T23:00:00,60.0,60.0
2026-05-04T00:00:00,120.8,120.8
2026-05-04T01:00:00,120.05,120.05
2026-05-04T02:00:00,111.82,111.82
2026-05-04T03:00:00,106.62,106.62
2026-05-04T04:00:00,109.83,109.83
2026-05-04T05:00:00,104.69,104.69
2026-05-04T06:00:00,104.61,104.61
2026-05-04T07:00:00,101.35,101.35
2026-05-04T08:00:00,101.54,101.54
2026-05-04T09:00:00,99.78,99.78
2026-05-04T10:00:00,95.0,95.0
2026-05-04T11:00:00,93.46,93.46
2026-05-04T12:00:00,96.34,96.34
2026-05-04T13:00:00,94.44,94.44
2026-05-04T14:00:00,93.46,93.46
2026-05-04T15:00:00,92.56,92.56
2026-05-04T16:00:00,94.11,94.11
2026-05-04T17:00:00,94.94,94.94
2026-05-04T18:00:00,94.18,94.18
2026-05-04T19:00:00,95.47,95.47
2026-05-04T20:00:00,99.78,99.78
2026-05-04T21:00:00,101.36,101.36
2026-05-04T22:00:00,101.78,101.78
2026-05-04T23:00:00,102.74,102.74
2026-05-05T00:00:00,115.23,115.23
2026-05-05T01:00:00,110.04,110.04
2026-05-05T02:00:00,105.19,105.19
2026-05-05T03:00:00,101.5,101.5
2026-05-05T04:00:00,105.1,105.1
2026-05-05T05:00:00,101.5,101.5
2026-05-05T06:00:00,101.74,101.74
2026-05-05T07:00:00,100.78,100.78
2026-05-05T08:00:00,100.54,100.54
2026-05-05T09:00:00,98.2,98.2
2026-05-05T10:00:00,97.99,97.99
2026-05-05T11:00:00,97.0,97.0
2026-05-05T12:00:00,99.78,99.78
2026-05-05T13:00:00,98.2,98.2
2026-05-05T14:00:00,98.2,98.2
2026-05-05T15:00:00,98.2,98.2
2026-05-05T16:00:00,98.2,98.2
2026-05-05T17:00:00,98.2,98.2
2026-05-05T18:00:00,99.78,99.78
2026-05-05T19:00:00,100.21,100.21
2026-05-05T20:00:00,100.78,100.78
2026-05-05T21:00:00,101.0,101.0
2026-05-05T22:00:00,101.02,101.02
2026-05-05T23:00:00,101.26,101.26
2026-05-06T00:00:00,119.35,119.35
2026-05-06T01:00:00,117.81,117.81
2026-05-06T02:00:00,112.47,112.47
2026-05-06T03:00:00,110.0,110.0
2026-05-06T04:00:00,111.02,111.02
2026-05-06T05:00:00,107.14,107.14
2026-05-06T06:00:00,108.01,108.01
2026-05-06T07:00:00,107.51,107.51
2026-05-06T08:00:00,110.54,110.54
2026-05-06T09:00:00,108.84,108.84
2026-05-06T10:00:00,108.0,108.0
2026-05-06T11:00:00,107.29,107.29
2026-05-06T12:00:00,107.5,107.5
2026-05-06T13:00:00,107.22,107.22
2026-05-06T14:00:00,109.2,109.2
2026-05-06T15:00:00,109.2,109.2
2026-05-06T16:00:00,108.84,108.84
2026-05-06T17:00:00,109.2,109.2
2026-05-06T18:00:00,109.2,109.2
2026-05-06T19:00:00,109.2,109.2
2026-05-06T20:00:00,109.2,109.2
2026-05-06T21:00:00,108.01,108.01
2026-05-06T22:00:00,110.0,110.0
2026-05-06T23:00:00,110.78,110.78
2026-05-07T00:00:00,132.74,132.74
2026-05-07T01:00:00,126.0,126.0
2026-05-07T02:00:00,123.09,123.09
2026-05-07T03:00:00,118.99,118.99
2026-05-07T04:00:00,118.17,118.17
2026-05-07T05:00:00,116.5,116.5
2026-05-07T06:00:00,116.02,116.02
2026-05-07T07:00:00,115.3,115.3
2026-05-07T08:00:00,114.48,114.48
2026-05-07T09:00:00,113.63,113.63
2026-05-07T10:00:00,114.23,114.23
2026-05-07T11:00:00,113.02,113.02
2026-05-07T12:00:00,111.18,111.18
2026-05-07T13:00:00,108.68,108.68
2026-05-07T14:00:00,107.0,107.0
2026-05-07T15:00:00,108.2,108.2
2026-05-07T16:00:00,106.76,106.76
2026-05-07T17:00:00,107.0,107.0
2026-05-07T18:00:00,108.72,108.72
2026-05-07T19:00:00,110.0,110.0
2026-05-07T20:00:00,111.8,111.8
2026-05-07T21:00:00,114.23,114.23
2026-05-07T22:00:00,115.54,115.54
2026-05-07T23:00:00,117.75,117.75
2026-05-08T00:00:00,111.85,111.85
2026-05-08T01:00:00,111.5,111.5
2026-05-08T02:00:00,107.2,107.2
2026-05-08T03:00:00,104.24,104.24
2026-05-08T04:00:00,107.9,107.9
2026-05-08T05:00:00,105.55,105.55
2026-05-08T06:00:00,104.47,104.47
2026-05-08T07:00:00,104.24,104.24
2026-05-08T08:00:00,104.4,104.4
2026-05-08T09:00:00,102.55,102.55
2026-05-08T10:00:00,101.02,101.02
2026-05-08T11:00:00,100.0,100.0
2026-05-08T12:00:00,104.05,104.05
2026-05-08T13:00:00,103.59,103.59
2026-05-08T14:00:00,103.37,103.37
2026-05-08T15:00:00,102.55,102.55
2026-05-08T16:00:00,102.04,102.04
2026-05-08T17:00:00,101.37,101.37
2026-05-08T18:00:00,101.0,101.0
2026-05-08T19:00:00,101.04,101.04
2026-05-08T20:00:00,101.02,101.02
2026-05-08T21:00:00,100.1,100.1
2026-05-08T22:00:00,102.55,102.55
2026-05-08T23:00:00,104.05,104.05
2026-05-09T00:00:00,84.85,84.85
2026-05-09T01:00:00,84.37,84.37
2026-05-09T02:00:00,72.0,72.0
2026-05-09T03:00:00,68.5,68.5
2026-05-09T04:00:00,68.26,68.26
2026-05-09T05:00:00,67.54,67.54
2026-05-09T06:00:00,64.73,64.73
2026-05-09T07:00:00,56.44,56.44
2026-05-09T08:00:00,60.0,60.0
2026-05-09T09:00:00,40.83,40.83
2026-05-09T10:00:00,38.55,38.55
2026-05-09T11:00:00,35.02,35.02
2026-05-09T12:00:00,35.02,35.02
2026-05-09T13:00:00,35.02,35.02
2026-05-09T14:00:00,35.02,35.02
2026-05-09T15:00:00,35.02,35.02
2026-05-09T16:00:00,35.02,35.02
2026-05-09T17:00:00,35.01,35.01
2026-05-09T18:00:00,35.01,35.01
2026-05-09T19:00:00,35.01,35.01
2026-05-09T20:00:00,35.02,35.02
2026-05-09T21:00:00,35.01,35.01
2026-05-09T22:00:00,35.02,35.02
2026-05-09T23:00:00,35.01,35.01
2026-05-10T00:00:00,46.48,46.48
2026-05-10T01:00:00,42.07,42.07
2026-05-10T02:00:00,35.02,35.02
2026-05-10T03:00:00,35.01,35.01
2026-05-10T04:00:00,35.01,35.01
2026-05-10T05:00:00,35.01,35.01
2026-05-10T06:00:00,35.01,35.01
2026-05-10T07:00:00,30.0,30.0
2026-05-10T08:00:00,20.0,20.0
2026-05-10T09:00:00,17.76,17.76
2026-05-10T10:00:00,18.0,18.0
2026-05-10T11:00:00,16.5,16.5
2026-05-10T12:00:00,14.69,14.69
2026-05-10T13:00:00,14.48,14.48
2026-05-10T14:00:00,14.48,14.48
2026-05-10T15:00:00,14.23,14.23
2026-05-10T16:00:00,16.06,16.06
2026-05-10T17:00:00,16.17,16.17
2026-05-10T18:00:00,16.06,16.06
2026-05-10T19:00:00,16.14,16.14
2026-05-10T20:00:00,16.17,16.17
2026-05-10T21:00:00,16.28,16.28
2026-05-10T22:00:00,16.39,16.39
2026-05-10T23:00:00,16.5,16.5
2026-05-11T00:00:00,61.94,61.94
2026-05-11T01:00:00,60.26,60.26
2026-05-11T02:00:00,59.54,59.54
2026-05-11T03:00:00,58.75,58.75
2026-05-11T04:00:00,58.75,58.75
2026-05-11T05:00:00,58.3,58.3
2026-05-11T06:00:00,57.2,57.2
2026-05-11T07:00:00,51.76,51.76
2026-05-11T08:00:00,58.15,58.15
2026-05-11T09:00:00,57.2,57.2
2026-05-11T10:00:00,56.03,56.03
2026-05-11T11:00:00,50.55,50.55
2026-05-11T12:00:00,54.5,54.5
2026-05-11T13:00:00,53.75,53.75
2026-05-11T14:00:00,50.0,50.0
2026-05-11T15:00:00,50.26,50.26
2026-05-11T16:00:00,36.22,36.22
2026-05-11T17:00:00,39.83,39.83
2026-05-11T18:00:00,40.83,40.83
2026-05-11T19:00:00,48.35,48.35
2026-05-11T20:00:00,56.03,56.03
2026-05-11T21:00:00,57.2,57.2
2026-05-11T22:00:00,58.3,58.3
2026-05-11T23:00:00,59.2,59.2
2026-05-12T00:00:00,111.47,111.47
2026-05-12T01:00:00,109.48,109.48
2026-05-12T02:00:00,108.18,108.18
2026-05-12T03:00:00,105.53,105.53
2026-05-12T04:00:00,107.03,107.03
2026-05-12T05:00:00,105.53,105.53
2026-05-12T06:00:00,105.02,105.02
2026-05-12T07:00:00,103.45,103.45
2026-05-12T08:00:00,102.0,102.0
2026-05-12T09:00:00,100.0,100.0
2026-05-12T10:00:00,98.0,98.0
2026-05-12T11:00:00,98.22,98.22
2026-05-12T12:00:00,100.0,100.0
2026-05-12T13:00:00,98.89,98.89
2026-05-12T14:00:00,98.0,98.0
2026-05-12T15:00:00,98.0,98.0
2026-05-12T16:00:00,99.5,99.5
2026-05-12T17:00:00,98.19,98.19
2026-05-12T18:00:00,99.0,99.0
2026-05-12T19:00:00,100.0,100.0
2026-05-12T20:00:00,101.43,101.43
2026-05-12T21:00:00,102.0,102.0
2026-05-12T22:00:00,103.59,103.59
2026-05-12T23:00:00,105.0,105.0
2026-05-13T00:00:00,93.3,93.3
2026-05-13T01:00:00,84.55,84.55
2026-05-13T02:00:00,82.85,82.85
2026-05-13T03:00:00,82.01,82.01
2026-05-13T04:00:00,83.33,83.33
2026-05-13T05:00:00,83.33,83.33
2026-05-13T06:00:00,83.09,83.09
2026-05-13T07:00:00,82.01,82.01
2026-05-13T08:00:00,81.0,81.0
2026-05-13T09:00:00,80.0,80.0
2026-05-13T10:00:00,80.0,80.0
2026-05-13T11:00:00,80.0,80.0
2026-05-13T12:00:00,78.85,78.85
2026-05-13T13:00:00,78.85,78.85
2026-05-13T14:00:00,80.0,80.0
2026-05-13T15:00:00,80.0,80.0
2026-05-13T16:00:00,80.43,80.43
2026-05-13T17:00:00,80.43,80.43
2026-05-13T18:00:00,81.0,81.0
2026-05-13T19:00:00,81.71,81.71
2026-05-13T20:00:00,82.01,82.01
2026-05-13T21:00:00,82.37,82.37
2026-05-13T22:00:00,82.85,82.85
2026-05-13T23:00:00,83.81,83.81
2026-05-14T00:00:00,111.03,111.03
2026-05-14T01:00:00,108.29,108.29
2026-05-14T02:00:00,102.56,102.56
2026-05-14T03:00:00,99.0,99.0
2026-05-14T04:00:00,105.0,105.0
2026-05-14T05:00:00,102.66,102.66
2026-05-14T06:00:00,100.0,100.0
2026-05-14T07:00:00,97.58,97.58
2026-05-14T08:00:00,99.0,99.0
2026-05-14T09:00:00,97.58,97.58
2026-05-14T10:00:00,96.72,96.72
2026-05-14T11:00:00,95.92,95.92
2026-05-14T12:00:00,96.72,96.72
2026-05-14T13:00:00,95.0,95.0
2026-05-14T14:00:00,94.87,94.87
2026-05-14T15:00:00,94.87,94.87
2026-05-14T16:00:00,92.2,92.2
2026-05-14T17:00:00,92.17,92.17
2026-05-14T18:00:00,92.94,92.94
2026-05-14T19:00:00,94.0,94.0
2026-05-14T20:00:00,90.87,90.87
2026-05-14T21:00:00,91.33,91.33
2026-05-14T22:00:00,92.0,92.0
2026-05-14T23:00:00,94.2,94.2
2026-05-15T00:00:00,90.0,90.0
2026-05-15T01:00:00,84.04,84.04
2026-05-15T02:00:00,75.1,75.1
2026-05-15T03:00:00,74.02,74.02
2026-05-15T04:00:00,73.92,73.92
2026-05-15T05:00:00,72.08,72.08
2026-05-15T06:00:00,70.01,70.01
2026-05-15T07:00:00,65.2,65.2
2026-05-15T08:00:00,68.36,68.36
2026-05-15T09:00:00,65.15,65.15
2026-05-15T10:00:00,59.66,59.66
2026-05-15T11:00:00,55.45,55.45
2026-05-15T12:00:00,58.25,58.25
2026-05-15T13:00:00,50.0,50.0
2026-05-15T14:00:00,47.6,47.6
2026-05-15T15:00:00,41.31,41.31
2026-05-15T16:00:00,44.5,44.5
2026-05-15T17:00:00,40.1,40.1
2026-05-15T18:00:00,40.1,40.1
2026-05-15T19:00:00,40.1,40.1
2026-05-15T20:00:00,45.0,45.0
2026-05-15T21:00:00,45.0,45.0
2026-05-15T22:00:00,50.0,50.0
2026-05-15T23:00:00,50.0,50.0
2026-05-16T00:00:00,86.3,86.3
2026-05-16T01:00:00,84.5,84.5
2026-05-16T02:00:00,71.94,71.94
2026-05-16T03:00:00,68.78,68.78
2026-05-16T04:00:00,72.85,72.85
2026-05-16T05:00:00,70.36,70.36
2026-05-16T06:00:00,70.01,70.01
2026-05-16T07:00:00,70.0,70.0
2026-05-16T08:00:00,73.93,73.93
2026-05-16T09:00:00,70.96,70.96
2026-05-16T10:00:00,70.01,70.01
2026-05-16T11:00:00,68.78,68.78
2026-05-16T12:00:00,70.98,70.98
2026-05-16T13:00:00,70.0,70.0
2026-05-16T14:00:00,70.0,70.0
2026-05-16T15:00:00,69.0,69.0
2026-05-16T16:00:00,67.2,67.2
2026-05-16T17:00:00,65.5,65.5
2026-05-16T18:00:00,62.93,62.93
2026-05-16T19:00:00,64.27,64.27
2026-05-16T20:00:00,63.61,63.61
2026-05-16T21:00:00,63.93,63.93
2026-05-16T22:00:00,65.42,65.42
2026-05-16T23:00:00,67.96,67.96
2026-05-17T00:00:00,98.93,98.93
2026-05-17T01:00:00,97.19,97.19
2026-05-17T02:00:00,90.04,90.04
2026-05-17T03:00:00,89.84,89.84
2026-05-17T04:00:00,90.9,90.9
2026-05-17T05:00:00,88.13,88.13
2026-05-17T06:00:00,86.3,86.3
2026-05-17T07:00:00,83.54,83.54
2026-05-17T08:00:00,83.54,83.54
2026-05-17T09:00:00,77.7,77.7
2026-05-17T10:00:00,73.58,73.58
2026-05-17T11:00:00,69.81,69.81
2026-05-17T12:00:00,70.0,70.0
2026-05-17T13:00:00,64.76,64.76
2026-05-17T14:00:00,68.0,68.0
2026-05-17T15:00:00,61.38,61.38
2026-05-17T16:00:00,70.01,70.01
2026-05-17T17:00:00,70.0,70.0
2026-05-17T18:00:00,69.62,69.62
2026-05-17T19:00:00,70.37,70.37
2026-05-17T20:00:00,70.01,70.01
2026-05-17T21:00:00,70.96,70.96
2026-05-17T22:00:00,70.0,70.0
2026-05-17T23:00:00,70.96,70.96
2026-05-18T00:00:00,99.66,99.66
2026-05-18T01:00:00,96.09,96.09
2026-05-18T02:00:00,88.94,88.94
2026-05-18T03:00:00,87.36,87.36
2026-05-18T04:00:00,87.74,87.74
2026-05-18T05:00:00,87.26,87.26
2026-05-18T06:00:00,87.36,87.36
2026-05-18T07:00:00,86.54,86.54
2026-05-18T08:00:00,85.7,85.7
2026-05-18T09:00:00,83.07,83.07
2026-05-18T10:00:00,82.51,82.51
2026-05-18T11:00:00,81.76,81.76
2026-05-18T12:00:00,84.0,84.0
2026-05-18T13:00:00,77.8,77.8
2026-05-18T14:00:00,77.98,77.98
2026-05-18T15:00:00,77.7,77.7
2026-05-18T16:00:00,77.26,77.26
2026-05-18T17:00:00,77.7,77.7
2026-05-18T18:00:00,84.0,84.0
2026-05-18T19:00:00,85.7,85.7
2026-05-18T20:00:00,85.66,85.66
2026-05-18T21:00:00,86.54,86.54
2026-05-18T22:00:00,87.02,87.02
2026-05-18T23:00:00,88.94,88.94
2026-05-19T00:00:00,106.5,106.5
2026-05-19T01:00:00,99.79,99.79
2026-05-19T02:00:00,90.1,90.1
2026-05-19T03:00:00,85.0,85.0
2026-05-19T04:00:00,87.0,87.0
2026-05-19T05:00:00,74.94,74.94
2026-05-19T06:00:00,73.36,73.36
2026-05-19T07:00:00,64.16,64.16
2026-05-19T08:00:00,71.78,71.78
2026-05-19T09:00:00,64.26,64.26
2026-05-19T10:00:00,64.03,64.03
2026-05-19T11:00:00,63.78,63.78
2026-05-19T12:00:00,63.78,63.78
2026-05-19T13:00:00,63.78,63.78
2026-05-19T14:00:00,63.54,63.54
2026-05-19T15:00:00,54.77,54.77
2026-05-19T16:00:00,54.43,54.43
2026-05-19T17:00:00,50.0,50.0
2026-05-19T18:00:00,50.0,50.0
2026-05-19T19:00:00,46.76,46.76
2026-05-19T20:00:00,58.44,58.44
2026-05-19T21:00:00,63.54,63.54
2026-05-19T22:00:00,54.3,54.3
2026-05-19T23:00:00,63.54,63.54
2026-05-20T00:00:00,98.7,98.7
2026-05-20T01:00:00,96.8,96.8
2026-05-20T02:00:00,96.35,96.35
2026-05-20T03:00:00,90.1,90.1
2026-05-20T04:00:00,94.0,94.0
2026-05-20T05:00:00,88.74,88.74
2026-05-20T06:00:00,86.55,86.55
2026-05-20T07:00:00,85.86,85.86
2026-05-20T08:00:00,85.1,85.1
2026-05-20T09:00:00,83.78,83.78
2026-05-20T10:00:00,80.0,80.0
2026-05-20T11:00:00,79.69,79.69
2026-05-20T12:00:00,77.5,77.5
2026-05-20T13:00:00,77.5,77.5
2026-05-20T14:00:00,77.26,77.26
2026-05-20T15:00:00,77.26,77.26
2026-05-20T16:00:00,76.02,76.02
2026-05-20T17:00:00,76.02,76.02
2026-05-20T18:00:00,76.54,76.54
2026-05-20T19:00:00,76.78,76.78
2026-05-20T20:00:00,76.78,76.78
2026-05-20T21:00:00,77.26,77.26
2026-05-20T22:00:00,77.74,77.74
2026-05-20T23:00:00,84.0,84.0
2026-05-21T00:00:00,124.6,124.6
2026-05-21T01:00:00,119.44,119.44
2026-05-21T02:00:00,106.12,106.12
2026-05-21T03:00:00,98.59,98.59
2026-05-21T04:00:00,106.0,106.0
2026-05-21T05:00:00,99.19,99.19
2026-05-21T06:00:00,98.89,98.89
2026-05-21T07:00:00,93.17,93.17
2026-05-21T08:00:00,100.34,100.34
2026-05-21T09:00:00,98.74,98.74
2026-05-21T10:00:00,95.0,95.0
2026-05-21T11:00:00,90.0,90.0
2026-05-21T12:00:00,90.1,90.1
2026-05-21T13:00:00,88.0,88.0
2026-05-21T14:00:00,86.3,86.3
2026-05-21T15:00:00,84.56,84.56
2026-05-21T16:00:00,82.36,82.36
2026-05-21T17:00:00,81.74,81.74
2026-05-21T18:00:00,82.36,82.36
2026-05-21T19:00:00,85.7,85.7
2026-05-21T20:00:00,88.7,88.7
2026-05-21T21:00:00,90.0,90.0
2026-05-21T22:00:00,94.81,94.81
2026-05-21T23:00:00,96.57,96.57
2026-05-22T00:00:00,120.0,120.0
2026-05-22T01:00:00,116.04,116.04
2026-05-22T02:00:00,109.23,109.23
2026-05-22T03:00:00,96.17,96.17
2026-05-22T04:00:00,105.87,105.87
2026-05-22T05:00:00,99.0,99.0
2026-05-22T06:00:00,95.82,95.82
2026-05-22T07:00:00,90.69,90.69
2026-05-22T08:00:00,90.69,90.69
2026-05-22T09:00:00,85.1,85.1
2026-05-22T10:00:00,81.56,81.56
2026-05-22T11:00:00,80.36,80.36
2026-05-22T12:00:00,85.0,85.0
2026-05-22T13:00:00,81.56,81.56
2026-05-22T14:00:00,81.56,81.56
2026-05-22T15:00:00,80.36,80.36
2026-05-22T16:00:00,81.56,81.56
2026-05-22T17:00:00,80.84,80.84
2026-05-22T18:00:00,81.56,81.56
2026-05-22T19:00:00,83.14,83.14
2026-05-22T20:00:00,83.14,83.14
2026-05-22T21:00:00,85.3,85.3
2026-05-22T22:00:00,88.87,88.87
2026-05-22T23:00:00,95.57,95.57
2026-05-23T00:00:00,115.0,115.0
2026-05-23T01:00:00,110.0,110.0
2026-05-23T02:00:00,97.55,97.55
2026-05-23T03:00:00,91.37,91.37
2026-05-23T04:00:00,89.62,89.62
2026-05-23T05:00:00,85.0,85.0
2026-05-23T06:00:00,80.0,80.0
2026-05-23T07:00:00,67.14,67.14
2026-05-23T08:00:00,65.56,65.56
2026-05-23T09:00:00,62.4,62.4
2026-05-23T10:00:00,61.88,61.88
2026-05-23T11:00:00,54.39,54.39
2026-05-23T12:00:00,49.81,49.81
2026-05-23T13:00:00,45.98,45.98
2026-05-23T14:00:00,45.98,45.98
2026-05-23T15:00:00,45.73,45.73
2026-05-23T16:00:00,50.0,50.0
2026-05-23T17:00:00,50.0,50.0
2026-05-23T18:00:00,50.0,50.0
2026-05-23T19:00:00,50.0,50.0
2026-05-23T20:00:00,45.98,45.98
2026-05-23T21:00:00,46.19,46.19
2026-05-23T22:00:00,44.78,44.78
2026-05-23T23:00:00,45.73,45.73
2026-05-24T00:00:00,77.99,77.99
2026-05-24T01:00:00,71.4,71.4
2026-05-24T02:00:00,56.88,56.88
2026-05-24T03:00:00,50.0,50.0
2026-05-24T04:00:00,54.0,54.0
2026-05-24T05:00:00,45.0,45.0
2026-05-24T06:00:00,40.5,40.5
2026-05-24T07:00:00,35.02,35.02
2026-05-24T08:00:00,35.02,35.02
2026-05-24T09:00:00,35.02,35.02
2026-05-24T10:00:00,35.02,35.02
2026-05-24T11:00:00,35.02,35.02
2026-05-24T12:00:00,35.02,35.02
2026-05-24T13:00:00,35.01,35.01
2026-05-24T14:00:00,35.01,35.01
2026-05-24T15:00:00,35.01,35.01
2026-05-24T16:00:00,35.01,35.01
2026-05-24T17:00:00,35.01,35.01
2026-05-24T18:00:00,35.01,35.01
2026-05-24T19:00:00,35.01,35.01
2026-05-24T20:00:00,35.02,35.02
2026-05-24T21:00:00,35.02,35.02
2026-05-24T22:00:00,35.02,35.02
2026-05-24T23:00:00,35.02,35.02
2026-05-25T00:00:00,50.0,50.0
2026-05-25T01:00:00,36.5,36.5
2026-05-25T02:00:00,35.21,35.21
2026-05-25T03:00:00,30.2,30.2
2026-05-25T04:00:00,41.0,41.0
2026-05-25T05:00:00,34.66,34.66
2026-05-25T06:00:00,34.77,34.77
2026-05-25T07:00:00,27.84,27.84
2026-05-25T08:00:00,25.0,25.0
2026-05-25T09:00:00,24.16,24.16
2026-05-25T10:00:00,24.16,24.16
2026-05-25T11:00:00,24.16,24.16
2026-05-25T12:00:00,24.16,24.16
2026-05-25T13:00:00,24.15,24.15
2026-05-25T14:00:00,20.52,20.52
2026-05-25T15:00:00,28.54,28.54
2026-05-25T16:00:00,24.16,24.16
2026-05-25T17:00:00,24.16,24.16
2026-05-25T18:00:00,24.97,24.97
2026-05-25T19:00:00,25.0,25.0
2026-05-25T20:00:00,29.9,29.9
2026-05-25T21:00:00,30.0,30.0
2026-05-25T22:00:00,32.9,32.9
2026-05-25T23:00:00,35.0,35.0
2026-05-26T00:00:00,102.67,102.67
2026-05-26T01:00:00,98.76,98.76
2026-05-26T02:00:00,88.0,88.0
2026-05-26T03:00:00,82.6,82.6
2026-05-26T04:00:00,90.2,90.2
2026-05-26T05:00:00,88.13,88.13
2026-05-26T06:00:00,88.13,88.13
2026-05-26T07:00:00,82.6,82.6
2026-05-26T08:00:00,82.84,82.84
2026-05-26T09:00:00,82.6,82.6
2026-05-26T10:00:00,82.36,82.36
2026-05-26T11:00:00,81.88,81.88
2026-05-26T12:00:00,81.88,81.88
2026-05-26T13:00:00,81.88,81.88
2026-05-26T14:00:00,81.88,81.88
2026-05-26T15:00:00,81.88,81.88
2026-05-26T16:00:00,81.64,81.64
2026-05-26T17:00:00,81.64,81.64
2026-05-26T18:00:00,81.88,81.88
2026-05-26T19:00:00,82.12,82.12
2026-05-26T20:00:00,81.18,81.18
2026-05-26T21:00:00,81.88,81.88
2026-05-26T22:00:00,82.76,82.76
2026-05-26T23:00:00,88.28,88.28
2026-05-27T00:00:00,140.52,140.52
2026-05-27T01:00:00,135.84,135.84
2026-05-27T02:00:00,130.01,130.01
2026-05-27T03:00:00,129.71,129.71
2026-05-27T04:00:00,129.71,129.71
2026-05-27T05:00:00,125.01,125.01
2026-05-27T06:00:00,125.01,125.01
2026-05-27T07:00:00,118.02,118.02
2026-05-27T08:00:00,119.0,119.0
2026-05-27T09:00:00,116.42,116.42
2026-05-27T10:00:00,112.0,112.0
2026-05-27T11:00:00,108.71,108.71
2026-05-27T12:00:00,110.21,110.21
2026-05-27T13:00:00,110.0,110.0
2026-05-27T14:00:00,110.21,110.21
2026-05-27T15:00:00,110.0,110.0
2026-05-27T16:00:00,108.71,108.71
2026-05-27T17:00:00,108.71,108.71
2026-05-27T18:00:00,110.0,110.0
2026-05-27T19:00:00,110.21,110.21
2026-05-27T20:00:00,110.21,110.21
2026-05-27T21:00:00,110.99,110.99
2026-05-27T22:00:00,111.71,111.71
2026-05-27T23:00:00,115.0,115.0
2026-05-28T00:00:00,115.4,115.4
2026-05-28T01:00:00,110.92,110.92
2026-05-28T02:00:00,107.92,107.92
2026-05-28T03:00:00,105.64,105.64
2026-05-28T04:00:00,108.36,108.36
2026-05-28T05:00:00,107.92,107.92
2026-05-28T06:00:00,107.88,107.88
2026-05-28T07:00:00,105.64,105.64
2026-05-28T08:00:00,105.76,105.76
2026-05-28T09:00:00,105.17,105.17
2026-05-28T10:00:00,104.0,104.0
2026-05-28T11:00:00,102.6,102.6
2026-05-28T12:00:00,104.18,104.18
2026-05-28T13:00:00,104.18,104.18
2026-05-28T14:00:00,104.18,104.18
2026-05-28T15:00:00,104.89,104.89
2026-05-28T16:00:00,104.18,104.18
2026-05-28T17:00:00,105.0,105.0
2026-05-28T18:00:00,106.94,106.94
2026-05-28T19:00:00,107.88,107.88
2026-05-28T20:00:00,108.6,108.6
2026-05-28T21:00:00,110.51,110.51
2026-05-28T22:00:00,115.23,115.23
2026-05-28T23:00:00,120.67,120.67
2026-05-29T00:00:00,140.4,140.4
2026-05-29T01:00:00,136.43,136.43
2026-05-29T02:00:00,127.25,127.25
2026-05-29T03:00:00,126.36,126.36
2026-05-29T04:00:00,126.36,126.36
2026-05-29T05:00:00,126.36,126.36
2026-05-29T06:00:00,126.36,126.36
2026-05-29T07:00:00,123.86,123.86
2026-05-29T08:00:00,125.01,125.01
2026-05-29T09:00:00,120.0,120.0
2026-05-29T10:00:00,119.57,119.57
2026-05-29T11:00:00,118.11,118.11
2026-05-29T12:00:00,117.27,117.27
2026-05-29T13:00:00,115.88,115.88
2026-05-29T14:00:00,115.0,115.0
2026-05-29T15:00:00,111.21,111.21
2026-05-29T16:00:00,110.76,110.76
2026-05-29T17:00:00,110.76,110.76
2026-05-29T18:00:00,110.76,110.76
2026-05-29T19:00:00,112.49,112.49
2026-05-29T20:00:00,114.25,114.25
2026-05-29T21:00:00,118.02,118.02
2026-05-29T22:00:00,119.11,119.11
2026-05-29T23:00:00,120.0,120.0
2026-05-30T00:00:00,130.0,130.0
2026-05-30T01:00:00,127.98,127.98
2026-05-30T02:00:00,120.24,120.24
2026-05-30T03:00:00,115.0,115.0
2026-05-30T04:00:00,115.0,115.0
2026-05-30T05:00:00,111.2,111.2
2026-05-30T06:00:00,111.55,111.55
2026-05-30T07:00:00,109.7,109.7
2026-05-30T08:00:00,111.23,111.23
2026-05-30T09:00:00,108.57,108.57
2026-05-30T10:00:00,105.0,105.0
2026-05-30T11:00:00,103.69,103.69
2026-05-30T12:00:00,105.0,105.0
2026-05-30T13:00:00,105.0,105.0
2026-05-30T14:00:00,105.0,105.0
2026-05-30T15:00:00,104.44,104.44
2026-05-30T16:00:00,114.6,114.6
2026-05-30T17:00:00,114.6,114.6
2026-05-30T18:00:00,114.6,114.6
2026-05-30T19:00:00,115.0,115.0
2026-05-30T20:00:00,115.0,115.0
2026-05-30T21:00:00,115.2,115.2
2026-05-30T22:00:00,115.45,115.45
2026-05-30T23:00:00,115.7,115.7
2026-05-31T00:00:00,104.67,104.67
2026-05-31T01:00:00,100.66,100.66
2026-05-31T02:00:00,99.86,99.86
2026-05-31T03:00:00,96.7,96.7
2026-05-31T04:00:00,99.86,99.86
2026-05-31T05:00:00,94.0,94.0
2026-05-31T06:00:00,93.84,93.84
2026-05-31T07:00:00,85.92,85.92
2026-05-31T08:00:00,85.62,85.62
2026-05-31T09:00:00,80.0,80.0
2026-05-31T10:00:00,82.0,82.0
2026-05-31T11:00:00,73.1,73.1
2026-05-31T12:00:00,85.47,85.47
2026-05-31T13:00:00,85.32,85.32
2026-05-31T14:00:00,81.88,81.88
2026-05-31T15:00:00,79.33,79.33
2026-05-31T16:00:00,73.1,73.1
2026-05-31T17:00:00,73.1,73.1
2026-05-31T18:00:00,72.89,72.89
2026-05-31T19:00:00,72.89,72.89
2026-05-31T20:00:00,72.89,72.89
2026-05-31T21:00:00,72.89,72.89
2026-05-31T22:00:00,72.89,72.89
2026-05-31T23:00:00,72.89,72.89
2026-06-01T00:00:00,80.0,80.0
2026-06-01T01:00:00,80.0,80.0
2026-06-01T02:00:00,82.31,82.31
2026-06-01T03:00:00,80.0,80.0
2026-06-01T04:00:00,85.62,85.62
2026-06-01T05:00:00,75.0,75.0
2026-06-01T06:00:00,63.5,63.5
2026-06-01T07:00:00,50.0,50.0
2026-06-01T08:00:00,43.37,43.37
2026-06-01T09:00:00,27.06,27.06
2026-06-01T10:00:00,10.9,10.9
2026-06-01T11:00:00,1.0,1.0
2026-06-01T12:00:00,8.17,8.17
2026-06-01T13:00:00,0.84,0.84
2026-06-01T14:00:00,0.0,0.0
2026-06-01T15:00:00,0.0,0.0
2026-06-01T16:00:00,0.0,0.0
2026-06-01T17:00:00,0.0,0.0
2026-06-01T18:00:00,0.0,0.0
2026-06-01T19:00:00,0.0,0.0
2026-06-01T20:00:00,0.0,0.0
2026-06-01T21:00:00,0.0,0.0
2026-06-01T22:00:00,0.0,0.0
2026-06-01T23:00:00,-0.01,-0.01
2026-06-02T00:00:00,-0.01,-0.01
2026-06-02T01:00:00,-0.01,-0.01
2026-06-02T02:00:00,-0.01,-0.01
2026-06-02T03:00:00,-0.01,-0.01
2026-06-02T04:00:00,-0.01,-0.01
2026-06-02T05:00:00,-0.01,-0.01
2026-06-02T06:00:00,-0.01,-0.01
2026-06-02T07:00:00,-0.01,-0.01
2026-06-02T08:00:00,-0.01,-0.01
2026-06-02T09:00:00,-0.01,-0.01
2026-06-02T10:00:00,-0.01,-0.01
2026-06-02T11:00:00,-0.05,-0.05
2026-06-02T12:00:00,-0.3,-0.3
2026-06-02T13:00:00,-0.49,-0.49
2026-06-02T14:00:00,-0.3,-0.3
2026-06-02T15:00:00,-0.3,-0.3
2026-06-02T16:00:00,-0.05,-0.05
2026-06-02T17:00:00,-0.01,-0.01
2026-06-02T18:00:00,-0.01,-0.01
2026-06-02T19:00:00,-0.01,-0.01
2026-06-02T20:00:00,-0.01,-0.01
2026-06-02T21:00:00,-0.01,-0.01
2026-06-02T22:00:00,0.0,0.0
2026-06-02T23:00:00,0.0,0.0
2026-06-03T00:00:00,0.01,0.01
2026-06-03T01:00:00,0.84,0.84
2026-06-03T02:00:00,1.55,1.55
2026-06-03T03:00:00,13.1,13.1
2026-06-03T04:00:00,5.59,5.59
2026-06-03T05:00:00,24.46,24.46
2026-06-03T06:00:00,41.08,41.08
2026-06-03T07:00:00,56.5,56.5
2026-06-03T08:00:00,39.93,39.93
2026-06-03T09:00:00,63.24,63.24
2026-06-03T10:00:00,72.89,72.89
2026-06-03T11:00:00,85.92,85.92
2026-06-03T12:00:00,95.0,95.0
2026-06-03T13:00:00,99.86,99.86
2026-06-03T14:00:00,100.18,100.18
2026-06-03T15:00:00,100.42,100.42
2026-06-03T16:00:00,100.72,100.72
2026-06-03T17:00:00,100.8,100.8
2026-06-03T18:00:00,104.67,104.67
2026-06-03T19:00:00,100.42,100.42
2026-06-03T20:00:00,98.28,98.28
2026-06-03T21:00:00,89.8,89.8
2026-06-03T22:00:00,92.61,92.61
2026-06-03T23:00:00,85.32,85.32
